tanggal,hari,product_id,product_name,kategori,satuan,harga_normal,diskon_persen,harga_jual,cogs,quantity_sold,lost_sales,revenue,gross_profit,stock_awal,restock_diterima,stock_akhir,restock_dipesan,expired_qty,tanggal_kedaluwarsa,days_to_expiry,is_periode_gajian,is_ramadan
2025-08-18,Senin,SKU001,Minyak Goreng Kemasan 2L,Sembako,botol,34000,0.0,34000,28500,11,0,374000,60500,121,0,110,0,0,2026-08-29,376,0,0
2025-08-19,Selasa,SKU001,Minyak Goreng Kemasan 2L,Sembako,botol,34000,0.0,34000,28500,18,0,612000,99000,110,0,92,0,0,2026-08-29,375,0,0
2025-08-20,Rabu,SKU001,Minyak Goreng Kemasan 2L,Sembako,botol,34000,0.0,34000,28500,15,0,510000,82500,92,0,77,0,0,2026-08-29,374,0,0
2025-08-21,Kamis,SKU001,Minyak Goreng Kemasan 2L,Sembako,botol,34000,0.0,34000,28500,20,0,680000,110000,77,0,57,0,0,2026-08-29,373,0,0
2025-08-22,Jumat,SKU001,Minyak Goreng Kemasan 2L,Sembako,botol,34000,0.0,34000,28500,22,0,748000,121000,57,0,35,150,0,2026-08-29,372,0,0
2025-08-23,Sabtu,SKU001,Minyak Goreng Kemasan 2L,Sembako,botol,34000,5.0,32300,28500,23,0,742900,87400,35,0,12,0,0,2026-08-29,371,0,0
2025-08-24,Minggu,SKU001,Minyak Goreng Kemasan 2L,Sembako,botol,34000,0.0,34000,28500,17,0,578000,93500,162,150,145,0,0,2027-02-15,540,0,0
2025-08-25,Senin,SKU001,Minyak Goreng Kemasan 2L,Sembako,botol,34000,14.88,28900,28500,38,0,1098200,15200,145,0,107,0,0,2027-02-15,539,1,0
2025-08-26,Selasa,SKU001,Minyak Goreng Kemasan 2L,Sembako,botol,34000,14.88,28900,28500,32,0,924800,12800,107,0,75,0,0,2027-02-15,538,1,0
2025-08-27,Rabu,SKU001,Minyak Goreng Kemasan 2L,Sembako,botol,34000,10.0,30600,28500,23,0,703800,48300,75,0,52,150,0,2027-02-15,537,1,0
2025-08-28,Kamis,SKU001,Minyak Goreng Kemasan 2L,Sembako,botol,34000,0.0,34000,28500,23,0,782000,126500,52,0,29,0,0,2027-02-15,536,1,0
2025-08-29,Jumat,SKU001,Minyak Goreng Kemasan 2L,Sembako,botol,34000,0.0,34000,28500,18,0,612000,99000,29,0,11,0,0,2027-02-15,535,1,0
2025-08-30,Sabtu,SKU001,Minyak Goreng Kemasan 2L,Sembako,botol,34000,0.0,34000,28500,28,0,952000,154000,161,150,133,0,0,2027-02-21,540,1,0
2025-08-31,Minggu,SKU001,Minyak Goreng Kemasan 2L,Sembako,botol,34000,0.0,34000,28500,27,0,918000,148500,133,0,106,0,0,2027-02-21,539,1,0
2025-09-01,Senin,SKU001,Minyak Goreng Kemasan 2L,Sembako,botol,34000,0.0,34000,28500,20,0,680000,110000,106,0,86,0,0,2027-02-21,538,1,0
2025-09-02,Selasa,SKU001,Minyak Goreng Kemasan 2L,Sembako,botol,34000,14.88,28900,28500,25,0,722500,10000,86,0,61,0,0,2027-02-21,537,1,0
2025-09-03,Rabu,SKU001,Minyak Goreng Kemasan 2L,Sembako,botol,34000,0.0,34000,28500,23,0,782000,126500,61,0,38,150,0,2027-02-21,536,1,0
2025-09-04,Kamis,SKU001,Minyak Goreng Kemasan 2L,Sembako,botol,34000,12.0,29900,28500,30,0,897000,42000,188,150,158,0,0,2027-02-26,540,1,0
2025-09-05,Jumat,SKU001,Minyak Goreng Kemasan 2L,Sembako,botol,34000,5.0,32300,28500,21,0,678300,79800,158,0,137,0,0,2027-02-26,539,1,0
2025-09-06,Sabtu,SKU001,Minyak Goreng Kemasan 2L,Sembako,botol,34000,0.0,34000,28500,21,0,714000,115500,137,0,116,0,0,2027-02-26,538,0,0
2025-09-07,Minggu,SKU001,Minyak Goreng Kemasan 2L,Sembako,botol,34000,0.0,34000,28500,25,0,850000,137500,116,0,91,0,0,2027-02-26,537,0,0
2025-09-08,Senin,SKU001,Minyak Goreng Kemasan 2L,Sembako,botol,34000,14.88,28900,28500,25,0,722500,10000,91,0,66,0,0,2027-02-26,536,0,0
2025-09-09,Selasa,SKU001,Minyak Goreng Kemasan 2L,Sembako,botol,34000,14.88,28900,28500,27,0,780300,10800,66,0,39,150,0,2027-02-26,535,0,0
2025-09-10,Rabu,SKU001,Minyak Goreng Kemasan 2L,Sembako,botol,34000,0.0,34000,28500,21,0,714000,115500,39,0,18,0,0,2027-02-26,534,0,0
2025-09-11,Kamis,SKU001,Minyak Goreng Kemasan 2L,Sembako,botol,34000,0.0,34000,28500,18,1,612000,99000,18,0,0,0,0,2027-02-26,533,0,0
2025-09-12,Jumat,SKU001,Minyak Goreng Kemasan 2L,Sembako,botol,34000,0.0,34000,28500,16,0,544000,88000,150,150,134,0,0,2027-03-06,540,0,0
2025-09-13,Sabtu,SKU001,Minyak Goreng Kemasan 2L,Sembako,botol,34000,0.0,34000,28500,19,0,646000,104500,134,0,115,0,0,2027-03-06,539,0,0
2025-09-14,Minggu,SKU001,Minyak Goreng Kemasan 2L,Sembako,botol,34000,0.0,34000,28500,26,0,884000,143000,115,0,89,0,0,2027-03-06,538,0,0
2025-09-15,Senin,SKU001,Minyak Goreng Kemasan 2L,Sembako,botol,34000,0.0,34000,28500,16,0,544000,88000,89,0,73,0,0,2027-03-06,537,0,0
2025-09-16,Selasa,SKU001,Minyak Goreng Kemasan 2L,Sembako,botol,34000,10.0,30600,28500,25,0,765000,52500,73,0,48,150,0,2027-03-06,536,0,0
2025-09-17,Rabu,SKU001,Minyak Goreng Kemasan 2L,Sembako,botol,34000,14.88,28900,28500,20,0,578000,8000,48,0,28,0,0,2027-03-06,535,0,0
2025-09-18,Kamis,SKU001,Minyak Goreng Kemasan 2L,Sembako,botol,34000,12.0,29900,28500,16,0,478400,22400,178,150,162,0,0,2027-03-12,540,0,0
2025-09-19,Jumat,SKU001,Minyak Goreng Kemasan 2L,Sembako,botol,34000,14.88,28900,28500,22,0,635800,8800,162,0,140,0,0,2027-03-12,539,0,0
2025-09-20,Sabtu,SKU001,Minyak Goreng Kemasan 2L,Sembako,botol,34000,0.0,34000,28500,18,0,612000,99000,140,0,122,0,0,2027-03-12,538,0,0
2025-09-21,Minggu,SKU001,Minyak Goreng Kemasan 2L,Sembako,botol,34000,0.0,34000,28500,24,0,816000,132000,122,0,98,0,0,2027-03-12,537,0,0
2025-09-22,Senin,SKU001,Minyak Goreng Kemasan 2L,Sembako,botol,34000,14.88,28900,28500,11,0,317900,4400,98,0,87,0,0,2027-03-12,536,0,0
2025-09-23,Selasa,SKU001,Minyak Goreng Kemasan 2L,Sembako,botol,34000,0.0,34000,28500,21,0,714000,115500,87,0,66,0,0,2027-03-12,535,0,0
2025-09-24,Rabu,SKU001,Minyak Goreng Kemasan 2L,Sembako,botol,34000,14.88,28900,28500,25,0,722500,10000,66,0,41,150,0,2027-03-12,534,0,0
2025-09-25,Kamis,SKU001,Minyak Goreng Kemasan 2L,Sembako,botol,34000,14.88,28900,28500,23,0,664700,9200,41,0,18,0,0,2027-03-12,533,1,0
2025-09-26,Jumat,SKU001,Minyak Goreng Kemasan 2L,Sembako,botol,34000,0.0,34000,28500,18,3,612000,99000,18,0,0,0,0,2027-03-12,532,1,0
2025-09-27,Sabtu,SKU001,Minyak Goreng Kemasan 2L,Sembako,botol,34000,0.0,34000,28500,34,0,1156000,187000,150,150,116,0,0,2027-03-21,540,1,0
2025-09-28,Minggu,SKU001,Minyak Goreng Kemasan 2L,Sembako,botol,34000,0.0,34000,28500,21,0,714000,115500,116,0,95,0,0,2027-03-21,539,1,0
2025-09-29,Senin,SKU001,Minyak Goreng Kemasan 2L,Sembako,botol,34000,10.0,30600,28500,21,0,642600,44100,95,0,74,0,0,2027-03-21,538,1,0
2025-09-30,Selasa,SKU001,Minyak Goreng Kemasan 2L,Sembako,botol,34000,0.0,34000,28500,20,0,680000,110000,74,0,54,150,0,2027-03-21,537,1,0
2025-10-01,Rabu,SKU001,Minyak Goreng Kemasan 2L,Sembako,botol,34000,14.88,28900,28500,24,0,693600,9600,204,150,180,0,0,2027-03-25,540,1,0
2025-10-02,Kamis,SKU001,Minyak Goreng Kemasan 2L,Sembako,botol,34000,0.0,34000,28500,28,0,952000,154000,180,0,152,0,0,2027-03-25,539,1,0
2025-10-03,Jumat,SKU001,Minyak Goreng Kemasan 2L,Sembako,botol,34000,14.88,28900,28500,47,0,1358300,18800,152,0,105,0,0,2027-03-25,538,1,0
2025-10-04,Sabtu,SKU001,Minyak Goreng Kemasan 2L,Sembako,botol,34000,0.0,34000,28500,22,0,748000,121000,105,0,83,0,0,2027-03-25,537,1,0
2025-10-05,Minggu,SKU001,Minyak Goreng Kemasan 2L,Sembako,botol,34000,0.0,34000,28500,22,0,748000,121000,83,0,61,0,0,2027-03-25,536,1,0
2025-10-06,Senin,SKU001,Minyak Goreng Kemasan 2L,Sembako,botol,34000,0.0,34000,28500,12,0,408000,66000,61,0,49,150,0,2027-03-25,535,0,0
2025-10-07,Selasa,SKU001,Minyak Goreng Kemasan 2L,Sembako,botol,34000,0.0,34000,28500,16,0,544000,88000,49,0,33,0,0,2027-03-25,534,0,0
2025-10-08,Rabu,SKU001,Minyak Goreng Kemasan 2L,Sembako,botol,34000,14.88,28900,28500,28,0,809200,11200,33,0,5,0,0,2027-03-25,533,0,0
2025-10-09,Kamis,SKU001,Minyak Goreng Kemasan 2L,Sembako,botol,34000,0.0,34000,28500,17,0,578000,93500,155,150,138,0,0,2027-04-02,540,0,0
2025-10-10,Jumat,SKU001,Minyak Goreng Kemasan 2L,Sembako,botol,34000,14.88,28900,28500,23,0,664700,9200,138,0,115,0,0,2027-04-02,539,0,0
2025-10-11,Sabtu,SKU001,Minyak Goreng Kemasan 2L,Sembako,botol,34000,0.0,34000,28500,24,0,816000,132000,115,0,91,0,0,2027-04-02,538,0,0
2025-10-12,Minggu,SKU001,Minyak Goreng Kemasan 2L,Sembako,botol,34000,0.0,34000,28500,26,0,884000,143000,91,0,65,0,0,2027-04-02,537,0,0
2025-10-13,Senin,SKU001,Minyak Goreng Kemasan 2L,Sembako,botol,34000,5.0,32300,28500,20,0,646000,76000,65,0,45,150,0,2027-04-02,536,0,0
2025-10-14,Selasa,SKU001,Minyak Goreng Kemasan 2L,Sembako,botol,34000,0.0,34000,28500,10,0,340000,55000,195,150,185,0,0,2027-04-07,540,0,0
2025-10-15,Rabu,SKU001,Minyak Goreng Kemasan 2L,Sembako,botol,34000,5.0,32300,28500,23,0,742900,87400,185,0,162,0,0,2027-04-07,539,0,0
2025-10-16,Kamis,SKU001,Minyak Goreng Kemasan 2L,Sembako,botol,34000,0.0,34000,28500,11,0,374000,60500,162,0,151,0,0,2027-04-07,538,0,0
2025-10-17,Jumat,SKU001,Minyak Goreng Kemasan 2L,Sembako,botol,34000,0.0,34000,28500,23,0,782000,126500,151,0,128,0,0,2027-04-07,537,0,0
2025-10-18,Sabtu,SKU001,Minyak Goreng Kemasan 2L,Sembako,botol,34000,0.0,34000,28500,17,0,578000,93500,128,0,111,0,0,2027-04-07,536,0,0
2025-10-19,Minggu,SKU001,Minyak Goreng Kemasan 2L,Sembako,botol,34000,0.0,34000,28500,24,0,816000,132000,111,0,87,0,0,2027-04-07,535,0,0
2025-10-20,Senin,SKU001,Minyak Goreng Kemasan 2L,Sembako,botol,34000,0.0,34000,28500,17,0,578000,93500,87,0,70,0,0,2027-04-07,534,0,0
2025-10-21,Selasa,SKU001,Minyak Goreng Kemasan 2L,Sembako,botol,34000,0.0,34000,28500,16,0,544000,88000,70,0,54,150,0,2027-04-07,533,0,0
2025-10-22,Rabu,SKU001,Minyak Goreng Kemasan 2L,Sembako,botol,34000,0.0,34000,28500,18,0,612000,99000,54,0,36,0,0,2027-04-07,532,0,0
2025-10-23,Kamis,SKU001,Minyak Goreng Kemasan 2L,Sembako,botol,34000,14.88,28900,28500,22,0,635800,8800,36,0,14,0,0,2027-04-07,531,0,0
2025-10-24,Jumat,SKU001,Minyak Goreng Kemasan 2L,Sembako,botol,34000,0.0,34000,28500,21,0,714000,115500,164,150,143,0,0,2027-04-17,540,0,0
2025-10-25,Sabtu,SKU001,Minyak Goreng Kemasan 2L,Sembako,botol,34000,0.0,34000,28500,46,0,1564000,253000,143,0,97,0,0,2027-04-17,539,1,0
2025-10-26,Minggu,SKU001,Minyak Goreng Kemasan 2L,Sembako,botol,34000,0.0,34000,28500,28,0,952000,154000,97,0,69,0,0,2027-04-17,538,1,0
2025-10-27,Senin,SKU001,Minyak Goreng Kemasan 2L,Sembako,botol,34000,0.0,34000,28500,15,0,510000,82500,69,0,54,150,0,2027-04-17,537,1,0
2025-10-28,Selasa,SKU001,Minyak Goreng Kemasan 2L,Sembako,botol,34000,14.88,28900,28500,36,0,1040400,14400,54,0,18,0,0,2027-04-17,536,1,0
2025-10-29,Rabu,SKU001,Minyak Goreng Kemasan 2L,Sembako,botol,34000,0.0,34000,28500,27,0,918000,148500,168,150,141,0,0,2027-04-22,540,1,0
2025-10-30,Kamis,SKU001,Minyak Goreng Kemasan 2L,Sembako,botol,34000,0.0,34000,28500,15,0,510000,82500,141,0,126,0,0,2027-04-22,539,1,0
2025-10-31,Jumat,SKU001,Minyak Goreng Kemasan 2L,Sembako,botol,34000,14.88,28900,28500,48,0,1387200,19200,126,0,78,0,0,2027-04-22,538,1,0
2025-11-01,Sabtu,SKU001,Minyak Goreng Kemasan 2L,Sembako,botol,34000,0.0,34000,28500,34,0,1156000,187000,78,0,44,150,0,2027-04-22,537,1,0
2025-11-02,Minggu,SKU001,Minyak Goreng Kemasan 2L,Sembako,botol,34000,10.0,30600,28500,44,2,1346400,92400,44,0,0,0,0,2027-04-22,536,1,0
2025-11-03,Senin,SKU001,Minyak Goreng Kemasan 2L,Sembako,botol,34000,0.0,34000,28500,24,0,816000,132000,150,150,126,0,0,2027-04-27,540,1,0
2025-11-04,Selasa,SKU001,Minyak Goreng Kemasan 2L,Sembako,botol,34000,0.0,34000,28500,24,0,816000,132000,126,0,102,0,0,2027-04-27,539,1,0
2025-11-05,Rabu,SKU001,Minyak Goreng Kemasan 2L,Sembako,botol,34000,0.0,34000,28500,24,0,816000,132000,102,0,78,0,0,2027-04-27,538,1,0
2025-11-06,Kamis,SKU001,Minyak Goreng Kemasan 2L,Sembako,botol,34000,0.0,34000,28500,20,0,680000,110000,78,0,58,0,0,2027-04-27,537,0,0
2025-11-07,Jumat,SKU001,Minyak Goreng Kemasan 2L,Sembako,botol,34000,0.0,34000,28500,19,0,646000,104500,58,0,39,150,0,2027-04-27,536,0,0
2025-11-08,Sabtu,SKU001,Minyak Goreng Kemasan 2L,Sembako,botol,34000,0.0,34000,28500,25,0,850000,137500,189,150,164,0,0,2027-05-02,540,0,0
2025-11-09,Minggu,SKU001,Minyak Goreng Kemasan 2L,Sembako,botol,34000,0.0,34000,28500,20,0,680000,110000,164,0,144,0,0,2027-05-02,539,0,0
2025-11-10,Senin,SKU001,Minyak Goreng Kemasan 2L,Sembako,botol,34000,0.0,34000,28500,25,0,850000,137500,144,0,119,0,0,2027-05-02,538,0,0
2025-11-11,Selasa,SKU001,Minyak Goreng Kemasan 2L,Sembako,botol,34000,5.0,32300,28500,20,0,646000,76000,119,0,99,0,0,2027-05-02,537,0,0
2025-11-12,Rabu,SKU001,Minyak Goreng Kemasan 2L,Sembako,botol,34000,5.0,32300,28500,19,0,613700,72200,99,0,80,0,0,2027-05-02,536,0,0
2025-11-13,Kamis,SKU001,Minyak Goreng Kemasan 2L,Sembako,botol,34000,0.0,34000,28500,9,0,306000,49500,80,0,71,0,0,2027-05-02,535,0,0
2025-11-14,Jumat,SKU001,Minyak Goreng Kemasan 2L,Sembako,botol,34000,14.88,28900,28500,35,0,1011500,14000,71,0,36,150,0,2027-05-02,534,0,0
2025-11-15,Sabtu,SKU001,Minyak Goreng Kemasan 2L,Sembako,botol,34000,0.0,34000,28500,16,0,544000,88000,36,0,20,0,0,2027-05-02,533,0,0
2025-11-16,Minggu,SKU001,Minyak Goreng Kemasan 2L,Sembako,botol,34000,0.0,34000,28500,19,0,646000,104500,170,150,151,0,0,2027-05-10,540,0,0
2025-11-17,Senin,SKU001,Minyak Goreng Kemasan 2L,Sembako,botol,34000,14.88,28900,28500,17,0,491300,6800,151,0,134,0,0,2027-05-10,539,0,0
2025-11-18,Selasa,SKU001,Minyak Goreng Kemasan 2L,Sembako,botol,34000,0.0,34000,28500,13,0,442000,71500,134,0,121,0,0,2027-05-10,538,0,0
2025-11-19,Rabu,SKU001,Minyak Goreng Kemasan 2L,Sembako,botol,34000,0.0,34000,28500,23,0,782000,126500,121,0,98,0,0,2027-05-10,537,0,0
2025-11-20,Kamis,SKU001,Minyak Goreng Kemasan 2L,Sembako,botol,34000,0.0,34000,28500,17,0,578000,93500,98,0,81,0,0,2027-05-10,536,0,0
2025-11-21,Jumat,SKU001,Minyak Goreng Kemasan 2L,Sembako,botol,34000,8.0,31300,28500,21,0,657300,58800,81,0,60,0,0,2027-05-10,535,0,0
2025-11-22,Sabtu,SKU001,Minyak Goreng Kemasan 2L,Sembako,botol,34000,0.0,34000,28500,21,0,714000,115500,60,0,39,150,0,2027-05-10,534,0,0
2025-11-23,Minggu,SKU001,Minyak Goreng Kemasan 2L,Sembako,botol,34000,14.88,28900,28500,26,0,751400,10400,39,0,13,0,0,2027-05-10,533,0,0
2025-11-24,Senin,SKU001,Minyak Goreng Kemasan 2L,Sembako,botol,34000,5.0,32300,28500,13,7,419900,49400,13,0,0,0,0,2027-05-10,532,0,0
2025-11-25,Selasa,SKU001,Minyak Goreng Kemasan 2L,Sembako,botol,34000,0.0,34000,28500,28,0,952000,154000,150,150,122,0,0,2027-05-19,540,1,0
2025-11-26,Rabu,SKU001,Minyak Goreng Kemasan 2L,Sembako,botol,34000,0.0,34000,28500,20,0,680000,110000,122,0,102,0,0,2027-05-19,539,1,0
2025-11-27,Kamis,SKU001,Minyak Goreng Kemasan 2L,Sembako,botol,34000,0.0,34000,28500,32,0,1088000,176000,102,0,70,0,0,2027-05-19,538,1,0
2025-11-28,Jumat,SKU001,Minyak Goreng Kemasan 2L,Sembako,botol,34000,0.0,34000,28500,22,0,748000,121000,70,0,48,150,0,2027-05-19,537,1,0
2025-11-29,Sabtu,SKU001,Minyak Goreng Kemasan 2L,Sembako,botol,34000,5.0,32300,28500,27,0,872100,102600,48,0,21,0,0,2027-05-19,536,1,0
2025-11-30,Minggu,SKU001,Minyak Goreng Kemasan 2L,Sembako,botol,34000,0.0,34000,28500,24,0,816000,132000,171,150,147,0,0,2027-05-24,540,1,0
2025-12-01,Senin,SKU001,Minyak Goreng Kemasan 2L,Sembako,botol,34000,5.0,32300,28500,21,0,678300,79800,147,0,126,0,0,2027-05-24,539,1,0
2025-12-02,Selasa,SKU001,Minyak Goreng Kemasan 2L,Sembako,botol,34000,10.0,30600,28500,17,0,520200,35700,126,0,109,0,0,2027-05-24,538,1,0
2025-12-03,Rabu,SKU001,Minyak Goreng Kemasan 2L,Sembako,botol,34000,0.0,34000,28500,22,0,748000,121000,109,0,87,0,0,2027-05-24,537,1,0
2025-12-04,Kamis,SKU001,Minyak Goreng Kemasan 2L,Sembako,botol,34000,14.88,28900,28500,26,0,751400,10400,87,0,61,0,0,2027-05-24,536,1,0
2025-12-05,Jumat,SKU001,Minyak Goreng Kemasan 2L,Sembako,botol,34000,0.0,34000,28500,32,0,1088000,176000,61,0,29,150,0,2027-05-24,535,1,0
2025-12-06,Sabtu,SKU001,Minyak Goreng Kemasan 2L,Sembako,botol,34000,0.0,34000,28500,15,0,510000,82500,29,0,14,0,0,2027-05-24,534,0,0
2025-12-07,Minggu,SKU001,Minyak Goreng Kemasan 2L,Sembako,botol,34000,0.0,34000,28500,22,0,748000,121000,164,150,142,0,0,2027-05-31,540,0,0
2025-12-08,Senin,SKU001,Minyak Goreng Kemasan 2L,Sembako,botol,34000,0.0,34000,28500,14,0,476000,77000,142,0,128,0,0,2027-05-31,539,0,0
2025-12-09,Selasa,SKU001,Minyak Goreng Kemasan 2L,Sembako,botol,34000,0.0,34000,28500,20,0,680000,110000,128,0,108,0,0,2027-05-31,538,0,0
2025-12-10,Rabu,SKU001,Minyak Goreng Kemasan 2L,Sembako,botol,34000,8.0,31300,28500,21,0,657300,58800,108,0,87,0,0,2027-05-31,537,0,0
2025-12-11,Kamis,SKU001,Minyak Goreng Kemasan 2L,Sembako,botol,34000,0.0,34000,28500,8,0,272000,44000,87,0,79,0,0,2027-05-31,536,0,0
2025-12-12,Jumat,SKU001,Minyak Goreng Kemasan 2L,Sembako,botol,34000,0.0,34000,28500,27,0,918000,148500,79,0,52,150,0,2027-05-31,535,0,0
2025-12-13,Sabtu,SKU001,Minyak Goreng Kemasan 2L,Sembako,botol,34000,0.0,34000,28500,23,0,782000,126500,52,0,29,0,0,2027-05-31,534,0,0
2025-12-14,Minggu,SKU001,Minyak Goreng Kemasan 2L,Sembako,botol,34000,0.0,34000,28500,17,0,578000,93500,29,0,12,0,0,2027-05-31,533,0,0
2025-12-15,Senin,SKU001,Minyak Goreng Kemasan 2L,Sembako,botol,34000,0.0,34000,28500,12,0,408000,66000,162,150,150,0,0,2027-06-08,540,0,0
2025-12-16,Selasa,SKU001,Minyak Goreng Kemasan 2L,Sembako,botol,34000,14.88,28900,28500,19,0,549100,7600,150,0,131,0,0,2027-06-08,539,0,0
2025-12-17,Rabu,SKU001,Minyak Goreng Kemasan 2L,Sembako,botol,34000,0.0,34000,28500,13,0,442000,71500,131,0,118,0,0,2027-06-08,538,0,0
2025-12-18,Kamis,SKU001,Minyak Goreng Kemasan 2L,Sembako,botol,34000,0.0,34000,28500,15,0,510000,82500,118,0,103,0,0,2027-06-08,537,0,0
2025-12-19,Jumat,SKU001,Minyak Goreng Kemasan 2L,Sembako,botol,34000,0.0,34000,28500,14,0,476000,77000,103,0,89,0,0,2027-06-08,536,0,0
2025-12-20,Sabtu,SKU001,Minyak Goreng Kemasan 2L,Sembako,botol,34000,0.0,34000,28500,23,0,782000,126500,89,0,66,0,0,2027-06-08,535,0,0
2025-12-21,Minggu,SKU001,Minyak Goreng Kemasan 2L,Sembako,botol,34000,0.0,34000,28500,15,0,510000,82500,66,0,51,150,0,2027-06-08,534,0,0
2025-12-22,Senin,SKU001,Minyak Goreng Kemasan 2L,Sembako,botol,34000,0.0,34000,28500,21,0,714000,115500,201,150,180,0,0,2027-06-15,540,0,0
2025-12-23,Selasa,SKU001,Minyak Goreng Kemasan 2L,Sembako,botol,34000,0.0,34000,28500,11,0,374000,60500,180,0,169,0,0,2027-06-15,539,0,0
2025-12-24,Rabu,SKU001,Minyak Goreng Kemasan 2L,Sembako,botol,34000,0.0,34000,28500,21,0,714000,115500,169,0,148,0,0,2027-06-15,538,0,0
2025-12-25,Kamis,SKU001,Minyak Goreng Kemasan 2L,Sembako,botol,34000,14.88,28900,28500,49,0,1416100,19600,148,0,99,0,0,2027-06-15,537,1,0
2025-12-26,Jumat,SKU001,Minyak Goreng Kemasan 2L,Sembako,botol,34000,0.0,34000,28500,33,0,1122000,181500,99,0,66,0,0,2027-06-15,536,1,0
2025-12-27,Sabtu,SKU001,Minyak Goreng Kemasan 2L,Sembako,botol,34000,12.0,29900,28500,60,0,1794000,84000,66,0,6,150,0,2027-06-15,535,1,0
2025-12-28,Minggu,SKU001,Minyak Goreng Kemasan 2L,Sembako,botol,34000,0.0,34000,28500,6,29,204000,33000,6,0,0,0,0,2027-06-15,534,1,0
2025-12-29,Senin,SKU001,Minyak Goreng Kemasan 2L,Sembako,botol,34000,14.88,28900,28500,0,21,0,0,0,0,0,0,0,2027-06-15,533,1,0
2025-12-30,Selasa,SKU001,Minyak Goreng Kemasan 2L,Sembako,botol,34000,12.0,29900,28500,32,0,956800,44800,150,150,118,0,0,2027-06-23,540,1,0
2025-12-31,Rabu,SKU001,Minyak Goreng Kemasan 2L,Sembako,botol,34000,0.0,34000,28500,22,0,748000,121000,118,0,96,0,0,2027-06-23,539,1,0
2026-01-01,Kamis,SKU001,Minyak Goreng Kemasan 2L,Sembako,botol,34000,12.0,29900,28500,29,0,867100,40600,96,0,67,0,0,2027-06-23,538,1,0
2026-01-02,Jumat,SKU001,Minyak Goreng Kemasan 2L,Sembako,botol,34000,0.0,34000,28500,36,0,1224000,198000,67,0,31,150,0,2027-06-23,537,1,0
2026-01-03,Sabtu,SKU001,Minyak Goreng Kemasan 2L,Sembako,botol,34000,12.0,29900,28500,27,0,807300,37800,181,150,154,0,0,2027-06-27,540,1,0
2026-01-04,Minggu,SKU001,Minyak Goreng Kemasan 2L,Sembako,botol,34000,0.0,34000,28500,20,0,680000,110000,154,0,134,0,0,2027-06-27,539,1,0
2026-01-05,Senin,SKU001,Minyak Goreng Kemasan 2L,Sembako,botol,34000,14.88,28900,28500,20,0,578000,8000,134,0,114,0,0,2027-06-27,538,1,0
2026-01-06,Selasa,SKU001,Minyak Goreng Kemasan 2L,Sembako,botol,34000,0.0,34000,28500,19,0,646000,104500,114,0,95,0,0,2027-06-27,537,0,0
2026-01-07,Rabu,SKU001,Minyak Goreng Kemasan 2L,Sembako,botol,34000,0.0,34000,28500,23,0,782000,126500,95,0,72,0,0,2027-06-27,536,0,0
2026-01-08,Kamis,SKU001,Minyak Goreng Kemasan 2L,Sembako,botol,34000,0.0,34000,28500,13,0,442000,71500,72,0,59,0,0,2027-06-27,535,0,0
2026-01-09,Jumat,SKU001,Minyak Goreng Kemasan 2L,Sembako,botol,34000,12.0,29900,28500,27,0,807300,37800,59,0,32,330,0,2027-06-27,534,0,0
2026-01-10,Sabtu,SKU001,Minyak Goreng Kemasan 2L,Sembako,botol,34000,0.0,34000,28500,11,0,374000,60500,32,0,21,0,0,2027-06-27,533,0,0
2026-01-11,Minggu,SKU001,Minyak Goreng Kemasan 2L,Sembako,botol,34000,14.88,28900,28500,25,0,722500,10000,351,330,326,0,0,2027-07-05,540,0,0
2026-01-12,Senin,SKU001,Minyak Goreng Kemasan 2L,Sembako,botol,34000,14.88,28900,28500,12,0,346800,4800,326,0,314,0,0,2027-07-05,539,0,0
2026-01-13,Selasa,SKU001,Minyak Goreng Kemasan 2L,Sembako,botol,34000,14.88,28900,28500,20,0,578000,8000,314,0,294,0,0,2027-07-05,538,0,0
2026-01-14,Rabu,SKU001,Minyak Goreng Kemasan 2L,Sembako,botol,34000,10.0,30600,28500,17,0,520200,35700,294,0,277,0,0,2027-07-05,537,0,0
2026-01-15,Kamis,SKU001,Minyak Goreng Kemasan 2L,Sembako,botol,34000,0.0,34000,28500,21,0,714000,115500,277,0,256,0,0,2027-07-05,536,0,0
2026-01-16,Jumat,SKU001,Minyak Goreng Kemasan 2L,Sembako,botol,34000,0.0,34000,28500,14,0,476000,77000,256,0,242,0,0,2027-07-05,535,0,0
2026-01-17,Sabtu,SKU001,Minyak Goreng Kemasan 2L,Sembako,botol,34000,14.88,28900,28500,22,0,635800,8800,242,0,220,0,0,2027-07-05,534,0,0
2026-01-18,Minggu,SKU001,Minyak Goreng Kemasan 2L,Sembako,botol,34000,0.0,34000,28500,10,0,340000,55000,220,0,210,0,0,2027-07-05,533,0,0
2026-01-19,Senin,SKU001,Minyak Goreng Kemasan 2L,Sembako,botol,34000,0.0,34000,28500,11,0,374000,60500,210,0,199,0,0,2027-07-05,532,0,0
2026-01-20,Selasa,SKU001,Minyak Goreng Kemasan 2L,Sembako,botol,34000,10.0,30600,28500,11,0,336600,23100,199,0,188,0,0,2027-07-05,531,0,0
2026-01-21,Rabu,SKU001,Minyak Goreng Kemasan 2L,Sembako,botol,34000,0.0,34000,28500,14,0,476000,77000,188,0,174,0,0,2027-07-05,530,0,0
2026-01-22,Kamis,SKU001,Minyak Goreng Kemasan 2L,Sembako,botol,34000,0.0,34000,28500,15,0,510000,82500,174,0,159,0,0,2027-07-05,529,0,0
2026-01-23,Jumat,SKU001,Minyak Goreng Kemasan 2L,Sembako,botol,34000,0.0,34000,28500,28,0,952000,154000,159,0,131,0,0,2027-07-05,528,0,0
2026-01-24,Sabtu,SKU001,Minyak Goreng Kemasan 2L,Sembako,botol,34000,0.0,34000,28500,20,0,680000,110000,131,0,111,0,0,2027-07-05,527,0,0
2026-01-25,Minggu,SKU001,Minyak Goreng Kemasan 2L,Sembako,botol,34000,14.88,28900,28500,40,0,1156000,16000,111,0,71,0,0,2027-07-05,526,1,0
2026-01-26,Senin,SKU001,Minyak Goreng Kemasan 2L,Sembako,botol,34000,5.0,32300,28500,23,0,742900,87400,71,0,48,150,0,2027-07-05,525,1,0
2026-01-27,Selasa,SKU001,Minyak Goreng Kemasan 2L,Sembako,botol,34000,0.0,34000,28500,16,0,544000,88000,198,150,182,0,0,2027-07-21,540,1,0
2026-01-28,Rabu,SKU001,Minyak Goreng Kemasan 2L,Sembako,botol,34000,14.88,28900,28500,34,0,982600,13600,182,0,148,0,0,2027-07-21,539,1,0
2026-01-29,Kamis,SKU001,Minyak Goreng Kemasan 2L,Sembako,botol,34000,0.0,34000,28500,25,0,850000,137500,148,0,123,0,0,2027-07-21,538,1,0
2026-01-30,Jumat,SKU001,Minyak Goreng Kemasan 2L,Sembako,botol,34000,14.88,28900,28500,29,0,838100,11600,123,0,94,0,0,2027-07-21,537,1,0
2026-01-31,Sabtu,SKU001,Minyak Goreng Kemasan 2L,Sembako,botol,34000,0.0,34000,28500,33,0,1122000,181500,94,0,61,0,0,2027-07-21,536,1,0
2026-02-01,Minggu,SKU001,Minyak Goreng Kemasan 2L,Sembako,botol,34000,0.0,34000,28500,28,0,952000,154000,61,0,33,150,0,2027-07-21,535,1,0
2026-02-02,Senin,SKU001,Minyak Goreng Kemasan 2L,Sembako,botol,34000,0.0,34000,28500,24,0,816000,132000,183,150,159,0,0,2027-07-27,540,1,0
2026-02-03,Selasa,SKU001,Minyak Goreng Kemasan 2L,Sembako,botol,34000,0.0,34000,28500,19,0,646000,104500,159,0,140,0,0,2027-07-27,539,1,0
2026-02-04,Rabu,SKU001,Minyak Goreng Kemasan 2L,Sembako,botol,34000,0.0,34000,28500,21,0,714000,115500,140,0,119,0,0,2027-07-27,538,1,0
2026-02-05,Kamis,SKU001,Minyak Goreng Kemasan 2L,Sembako,botol,34000,0.0,34000,28500,24,0,816000,132000,119,0,95,0,0,2027-07-27,537,1,0
2026-02-06,Jumat,SKU001,Minyak Goreng Kemasan 2L,Sembako,botol,34000,0.0,34000,28500,28,0,952000,154000,95,0,67,0,0,2027-07-27,536,0,0
2026-02-07,Sabtu,SKU001,Minyak Goreng Kemasan 2L,Sembako,botol,34000,0.0,34000,28500,26,0,884000,143000,67,0,41,150,0,2027-07-27,535,0,0
2026-02-08,Minggu,SKU001,Minyak Goreng Kemasan 2L,Sembako,botol,34000,0.0,34000,28500,25,0,850000,137500,191,150,166,0,0,2027-08-02,540,0,0
2026-02-09,Senin,SKU001,Minyak Goreng Kemasan 2L,Sembako,botol,34000,0.0,34000,28500,19,0,646000,104500,166,0,147,0,0,2027-08-02,539,0,0
2026-02-10,Selasa,SKU001,Minyak Goreng Kemasan 2L,Sembako,botol,34000,14.88,28900,28500,29,0,838100,11600,147,0,118,0,0,2027-08-02,538,0,0
2026-02-11,Rabu,SKU001,Minyak Goreng Kemasan 2L,Sembako,botol,34000,0.0,34000,28500,14,0,476000,77000,118,0,104,0,0,2027-08-02,537,0,0
2026-02-12,Kamis,SKU001,Minyak Goreng Kemasan 2L,Sembako,botol,34000,0.0,34000,28500,15,0,510000,82500,104,0,89,0,0,2027-08-02,536,0,0
2026-02-13,Jumat,SKU001,Minyak Goreng Kemasan 2L,Sembako,botol,34000,0.0,34000,28500,15,0,510000,82500,89,0,74,0,0,2027-08-02,535,0,0
2026-02-14,Sabtu,SKU001,Minyak Goreng Kemasan 2L,Sembako,botol,34000,0.0,34000,28500,27,0,918000,148500,74,0,47,150,0,2027-08-02,534,0,0
2026-02-15,Minggu,SKU001,Minyak Goreng Kemasan 2L,Sembako,botol,34000,0.0,34000,28500,15,0,510000,82500,47,0,32,0,0,2027-08-02,533,0,0
2026-02-16,Senin,SKU001,Minyak Goreng Kemasan 2L,Sembako,botol,34000,0.0,34000,28500,11,0,374000,60500,182,150,171,0,0,2027-08-10,540,0,0
2026-02-17,Selasa,SKU001,Minyak Goreng Kemasan 2L,Sembako,botol,34000,0.0,34000,28500,27,0,918000,148500,171,0,144,0,0,2027-08-10,539,0,1
2026-02-18,Rabu,SKU001,Minyak Goreng Kemasan 2L,Sembako,botol,34000,14.88,28900,28500,30,0,867000,12000,144,0,114,0,0,2027-08-10,538,0,1
2026-02-19,Kamis,SKU001,Minyak Goreng Kemasan 2L,Sembako,botol,34000,0.0,34000,28500,38,0,1292000,209000,114,0,76,0,0,2027-08-10,537,0,1
2026-02-20,Jumat,SKU001,Minyak Goreng Kemasan 2L,Sembako,botol,34000,14.88,28900,28500,30,0,867000,12000,76,0,46,150,0,2027-08-10,536,0,1
2026-02-21,Sabtu,SKU001,Minyak Goreng Kemasan 2L,Sembako,botol,34000,0.0,34000,28500,28,0,952000,154000,196,150,168,0,0,2027-08-15,540,0,1
2026-02-22,Minggu,SKU001,Minyak Goreng Kemasan 2L,Sembako,botol,34000,0.0,34000,28500,33,0,1122000,181500,168,0,135,0,0,2027-08-15,539,0,1
2026-02-23,Senin,SKU001,Minyak Goreng Kemasan 2L,Sembako,botol,34000,0.0,34000,28500,29,0,986000,159500,135,0,106,0,0,2027-08-15,538,0,1
2026-02-24,Selasa,SKU001,Minyak Goreng Kemasan 2L,Sembako,botol,34000,14.88,28900,28500,56,0,1618400,22400,106,0,50,150,0,2027-08-15,537,0,1
2026-02-25,Rabu,SKU001,Minyak Goreng Kemasan 2L,Sembako,botol,34000,0.0,34000,28500,31,0,1054000,170500,50,0,19,0,0,2027-08-15,536,1,1
2026-02-26,Kamis,SKU001,Minyak Goreng Kemasan 2L,Sembako,botol,34000,14.88,28900,28500,19,55,549100,7600,19,0,0,0,0,2027-08-15,535,1,1
2026-02-27,Jumat,SKU001,Minyak Goreng Kemasan 2L,Sembako,botol,34000,0.0,34000,28500,48,0,1632000,264000,150,150,102,0,0,2027-08-21,540,1,1
2026-02-28,Sabtu,SKU001,Minyak Goreng Kemasan 2L,Sembako,botol,34000,0.0,34000,28500,59,0,2006000,324500,102,0,43,150,0,2027-08-21,539,1,1
2026-03-01,Minggu,SKU001,Minyak Goreng Kemasan 2L,Sembako,botol,34000,0.0,34000,28500,43,2,1462000,236500,43,0,0,0,0,2027-08-21,538,1,1
2026-03-02,Senin,SKU001,Minyak Goreng Kemasan 2L,Sembako,botol,34000,8.0,31300,28500,0,61,0,0,0,0,0,0,0,2027-08-21,537,1,1
2026-03-03,Selasa,SKU001,Minyak Goreng Kemasan 2L,Sembako,botol,34000,0.0,34000,28500,24,0,816000,132000,150,150,126,0,0,2027-08-25,540,1,1
2026-03-04,Rabu,SKU001,Minyak Goreng Kemasan 2L,Sembako,botol,34000,14.88,28900,28500,48,0,1387200,19200,126,0,78,0,0,2027-08-25,539,1,1
2026-03-05,Kamis,SKU001,Minyak Goreng Kemasan 2L,Sembako,botol,34000,0.0,34000,28500,40,0,1360000,220000,78,0,38,150,0,2027-08-25,538,1,1
2026-03-06,Jumat,SKU001,Minyak Goreng Kemasan 2L,Sembako,botol,34000,0.0,34000,28500,27,0,918000,148500,188,150,161,0,0,2027-08-28,540,0,1
2026-03-07,Sabtu,SKU001,Minyak Goreng Kemasan 2L,Sembako,botol,34000,0.0,34000,28500,43,0,1462000,236500,161,0,118,0,0,2027-08-28,539,0,1
2026-03-08,Minggu,SKU001,Minyak Goreng Kemasan 2L,Sembako,botol,34000,0.0,34000,28500,63,0,2142000,346500,118,0,55,150,0,2027-08-28,538,0,1
2026-03-09,Senin,SKU001,Minyak Goreng Kemasan 2L,Sembako,botol,34000,14.88,28900,28500,28,0,809200,11200,55,0,27,0,0,2027-08-28,537,0,1
2026-03-10,Selasa,SKU001,Minyak Goreng Kemasan 2L,Sembako,botol,34000,14.88,28900,28500,27,17,780300,10800,27,0,0,0,0,2027-08-28,536,0,1
2026-03-11,Rabu,SKU001,Minyak Goreng Kemasan 2L,Sembako,botol,34000,0.0,34000,28500,29,0,986000,159500,150,150,121,0,0,2027-09-02,540,0,1
2026-03-12,Kamis,SKU001,Minyak Goreng Kemasan 2L,Sembako,botol,34000,0.0,34000,28500,25,0,850000,137500,121,0,96,0,0,2027-09-02,539,0,1
2026-03-13,Jumat,SKU001,Minyak Goreng Kemasan 2L,Sembako,botol,34000,0.0,34000,28500,41,0,1394000,225500,96,0,55,330,0,2027-09-02,538,0,1
2026-03-14,Sabtu,SKU001,Minyak Goreng Kemasan 2L,Sembako,botol,34000,0.0,34000,28500,43,0,1462000,236500,55,0,12,0,0,2027-09-02,537,0,1
2026-03-15,Minggu,SKU001,Minyak Goreng Kemasan 2L,Sembako,botol,34000,0.0,34000,28500,12,43,408000,66000,12,0,0,0,0,2027-09-02,536,0,1
2026-03-16,Senin,SKU001,Minyak Goreng Kemasan 2L,Sembako,botol,34000,0.0,34000,28500,32,0,1088000,176000,330,330,298,0,0,2027-09-07,540,0,1
2026-03-17,Selasa,SKU001,Minyak Goreng Kemasan 2L,Sembako,botol,34000,0.0,34000,28500,27,0,918000,148500,298,0,271,0,0,2027-09-07,539,0,1
2026-03-18,Rabu,SKU001,Minyak Goreng Kemasan 2L,Sembako,botol,34000,0.0,34000,28500,22,0,748000,121000,271,0,249,0,0,2027-09-07,538,0,1
2026-03-19,Kamis,SKU001,Minyak Goreng Kemasan 2L,Sembako,botol,34000,0.0,34000,28500,31,0,1054000,170500,249,0,218,0,0,2027-09-07,537,0,1
2026-03-20,Jumat,SKU001,Minyak Goreng Kemasan 2L,Sembako,botol,34000,0.0,34000,28500,13,0,442000,71500,218,0,205,0,0,2027-09-07,536,0,0
2026-03-21,Sabtu,SKU001,Minyak Goreng Kemasan 2L,Sembako,botol,34000,14.88,28900,28500,17,0,491300,6800,205,0,188,0,0,2027-09-07,535,0,0
2026-03-22,Minggu,SKU001,Minyak Goreng Kemasan 2L,Sembako,botol,34000,0.0,34000,28500,15,0,510000,82500,188,0,173,0,0,2027-09-07,534,0,0
2026-03-23,Senin,SKU001,Minyak Goreng Kemasan 2L,Sembako,botol,34000,0.0,34000,28500,6,0,204000,33000,173,0,167,0,0,2027-09-07,533,0,0
2026-03-24,Selasa,SKU001,Minyak Goreng Kemasan 2L,Sembako,botol,34000,0.0,34000,28500,11,0,374000,60500,167,0,156,0,0,2027-09-07,532,0,0
2026-03-25,Rabu,SKU001,Minyak Goreng Kemasan 2L,Sembako,botol,34000,0.0,34000,28500,14,0,476000,77000,156,0,142,0,0,2027-09-07,531,1,0
2026-03-26,Kamis,SKU001,Minyak Goreng Kemasan 2L,Sembako,botol,34000,0.0,34000,28500,14,0,476000,77000,142,0,128,0,0,2027-09-07,530,1,0
2026-03-27,Jumat,SKU001,Minyak Goreng Kemasan 2L,Sembako,botol,34000,0.0,34000,28500,34,0,1156000,187000,128,0,94,0,0,2027-09-07,529,1,0
2026-03-28,Sabtu,SKU001,Minyak Goreng Kemasan 2L,Sembako,botol,34000,0.0,34000,28500,45,0,1530000,247500,94,0,49,150,0,2027-09-07,528,1,0
2026-03-29,Minggu,SKU001,Minyak Goreng Kemasan 2L,Sembako,botol,34000,10.0,30600,28500,37,0,1132200,77700,49,0,12,0,0,2027-09-07,527,1,0
2026-03-30,Senin,SKU001,Minyak Goreng Kemasan 2L,Sembako,botol,34000,0.0,34000,28500,20,0,680000,110000,162,150,142,0,0,2027-09-21,540,1,0
2026-03-31,Selasa,SKU001,Minyak Goreng Kemasan 2L,Sembako,botol,34000,0.0,34000,28500,29,0,986000,159500,142,0,113,0,0,2027-09-21,539,1,0
2026-04-01,Rabu,SKU001,Minyak Goreng Kemasan 2L,Sembako,botol,34000,0.0,34000,28500,14,0,476000,77000,113,0,99,0,0,2027-09-21,538,1,0
2026-04-02,Kamis,SKU001,Minyak Goreng Kemasan 2L,Sembako,botol,34000,0.0,34000,28500,23,0,782000,126500,99,0,76,0,0,2027-09-21,537,1,0
2026-04-03,Jumat,SKU001,Minyak Goreng Kemasan 2L,Sembako,botol,34000,0.0,34000,28500,33,0,1122000,181500,76,0,43,150,0,2027-09-21,536,1,0
2026-04-04,Sabtu,SKU001,Minyak Goreng Kemasan 2L,Sembako,botol,34000,14.88,28900,28500,41,0,1184900,16400,43,0,2,0,0,2027-09-21,535,1,0
2026-04-05,Minggu,SKU001,Minyak Goreng Kemasan 2L,Sembako,botol,34000,0.0,34000,28500,2,26,68000,11000,2,0,0,0,0,2027-09-21,534,1,0
2026-04-06,Senin,SKU001,Minyak Goreng Kemasan 2L,Sembako,botol,34000,0.0,34000,28500,17,0,578000,93500,150,150,133,0,0,2027-09-28,540,0,0
2026-04-07,Selasa,SKU001,Minyak Goreng Kemasan 2L,Sembako,botol,34000,0.0,34000,28500,21,0,714000,115500,133,0,112,0,0,2027-09-28,539,0,0
2026-04-08,Rabu,SKU001,Minyak Goreng Kemasan 2L,Sembako,botol,34000,0.0,34000,28500,20,0,680000,110000,112,0,92,0,0,2027-09-28,538,0,0
2026-04-09,Kamis,SKU001,Minyak Goreng Kemasan 2L,Sembako,botol,34000,0.0,34000,28500,29,0,986000,159500,92,0,63,0,0,2027-09-28,537,0,0
2026-04-10,Jumat,SKU001,Minyak Goreng Kemasan 2L,Sembako,botol,34000,0.0,34000,28500,29,0,986000,159500,63,0,34,150,0,2027-09-28,536,0,0
2026-04-11,Sabtu,SKU001,Minyak Goreng Kemasan 2L,Sembako,botol,34000,14.88,28900,28500,40,0,1156000,16000,184,150,144,0,0,2027-10-03,540,0,0
2026-04-12,Minggu,SKU001,Minyak Goreng Kemasan 2L,Sembako,botol,34000,0.0,34000,28500,21,0,714000,115500,144,0,123,0,0,2027-10-03,539,0,0
2026-04-13,Senin,SKU001,Minyak Goreng Kemasan 2L,Sembako,botol,34000,0.0,34000,28500,14,0,476000,77000,123,0,109,0,0,2027-10-03,538,0,0
2026-04-14,Selasa,SKU001,Minyak Goreng Kemasan 2L,Sembako,botol,34000,12.0,29900,28500,21,0,627900,29400,109,0,88,0,0,2027-10-03,537,0,0
2026-04-15,Rabu,SKU001,Minyak Goreng Kemasan 2L,Sembako,botol,34000,0.0,34000,28500,16,0,544000,88000,88,0,72,0,0,2027-10-03,536,0,0
2026-04-16,Kamis,SKU001,Minyak Goreng Kemasan 2L,Sembako,botol,34000,12.0,29900,28500,25,0,747500,35000,72,0,47,150,0,2027-10-03,535,0,0
2026-04-17,Jumat,SKU001,Minyak Goreng Kemasan 2L,Sembako,botol,34000,8.0,31300,28500,21,0,657300,58800,47,0,26,0,0,2027-10-03,534,0,0
2026-04-18,Sabtu,SKU001,Minyak Goreng Kemasan 2L,Sembako,botol,34000,0.0,34000,28500,30,0,1020000,165000,176,150,146,0,0,2027-10-10,540,0,0
2026-04-19,Minggu,SKU001,Minyak Goreng Kemasan 2L,Sembako,botol,34000,14.88,28900,28500,33,0,953700,13200,146,0,113,0,0,2027-10-10,539,0,0
2026-04-20,Senin,SKU001,Minyak Goreng Kemasan 2L,Sembako,botol,34000,0.0,34000,28500,25,0,850000,137500,113,0,88,0,0,2027-10-10,538,0,0
2026-04-21,Selasa,SKU001,Minyak Goreng Kemasan 2L,Sembako,botol,34000,14.88,28900,28500,19,0,549100,7600,88,0,69,0,0,2027-10-10,537,0,0
2026-04-22,Rabu,SKU001,Minyak Goreng Kemasan 2L,Sembako,botol,34000,0.0,34000,28500,21,0,714000,115500,69,0,48,150,0,2027-10-10,536,0,0
2026-04-23,Kamis,SKU001,Minyak Goreng Kemasan 2L,Sembako,botol,34000,0.0,34000,28500,15,0,510000,82500,48,0,33,0,0,2027-10-10,535,0,0
2026-04-24,Jumat,SKU001,Minyak Goreng Kemasan 2L,Sembako,botol,34000,10.0,30600,28500,21,0,642600,44100,33,0,12,0,0,2027-10-10,534,0,0
2026-04-25,Sabtu,SKU001,Minyak Goreng Kemasan 2L,Sembako,botol,34000,0.0,34000,28500,44,0,1496000,242000,162,150,118,0,0,2027-10-17,540,1,0
2026-04-26,Minggu,SKU001,Minyak Goreng Kemasan 2L,Sembako,botol,34000,0.0,34000,28500,18,0,612000,99000,118,0,100,0,0,2027-10-17,539,1,0
2026-04-27,Senin,SKU001,Minyak Goreng Kemasan 2L,Sembako,botol,34000,0.0,34000,28500,21,0,714000,115500,100,0,79,0,0,2027-10-17,538,1,0
2026-04-28,Selasa,SKU001,Minyak Goreng Kemasan 2L,Sembako,botol,34000,12.0,29900,28500,21,0,627900,29400,79,0,58,0,0,2027-10-17,537,1,0
2026-04-29,Rabu,SKU001,Minyak Goreng Kemasan 2L,Sembako,botol,34000,0.0,34000,28500,19,0,646000,104500,58,0,39,150,0,2027-10-17,536,1,0
2026-04-30,Kamis,SKU001,Minyak Goreng Kemasan 2L,Sembako,botol,34000,14.88,28900,28500,24,0,693600,9600,189,150,165,0,0,2027-10-22,540,1,0
2026-05-01,Jumat,SKU001,Minyak Goreng Kemasan 2L,Sembako,botol,34000,14.88,28900,28500,20,0,578000,8000,165,0,145,0,0,2027-10-22,539,1,0
2026-05-02,Sabtu,SKU001,Minyak Goreng Kemasan 2L,Sembako,botol,34000,0.0,34000,28500,22,0,748000,121000,145,0,123,0,0,2027-10-22,538,1,0
2026-05-03,Minggu,SKU001,Minyak Goreng Kemasan 2L,Sembako,botol,34000,0.0,34000,28500,26,0,884000,143000,123,0,97,0,0,2027-10-22,537,1,0
2026-05-04,Senin,SKU001,Minyak Goreng Kemasan 2L,Sembako,botol,34000,14.88,28900,28500,22,0,635800,8800,97,0,75,0,0,2027-10-22,536,1,0
2026-05-05,Selasa,SKU001,Minyak Goreng Kemasan 2L,Sembako,botol,34000,0.0,34000,28500,18,0,612000,99000,75,0,57,0,0,2027-10-22,535,1,0
2026-05-06,Rabu,SKU001,Minyak Goreng Kemasan 2L,Sembako,botol,34000,14.88,28900,28500,33,0,953700,13200,57,0,24,150,0,2027-10-22,534,0,0
2026-05-07,Kamis,SKU001,Minyak Goreng Kemasan 2L,Sembako,botol,34000,0.0,34000,28500,24,3,816000,132000,24,0,0,0,0,2027-10-22,533,0,0
2026-05-08,Jumat,SKU001,Minyak Goreng Kemasan 2L,Sembako,botol,34000,0.0,34000,28500,27,0,918000,148500,150,150,123,0,0,2027-10-30,540,0,0
2026-05-09,Sabtu,SKU001,Minyak Goreng Kemasan 2L,Sembako,botol,34000,0.0,34000,28500,21,0,714000,115500,123,0,102,0,0,2027-10-30,539,0,0
2026-05-10,Minggu,SKU001,Minyak Goreng Kemasan 2L,Sembako,botol,34000,0.0,34000,28500,24,0,816000,132000,102,0,78,0,0,2027-10-30,538,0,0
2026-05-11,Senin,SKU001,Minyak Goreng Kemasan 2L,Sembako,botol,34000,0.0,34000,28500,18,0,612000,99000,78,0,60,0,0,2027-10-30,537,0,0
2026-05-12,Selasa,SKU001,Minyak Goreng Kemasan 2L,Sembako,botol,34000,12.0,29900,28500,26,0,777400,36400,60,0,34,150,0,2027-10-30,536,0,0
2026-05-13,Rabu,SKU001,Minyak Goreng Kemasan 2L,Sembako,botol,34000,0.0,34000,28500,23,0,782000,126500,34,0,11,0,0,2027-10-30,535,0,0
2026-05-14,Kamis,SKU001,Minyak Goreng Kemasan 2L,Sembako,botol,34000,5.0,32300,28500,11,10,355300,41800,11,0,0,0,0,2027-10-30,534,0,0
2026-05-15,Jumat,SKU001,Minyak Goreng Kemasan 2L,Sembako,botol,34000,12.0,29900,28500,20,0,598000,28000,150,150,130,0,0,2027-11-06,540,0,0
2026-05-16,Sabtu,SKU001,Minyak Goreng Kemasan 2L,Sembako,botol,34000,14.88,28900,28500,31,0,895900,12400,130,0,99,0,0,2027-11-06,539,0,0
2026-05-17,Minggu,SKU001,Minyak Goreng Kemasan 2L,Sembako,botol,34000,0.0,34000,28500,20,0,680000,110000,99,0,79,0,0,2027-11-06,538,0,0
2026-05-18,Senin,SKU001,Minyak Goreng Kemasan 2L,Sembako,botol,34000,0.0,34000,28500,8,0,272000,44000,79,0,71,0,0,2027-11-06,537,0,0
2026-05-19,Selasa,SKU001,Minyak Goreng Kemasan 2L,Sembako,botol,34000,0.0,34000,28500,16,0,544000,88000,71,0,55,150,0,2027-11-06,536,0,0
2026-05-20,Rabu,SKU001,Minyak Goreng Kemasan 2L,Sembako,botol,34000,0.0,34000,28500,18,0,612000,99000,55,0,37,0,0,2027-11-06,535,0,0
2026-05-21,Kamis,SKU001,Minyak Goreng Kemasan 2L,Sembako,botol,34000,14.88,28900,28500,34,0,982600,13600,187,150,153,0,0,2027-11-12,540,0,0
2026-05-22,Jumat,SKU001,Minyak Goreng Kemasan 2L,Sembako,botol,34000,14.88,28900,28500,28,0,809200,11200,153,0,125,0,0,2027-11-12,539,0,0
2026-05-23,Sabtu,SKU001,Minyak Goreng Kemasan 2L,Sembako,botol,34000,0.0,34000,28500,23,0,782000,126500,125,0,102,0,0,2027-11-12,538,0,0
2026-05-24,Minggu,SKU001,Minyak Goreng Kemasan 2L,Sembako,botol,34000,0.0,34000,28500,21,0,714000,115500,102,0,81,0,0,2027-11-12,537,0,0
2026-05-25,Senin,SKU001,Minyak Goreng Kemasan 2L,Sembako,botol,34000,14.88,28900,28500,24,0,693600,9600,81,0,57,0,0,2027-11-12,536,1,0
2026-05-26,Selasa,SKU001,Minyak Goreng Kemasan 2L,Sembako,botol,34000,14.88,28900,28500,23,0,664700,9200,57,0,34,150,0,2027-11-12,535,1,0
2026-05-27,Rabu,SKU001,Minyak Goreng Kemasan 2L,Sembako,botol,34000,0.0,34000,28500,20,0,680000,110000,34,0,14,0,0,2027-11-12,534,1,0
2026-05-28,Kamis,SKU001,Minyak Goreng Kemasan 2L,Sembako,botol,34000,0.0,34000,28500,14,19,476000,77000,14,0,0,0,0,2027-11-12,533,1,0
2026-05-29,Jumat,SKU001,Minyak Goreng Kemasan 2L,Sembako,botol,34000,0.0,34000,28500,41,0,1394000,225500,150,150,109,0,0,2027-11-20,540,1,0
2026-05-30,Sabtu,SKU001,Minyak Goreng Kemasan 2L,Sembako,botol,34000,0.0,34000,28500,20,0,680000,110000,109,0,89,0,0,2027-11-20,539,1,0
2026-05-31,Minggu,SKU001,Minyak Goreng Kemasan 2L,Sembako,botol,34000,0.0,34000,28500,32,0,1088000,176000,89,0,57,0,0,2027-11-20,538,1,0
2026-06-01,Senin,SKU001,Minyak Goreng Kemasan 2L,Sembako,botol,34000,0.0,34000,28500,19,0,646000,104500,57,0,38,150,0,2027-11-20,537,1,0
2026-06-02,Selasa,SKU001,Minyak Goreng Kemasan 2L,Sembako,botol,34000,10.0,30600,28500,41,0,1254600,86100,188,150,147,0,0,2027-11-24,540,1,0
2026-06-03,Rabu,SKU001,Minyak Goreng Kemasan 2L,Sembako,botol,34000,0.0,34000,28500,18,0,612000,99000,147,0,129,0,0,2027-11-24,539,1,0
2026-06-04,Kamis,SKU001,Minyak Goreng Kemasan 2L,Sembako,botol,34000,0.0,34000,28500,27,0,918000,148500,129,0,102,0,0,2027-11-24,538,1,0
2026-06-05,Jumat,SKU001,Minyak Goreng Kemasan 2L,Sembako,botol,34000,0.0,34000,28500,24,0,816000,132000,102,0,78,0,0,2027-11-24,537,1,0
2026-06-06,Sabtu,SKU001,Minyak Goreng Kemasan 2L,Sembako,botol,34000,14.88,28900,28500,38,0,1098200,15200,78,0,40,150,0,2027-11-24,536,0,0
2026-06-07,Minggu,SKU001,Minyak Goreng Kemasan 2L,Sembako,botol,34000,10.0,30600,28500,23,0,703800,48300,190,150,167,0,0,2027-11-29,540,0,0
2026-06-08,Senin,SKU001,Minyak Goreng Kemasan 2L,Sembako,botol,34000,0.0,34000,28500,10,0,340000,55000,167,0,157,0,0,2027-11-29,539,0,0
2026-06-09,Selasa,SKU001,Minyak Goreng Kemasan 2L,Sembako,botol,34000,8.0,31300,28500,20,0,626000,56000,157,0,137,0,0,2027-11-29,538,0,0
2026-06-10,Rabu,SKU001,Minyak Goreng Kemasan 2L,Sembako,botol,34000,0.0,34000,28500,15,0,510000,82500,137,0,122,0,0,2027-11-29,537,0,0
2026-06-11,Kamis,SKU001,Minyak Goreng Kemasan 2L,Sembako,botol,34000,0.0,34000,28500,23,0,782000,126500,122,0,99,0,0,2027-11-29,536,0,0
2026-06-12,Jumat,SKU001,Minyak Goreng Kemasan 2L,Sembako,botol,34000,14.88,28900,28500,46,0,1329400,18400,99,0,53,150,0,2027-11-29,535,0,0
2026-06-13,Sabtu,SKU001,Minyak Goreng Kemasan 2L,Sembako,botol,34000,0.0,34000,28500,22,0,748000,121000,203,150,181,0,0,2027-12-05,540,0,0
2026-06-14,Minggu,SKU001,Minyak Goreng Kemasan 2L,Sembako,botol,34000,0.0,34000,28500,20,0,680000,110000,181,0,161,0,0,2027-12-05,539,0,0
2026-06-15,Senin,SKU001,Minyak Goreng Kemasan 2L,Sembako,botol,34000,14.88,28900,28500,13,0,375700,5200,161,0,148,0,0,2027-12-05,538,0,0
2026-06-16,Selasa,SKU001,Minyak Goreng Kemasan 2L,Sembako,botol,34000,0.0,34000,28500,16,0,544000,88000,148,0,132,0,0,2027-12-05,537,0,0
2026-06-17,Rabu,SKU001,Minyak Goreng Kemasan 2L,Sembako,botol,34000,0.0,34000,28500,19,0,646000,104500,132,0,113,0,0,2027-12-05,536,0,0
2026-06-18,Kamis,SKU001,Minyak Goreng Kemasan 2L,Sembako,botol,34000,0.0,34000,28500,25,0,850000,137500,113,0,88,0,0,2027-12-05,535,0,0
2026-06-19,Jumat,SKU001,Minyak Goreng Kemasan 2L,Sembako,botol,34000,14.88,28900,28500,34,0,982600,13600,88,0,54,150,0,2027-12-05,534,0,0
2026-06-20,Sabtu,SKU001,Minyak Goreng Kemasan 2L,Sembako,botol,34000,0.0,34000,28500,22,0,748000,121000,54,0,32,0,0,2027-12-05,533,0,0
2026-06-21,Minggu,SKU001,Minyak Goreng Kemasan 2L,Sembako,botol,34000,0.0,34000,28500,18,0,612000,99000,182,150,164,0,0,2027-12-13,540,0,0
2026-06-22,Senin,SKU001,Minyak Goreng Kemasan 2L,Sembako,botol,34000,0.0,34000,28500,19,0,646000,104500,164,0,145,0,0,2027-12-13,539,0,0
2026-06-23,Selasa,SKU001,Minyak Goreng Kemasan 2L,Sembako,botol,34000,14.88,28900,28500,12,0,346800,4800,145,0,133,0,0,2027-12-13,538,0,0
2026-06-24,Rabu,SKU001,Minyak Goreng Kemasan 2L,Sembako,botol,34000,0.0,34000,28500,18,0,612000,99000,133,0,115,0,0,2027-12-13,537,0,0
2026-06-25,Kamis,SKU001,Minyak Goreng Kemasan 2L,Sembako,botol,34000,5.0,32300,28500,21,0,678300,79800,115,0,94,0,0,2027-12-13,536,1,0
2026-06-26,Jumat,SKU001,Minyak Goreng Kemasan 2L,Sembako,botol,34000,0.0,34000,28500,34,0,1156000,187000,94,0,60,0,0,2027-12-13,535,1,0
2026-06-27,Sabtu,SKU001,Minyak Goreng Kemasan 2L,Sembako,botol,34000,14.88,28900,28500,52,0,1502800,20800,60,0,8,150,0,2027-12-13,534,1,0
2026-06-28,Minggu,SKU001,Minyak Goreng Kemasan 2L,Sembako,botol,34000,10.0,30600,28500,38,0,1162800,79800,158,150,120,0,0,2027-12-20,540,1,0
2026-06-29,Senin,SKU001,Minyak Goreng Kemasan 2L,Sembako,botol,34000,0.0,34000,28500,22,0,748000,121000,120,0,98,0,0,2027-12-20,539,1,0
2026-06-30,Selasa,SKU001,Minyak Goreng Kemasan 2L,Sembako,botol,34000,12.0,29900,28500,30,0,897000,42000,98,0,68,0,0,2027-12-20,538,1,0
2026-07-01,Rabu,SKU001,Minyak Goreng Kemasan 2L,Sembako,botol,34000,12.0,29900,28500,25,0,747500,35000,68,0,43,150,0,2027-12-20,537,1,0
2026-07-02,Kamis,SKU001,Minyak Goreng Kemasan 2L,Sembako,botol,34000,12.0,29900,28500,19,0,568100,26600,193,150,174,0,0,2027-12-24,540,1,0
2026-07-03,Jumat,SKU001,Minyak Goreng Kemasan 2L,Sembako,botol,34000,0.0,34000,28500,34,0,1156000,187000,174,0,140,0,0,2027-12-24,539,1,0
2026-07-04,Sabtu,SKU001,Minyak Goreng Kemasan 2L,Sembako,botol,34000,0.0,34000,28500,25,0,850000,137500,140,0,115,0,0,2027-12-24,538,1,0
2026-07-05,Minggu,SKU001,Minyak Goreng Kemasan 2L,Sembako,botol,34000,14.88,28900,28500,29,0,838100,11600,115,0,86,0,0,2027-12-24,537,1,0
2026-07-06,Senin,SKU001,Minyak Goreng Kemasan 2L,Sembako,botol,34000,0.0,34000,28500,25,0,850000,137500,86,0,61,0,0,2027-12-24,536,0,0
2026-07-07,Selasa,SKU001,Minyak Goreng Kemasan 2L,Sembako,botol,34000,5.0,32300,28500,19,0,613700,72200,61,0,42,150,0,2027-12-24,535,0,0
2026-07-08,Rabu,SKU001,Minyak Goreng Kemasan 2L,Sembako,botol,34000,0.0,34000,28500,15,0,510000,82500,42,0,27,0,0,2027-12-24,534,0,0
2026-07-09,Kamis,SKU001,Minyak Goreng Kemasan 2L,Sembako,botol,34000,14.88,28900,28500,21,0,606900,8400,27,0,6,0,0,2027-12-24,533,0,0
2026-07-10,Jumat,SKU001,Minyak Goreng Kemasan 2L,Sembako,botol,34000,0.0,34000,28500,16,0,544000,88000,156,150,140,0,0,2028-01-01,540,0,0
2026-07-11,Sabtu,SKU001,Minyak Goreng Kemasan 2L,Sembako,botol,34000,14.88,28900,28500,37,0,1069300,14800,140,0,103,0,0,2028-01-01,539,0,0
2026-07-12,Minggu,SKU001,Minyak Goreng Kemasan 2L,Sembako,botol,34000,14.88,28900,28500,42,0,1213800,16800,103,0,61,0,0,2028-01-01,538,0,0
2026-07-13,Senin,SKU001,Minyak Goreng Kemasan 2L,Sembako,botol,34000,0.0,34000,28500,10,0,340000,55000,61,0,51,150,0,2028-01-01,537,0,0
2026-07-14,Selasa,SKU001,Minyak Goreng Kemasan 2L,Sembako,botol,34000,0.0,34000,28500,10,0,340000,55000,51,0,41,0,0,2028-01-01,536,0,0
2026-07-15,Rabu,SKU001,Minyak Goreng Kemasan 2L,Sembako,botol,34000,0.0,34000,28500,14,0,476000,77000,191,150,177,0,0,2028-01-06,540,0,0
2026-07-16,Kamis,SKU001,Minyak Goreng Kemasan 2L,Sembako,botol,34000,0.0,34000,28500,16,0,544000,88000,177,0,161,0,0,2028-01-06,539,0,0
2026-07-17,Jumat,SKU001,Minyak Goreng Kemasan 2L,Sembako,botol,34000,0.0,34000,28500,19,0,646000,104500,161,0,142,0,0,2028-01-06,538,0,0
2026-07-18,Sabtu,SKU001,Minyak Goreng Kemasan 2L,Sembako,botol,34000,0.0,34000,28500,24,0,816000,132000,142,0,118,0,0,2028-01-06,537,0,0
2026-07-19,Minggu,SKU001,Minyak Goreng Kemasan 2L,Sembako,botol,34000,12.0,29900,28500,28,0,837200,39200,118,0,90,0,0,2028-01-06,536,0,0
2026-07-20,Senin,SKU001,Minyak Goreng Kemasan 2L,Sembako,botol,34000,0.0,34000,28500,9,0,306000,49500,90,0,81,0,0,2028-01-06,535,0,0
2026-07-21,Selasa,SKU001,Minyak Goreng Kemasan 2L,Sembako,botol,34000,8.0,31300,28500,23,0,719900,64400,81,0,58,0,0,2028-01-06,534,0,0
2026-07-22,Rabu,SKU001,Minyak Goreng Kemasan 2L,Sembako,botol,34000,14.88,28900,28500,23,0,664700,9200,58,0,35,150,0,2028-01-06,533,0,0
2026-07-23,Kamis,SKU001,Minyak Goreng Kemasan 2L,Sembako,botol,34000,12.0,29900,28500,28,0,837200,39200,35,0,7,0,0,2028-01-06,532,0,0
2026-07-24,Jumat,SKU001,Minyak Goreng Kemasan 2L,Sembako,botol,34000,12.0,29900,28500,39,0,1166100,54600,157,150,118,0,0,2028-01-15,540,0,0
2026-07-25,Sabtu,SKU001,Minyak Goreng Kemasan 2L,Sembako,botol,34000,14.88,28900,28500,50,0,1445000,20000,118,0,68,0,0,2028-01-15,539,1,0
2026-07-26,Minggu,SKU001,Minyak Goreng Kemasan 2L,Sembako,botol,34000,0.0,34000,28500,34,0,1156000,187000,68,0,34,150,0,2028-01-15,538,1,0
2026-07-27,Senin,SKU001,Minyak Goreng Kemasan 2L,Sembako,botol,34000,0.0,34000,28500,28,0,952000,154000,184,150,156,0,0,2028-01-18,540,1,0
2026-07-28,Selasa,SKU001,Minyak Goreng Kemasan 2L,Sembako,botol,34000,14.88,28900,28500,26,0,751400,10400,156,0,130,0,0,2028-01-18,539,1,0
2026-07-29,Rabu,SKU001,Minyak Goreng Kemasan 2L,Sembako,botol,34000,0.0,34000,28500,19,0,646000,104500,130,0,111,0,0,2028-01-18,538,1,0
2026-07-30,Kamis,SKU001,Minyak Goreng Kemasan 2L,Sembako,botol,34000,0.0,34000,28500,19,0,646000,104500,111,0,92,0,0,2028-01-18,537,1,0
2026-07-31,Jumat,SKU001,Minyak Goreng Kemasan 2L,Sembako,botol,34000,0.0,34000,28500,30,0,1020000,165000,92,0,62,0,0,2028-01-18,536,1,0
2026-08-01,Sabtu,SKU001,Minyak Goreng Kemasan 2L,Sembako,botol,34000,0.0,34000,28500,27,0,918000,148500,62,0,35,150,0,2028-01-18,535,1,0
2026-08-02,Minggu,SKU001,Minyak Goreng Kemasan 2L,Sembako,botol,34000,0.0,34000,28500,24,0,816000,132000,185,150,161,0,0,2028-01-24,540,1,0
2026-08-03,Senin,SKU001,Minyak Goreng Kemasan 2L,Sembako,botol,34000,0.0,34000,28500,26,0,884000,143000,161,0,135,0,0,2028-01-24,539,1,0
2026-08-04,Selasa,SKU001,Minyak Goreng Kemasan 2L,Sembako,botol,34000,10.0,30600,28500,24,0,734400,50400,135,0,111,0,0,2028-01-24,538,1,0
2026-08-05,Rabu,SKU001,Minyak Goreng Kemasan 2L,Sembako,botol,34000,0.0,34000,28500,18,0,612000,99000,111,0,93,0,0,2028-01-24,537,1,0
2026-08-06,Kamis,SKU001,Minyak Goreng Kemasan 2L,Sembako,botol,34000,14.88,28900,28500,28,0,809200,11200,93,0,65,0,0,2028-01-24,536,0,0
2026-08-07,Jumat,SKU001,Minyak Goreng Kemasan 2L,Sembako,botol,34000,0.0,34000,28500,19,0,646000,104500,65,0,46,150,0,2028-01-24,535,0,0
2026-08-08,Sabtu,SKU001,Minyak Goreng Kemasan 2L,Sembako,botol,34000,14.88,28900,28500,41,0,1184900,16400,46,0,5,0,0,2028-01-24,534,0,0
2026-08-09,Minggu,SKU001,Minyak Goreng Kemasan 2L,Sembako,botol,34000,0.0,34000,28500,31,0,1054000,170500,155,150,124,0,0,2028-01-31,540,0,0
2026-08-10,Senin,SKU001,Minyak Goreng Kemasan 2L,Sembako,botol,34000,10.0,30600,28500,26,0,795600,54600,124,0,98,0,0,2028-01-31,539,0,0
2026-08-11,Selasa,SKU001,Minyak Goreng Kemasan 2L,Sembako,botol,34000,0.0,34000,28500,23,0,782000,126500,98,0,75,0,0,2028-01-31,538,0,0
2026-08-12,Rabu,SKU001,Minyak Goreng Kemasan 2L,Sembako,botol,34000,10.0,30600,28500,18,0,550800,37800,75,0,57,0,0,2028-01-31,537,0,0
2026-08-13,Kamis,SKU001,Minyak Goreng Kemasan 2L,Sembako,botol,34000,0.0,34000,28500,22,0,748000,121000,57,0,35,150,0,2028-01-31,536,0,0
2026-08-14,Jumat,SKU001,Minyak Goreng Kemasan 2L,Sembako,botol,34000,0.0,34000,28500,21,0,714000,115500,185,150,164,0,0,2028-02-05,540,0,0
2026-08-15,Sabtu,SKU001,Minyak Goreng Kemasan 2L,Sembako,botol,34000,0.0,34000,28500,27,0,918000,148500,164,0,137,0,0,2028-02-05,539,0,0
2026-08-16,Minggu,SKU001,Minyak Goreng Kemasan 2L,Sembako,botol,34000,0.0,34000,28500,16,0,544000,88000,137,0,121,0,0,2028-02-05,538,0,0
2026-08-17,Senin,SKU001,Minyak Goreng Kemasan 2L,Sembako,botol,34000,0.0,34000,28500,15,0,510000,82500,121,0,106,0,0,2028-02-05,537,0,0
2025-08-18,Senin,SKU002,Beras Premium 5kg,Sembako,karung,72000,11.5,63700,63000,10,0,637000,7000,42,0,32,0,0,2026-06-22,308,0,0
2025-08-19,Selasa,SKU002,Beras Premium 5kg,Sembako,karung,72000,0.0,72000,63000,4,0,288000,36000,32,0,28,80,0,2026-06-22,307,0,0
2025-08-20,Rabu,SKU002,Beras Premium 5kg,Sembako,karung,72000,11.5,63700,63000,13,0,828100,9100,108,80,95,0,0,2026-08-20,365,0,0
2025-08-21,Kamis,SKU002,Beras Premium 5kg,Sembako,karung,72000,0.0,72000,63000,4,0,288000,36000,95,0,91,0,0,2026-08-20,364,0,0
2025-08-22,Jumat,SKU002,Beras Premium 5kg,Sembako,karung,72000,0.0,72000,63000,7,0,504000,63000,91,0,84,0,0,2026-08-20,363,0,0
2025-08-23,Sabtu,SKU002,Beras Premium 5kg,Sembako,karung,72000,0.0,72000,63000,13,0,936000,117000,84,0,71,0,0,2026-08-20,362,0,0
2025-08-24,Minggu,SKU002,Beras Premium 5kg,Sembako,karung,72000,0.0,72000,63000,15,0,1080000,135000,71,0,56,0,0,2026-08-20,361,0,0
2025-08-25,Senin,SKU002,Beras Premium 5kg,Sembako,karung,72000,0.0,72000,63000,14,0,1008000,126000,56,0,42,0,0,2026-08-20,360,1,0
2025-08-26,Selasa,SKU002,Beras Premium 5kg,Sembako,karung,72000,0.0,72000,63000,12,0,864000,108000,42,0,30,0,0,2026-08-20,359,1,0
2025-08-27,Rabu,SKU002,Beras Premium 5kg,Sembako,karung,72000,0.0,72000,63000,13,0,936000,117000,30,0,17,80,0,2026-08-20,358,1,0
2025-08-28,Kamis,SKU002,Beras Premium 5kg,Sembako,karung,72000,11.5,63700,63000,10,0,637000,7000,17,0,7,0,0,2026-08-20,357,1,0
2025-08-29,Jumat,SKU002,Beras Premium 5kg,Sembako,karung,72000,0.0,72000,63000,7,1,504000,63000,7,0,0,0,0,2026-08-20,356,1,0
2025-08-30,Sabtu,SKU002,Beras Premium 5kg,Sembako,karung,72000,8.0,66200,63000,10,0,662000,32000,80,80,70,0,0,2026-08-30,365,1,0
2025-08-31,Minggu,SKU002,Beras Premium 5kg,Sembako,karung,72000,5.0,68400,63000,17,0,1162800,91800,70,0,53,0,0,2026-08-30,364,1,0
2025-09-01,Senin,SKU002,Beras Premium 5kg,Sembako,karung,72000,0.0,72000,63000,17,0,1224000,153000,53,0,36,0,0,2026-08-30,363,1,0
2025-09-02,Selasa,SKU002,Beras Premium 5kg,Sembako,karung,72000,11.5,63700,63000,15,0,955500,10500,36,0,21,80,0,2026-08-30,362,1,0
2025-09-03,Rabu,SKU002,Beras Premium 5kg,Sembako,karung,72000,0.0,72000,63000,11,0,792000,99000,21,0,10,0,0,2026-08-30,361,1,0
2025-09-04,Kamis,SKU002,Beras Premium 5kg,Sembako,karung,72000,11.5,63700,63000,10,2,637000,7000,10,0,0,0,0,2026-08-30,360,1,0
2025-09-05,Jumat,SKU002,Beras Premium 5kg,Sembako,karung,72000,10.0,64800,63000,16,0,1036800,28800,80,80,64,0,0,2026-09-05,365,1,0
2025-09-06,Sabtu,SKU002,Beras Premium 5kg,Sembako,karung,72000,0.0,72000,63000,8,0,576000,72000,64,0,56,0,0,2026-09-05,364,0,0
2025-09-07,Minggu,SKU002,Beras Premium 5kg,Sembako,karung,72000,0.0,72000,63000,5,0,360000,45000,56,0,51,0,0,2026-09-05,363,0,0
2025-09-08,Senin,SKU002,Beras Premium 5kg,Sembako,karung,72000,0.0,72000,63000,9,0,648000,81000,51,0,42,0,0,2026-09-05,362,0,0
2025-09-09,Selasa,SKU002,Beras Premium 5kg,Sembako,karung,72000,11.5,63700,63000,6,0,382200,4200,42,0,36,0,0,2026-09-05,361,0,0
2025-09-10,Rabu,SKU002,Beras Premium 5kg,Sembako,karung,72000,0.0,72000,63000,7,0,504000,63000,36,0,29,0,0,2026-09-05,360,0,0
2025-09-11,Kamis,SKU002,Beras Premium 5kg,Sembako,karung,72000,0.0,72000,63000,11,0,792000,99000,29,0,18,80,0,2026-09-05,359,0,0
2025-09-12,Jumat,SKU002,Beras Premium 5kg,Sembako,karung,72000,0.0,72000,63000,12,0,864000,108000,18,0,6,0,0,2026-09-05,358,0,0
2025-09-13,Sabtu,SKU002,Beras Premium 5kg,Sembako,karung,72000,11.5,63700,63000,6,9,382200,4200,6,0,0,0,0,2026-09-05,357,0,0
2025-09-14,Minggu,SKU002,Beras Premium 5kg,Sembako,karung,72000,11.5,63700,63000,10,0,637000,7000,80,80,70,0,0,2026-09-14,365,0,0
2025-09-15,Senin,SKU002,Beras Premium 5kg,Sembako,karung,72000,8.0,66200,63000,4,0,264800,12800,70,0,66,0,0,2026-09-14,364,0,0
2025-09-16,Selasa,SKU002,Beras Premium 5kg,Sembako,karung,72000,11.5,63700,63000,8,0,509600,5600,66,0,58,0,0,2026-09-14,363,0,0
2025-09-17,Rabu,SKU002,Beras Premium 5kg,Sembako,karung,72000,0.0,72000,63000,8,0,576000,72000,58,0,50,0,0,2026-09-14,362,0,0
2025-09-18,Kamis,SKU002,Beras Premium 5kg,Sembako,karung,72000,0.0,72000,63000,6,0,432000,54000,50,0,44,0,0,2026-09-14,361,0,0
2025-09-19,Jumat,SKU002,Beras Premium 5kg,Sembako,karung,72000,0.0,72000,63000,12,0,864000,108000,44,0,32,0,0,2026-09-14,360,0,0
2025-09-20,Sabtu,SKU002,Beras Premium 5kg,Sembako,karung,72000,11.5,63700,63000,13,0,828100,9100,32,0,19,80,0,2026-09-14,359,0,0
2025-09-21,Minggu,SKU002,Beras Premium 5kg,Sembako,karung,72000,0.0,72000,63000,19,0,1368000,171000,19,0,0,0,0,2026-09-14,358,0,0
2025-09-22,Senin,SKU002,Beras Premium 5kg,Sembako,karung,72000,0.0,72000,63000,7,0,504000,63000,80,80,73,0,0,2026-09-22,365,0,0
2025-09-23,Selasa,SKU002,Beras Premium 5kg,Sembako,karung,72000,11.5,63700,63000,9,0,573300,6300,73,0,64,0,0,2026-09-22,364,0,0
2025-09-24,Rabu,SKU002,Beras Premium 5kg,Sembako,karung,72000,0.0,72000,63000,5,0,360000,45000,64,0,59,0,0,2026-09-22,363,0,0
2025-09-25,Kamis,SKU002,Beras Premium 5kg,Sembako,karung,72000,11.5,63700,63000,15,0,955500,10500,59,0,44,0,0,2026-09-22,362,1,0
2025-09-26,Jumat,SKU002,Beras Premium 5kg,Sembako,karung,72000,0.0,72000,63000,9,0,648000,81000,44,0,35,0,0,2026-09-22,361,1,0
2025-09-27,Sabtu,SKU002,Beras Premium 5kg,Sembako,karung,72000,0.0,72000,63000,10,0,720000,90000,35,0,25,176,0,2026-09-22,360,1,0
2025-09-28,Minggu,SKU002,Beras Premium 5kg,Sembako,karung,72000,0.0,72000,63000,4,0,288000,36000,25,0,21,0,0,2026-09-22,359,1,0
2025-09-29,Senin,SKU002,Beras Premium 5kg,Sembako,karung,72000,11.5,63700,63000,9,0,573300,6300,21,0,12,0,0,2026-09-22,358,1,0
2025-09-30,Selasa,SKU002,Beras Premium 5kg,Sembako,karung,72000,0.0,72000,63000,3,0,216000,27000,188,176,185,0,0,2026-09-30,365,1,0
2025-10-01,Rabu,SKU002,Beras Premium 5kg,Sembako,karung,72000,0.0,72000,63000,18,0,1296000,162000,185,0,167,0,0,2026-09-30,364,1,0
2025-10-02,Kamis,SKU002,Beras Premium 5kg,Sembako,karung,72000,0.0,72000,63000,14,0,1008000,126000,167,0,153,0,0,2026-09-30,363,1,0
2025-10-03,Jumat,SKU002,Beras Premium 5kg,Sembako,karung,72000,0.0,72000,63000,12,0,864000,108000,153,0,141,0,0,2026-09-30,362,1,0
2025-10-04,Sabtu,SKU002,Beras Premium 5kg,Sembako,karung,72000,10.0,64800,63000,16,0,1036800,28800,141,0,125,0,0,2026-09-30,361,1,0
2025-10-05,Minggu,SKU002,Beras Premium 5kg,Sembako,karung,72000,0.0,72000,63000,12,0,864000,108000,125,0,113,0,0,2026-09-30,360,1,0
2025-10-06,Senin,SKU002,Beras Premium 5kg,Sembako,karung,72000,0.0,72000,63000,8,0,576000,72000,113,0,105,0,0,2026-09-30,359,0,0
2025-10-07,Selasa,SKU002,Beras Premium 5kg,Sembako,karung,72000,0.0,72000,63000,13,0,936000,117000,105,0,92,0,0,2026-09-30,358,0,0
2025-10-08,Rabu,SKU002,Beras Premium 5kg,Sembako,karung,72000,0.0,72000,63000,5,0,360000,45000,92,0,87,0,0,2026-09-30,357,0,0
2025-10-09,Kamis,SKU002,Beras Premium 5kg,Sembako,karung,72000,0.0,72000,63000,8,0,576000,72000,87,0,79,0,0,2026-09-30,356,0,0
2025-10-10,Jumat,SKU002,Beras Premium 5kg,Sembako,karung,72000,0.0,72000,63000,16,0,1152000,144000,79,0,63,0,0,2026-09-30,355,0,0
2025-10-11,Sabtu,SKU002,Beras Premium 5kg,Sembako,karung,72000,0.0,72000,63000,21,0,1512000,189000,63,0,42,0,0,2026-09-30,354,0,0
2025-10-12,Minggu,SKU002,Beras Premium 5kg,Sembako,karung,72000,0.0,72000,63000,6,0,432000,54000,42,0,36,0,0,2026-09-30,353,0,0
2025-10-13,Senin,SKU002,Beras Premium 5kg,Sembako,karung,72000,0.0,72000,63000,10,0,720000,90000,36,0,26,80,0,2026-09-30,352,0,0
2025-10-14,Selasa,SKU002,Beras Premium 5kg,Sembako,karung,72000,0.0,72000,63000,7,0,504000,63000,26,0,19,0,0,2026-09-30,351,0,0
2025-10-15,Rabu,SKU002,Beras Premium 5kg,Sembako,karung,72000,0.0,72000,63000,8,0,576000,72000,99,80,91,0,0,2026-10-15,365,0,0
2025-10-16,Kamis,SKU002,Beras Premium 5kg,Sembako,karung,72000,10.0,64800,63000,14,0,907200,25200,91,0,77,0,0,2026-10-15,364,0,0
2025-10-17,Jumat,SKU002,Beras Premium 5kg,Sembako,karung,72000,0.0,72000,63000,9,0,648000,81000,77,0,68,0,0,2026-10-15,363,0,0
2025-10-18,Sabtu,SKU002,Beras Premium 5kg,Sembako,karung,72000,0.0,72000,63000,8,0,576000,72000,68,0,60,0,0,2026-10-15,362,0,0
2025-10-19,Minggu,SKU002,Beras Premium 5kg,Sembako,karung,72000,0.0,72000,63000,5,0,360000,45000,60,0,55,0,0,2026-10-15,361,0,0
2025-10-20,Senin,SKU002,Beras Premium 5kg,Sembako,karung,72000,11.5,63700,63000,10,0,637000,7000,55,0,45,0,0,2026-10-15,360,0,0
2025-10-21,Selasa,SKU002,Beras Premium 5kg,Sembako,karung,72000,0.0,72000,63000,6,0,432000,54000,45,0,39,0,0,2026-10-15,359,0,0
2025-10-22,Rabu,SKU002,Beras Premium 5kg,Sembako,karung,72000,11.5,63700,63000,5,0,318500,3500,39,0,34,0,0,2026-10-15,358,0,0
2025-10-23,Kamis,SKU002,Beras Premium 5kg,Sembako,karung,72000,0.0,72000,63000,7,0,504000,63000,34,0,27,80,0,2026-10-15,357,0,0
2025-10-24,Jumat,SKU002,Beras Premium 5kg,Sembako,karung,72000,0.0,72000,63000,5,0,360000,45000,107,80,102,0,0,2026-10-24,365,0,0
2025-10-25,Sabtu,SKU002,Beras Premium 5kg,Sembako,karung,72000,11.5,63700,63000,18,0,1146600,12600,102,0,84,0,0,2026-10-24,364,1,0
2025-10-26,Minggu,SKU002,Beras Premium 5kg,Sembako,karung,72000,11.5,63700,63000,9,0,573300,6300,84,0,75,0,0,2026-10-24,363,1,0
2025-10-27,Senin,SKU002,Beras Premium 5kg,Sembako,karung,72000,11.5,63700,63000,8,0,509600,5600,75,0,67,0,0,2026-10-24,362,1,0
2025-10-28,Selasa,SKU002,Beras Premium 5kg,Sembako,karung,72000,0.0,72000,63000,11,0,792000,99000,67,0,56,0,0,2026-10-24,361,1,0
2025-10-29,Rabu,SKU002,Beras Premium 5kg,Sembako,karung,72000,0.0,72000,63000,10,0,720000,90000,56,0,46,0,0,2026-10-24,360,1,0
2025-10-30,Kamis,SKU002,Beras Premium 5kg,Sembako,karung,72000,11.5,63700,63000,8,0,509600,5600,46,0,38,0,0,2026-10-24,359,1,0
2025-10-31,Jumat,SKU002,Beras Premium 5kg,Sembako,karung,72000,10.0,64800,63000,19,0,1231200,34200,38,0,19,80,0,2026-10-24,358,1,0
2025-11-01,Sabtu,SKU002,Beras Premium 5kg,Sembako,karung,72000,0.0,72000,63000,11,0,792000,99000,19,0,8,0,0,2026-10-24,357,1,0
2025-11-02,Minggu,SKU002,Beras Premium 5kg,Sembako,karung,72000,11.5,63700,63000,18,0,1146600,12600,88,80,70,0,0,2026-11-02,365,1,0
2025-11-03,Senin,SKU002,Beras Premium 5kg,Sembako,karung,72000,0.0,72000,63000,12,0,864000,108000,70,0,58,0,0,2026-11-02,364,1,0
2025-11-04,Selasa,SKU002,Beras Premium 5kg,Sembako,karung,72000,0.0,72000,63000,7,0,504000,63000,58,0,51,0,0,2026-11-02,363,1,0
2025-11-05,Rabu,SKU002,Beras Premium 5kg,Sembako,karung,72000,0.0,72000,63000,12,0,864000,108000,51,0,39,0,0,2026-11-02,362,1,0
2025-11-06,Kamis,SKU002,Beras Premium 5kg,Sembako,karung,72000,0.0,72000,63000,18,0,1296000,162000,39,0,21,80,0,2026-11-02,361,0,0
2025-11-07,Jumat,SKU002,Beras Premium 5kg,Sembako,karung,72000,0.0,72000,63000,5,0,360000,45000,21,0,16,0,0,2026-11-02,360,0,0
2025-11-08,Sabtu,SKU002,Beras Premium 5kg,Sembako,karung,72000,0.0,72000,63000,12,0,864000,108000,96,80,84,0,0,2026-11-08,365,0,0
2025-11-09,Minggu,SKU002,Beras Premium 5kg,Sembako,karung,72000,0.0,72000,63000,15,0,1080000,135000,84,0,69,0,0,2026-11-08,364,0,0
2025-11-10,Senin,SKU002,Beras Premium 5kg,Sembako,karung,72000,0.0,72000,63000,6,0,432000,54000,69,0,63,0,0,2026-11-08,363,0,0
2025-11-11,Selasa,SKU002,Beras Premium 5kg,Sembako,karung,72000,11.5,63700,63000,9,0,573300,6300,63,0,54,0,0,2026-11-08,362,0,0
2025-11-12,Rabu,SKU002,Beras Premium 5kg,Sembako,karung,72000,11.5,63700,63000,20,0,1274000,14000,54,0,34,0,0,2026-11-08,361,0,0
2025-11-13,Kamis,SKU002,Beras Premium 5kg,Sembako,karung,72000,8.0,66200,63000,9,0,595800,28800,34,0,25,80,0,2026-11-08,360,0,0
2025-11-14,Jumat,SKU002,Beras Premium 5kg,Sembako,karung,72000,0.0,72000,63000,8,0,576000,72000,25,0,17,0,0,2026-11-08,359,0,0
2025-11-15,Sabtu,SKU002,Beras Premium 5kg,Sembako,karung,72000,0.0,72000,63000,8,0,576000,72000,17,0,9,0,0,2026-11-08,358,0,0
2025-11-16,Minggu,SKU002,Beras Premium 5kg,Sembako,karung,72000,11.5,63700,63000,8,0,509600,5600,89,80,81,0,0,2026-11-16,365,0,0
2025-11-17,Senin,SKU002,Beras Premium 5kg,Sembako,karung,72000,0.0,72000,63000,10,0,720000,90000,81,0,71,0,0,2026-11-16,364,0,0
2025-11-18,Selasa,SKU002,Beras Premium 5kg,Sembako,karung,72000,0.0,72000,63000,4,0,288000,36000,71,0,67,0,0,2026-11-16,363,0,0
2025-11-19,Rabu,SKU002,Beras Premium 5kg,Sembako,karung,72000,0.0,72000,63000,11,0,792000,99000,67,0,56,0,0,2026-11-16,362,0,0
2025-11-20,Kamis,SKU002,Beras Premium 5kg,Sembako,karung,72000,0.0,72000,63000,9,0,648000,81000,56,0,47,0,0,2026-11-16,361,0,0
2025-11-21,Jumat,SKU002,Beras Premium 5kg,Sembako,karung,72000,11.5,63700,63000,13,0,828100,9100,47,0,34,0,0,2026-11-16,360,0,0
2025-11-22,Sabtu,SKU002,Beras Premium 5kg,Sembako,karung,72000,0.0,72000,63000,7,0,504000,63000,34,0,27,176,0,2026-11-16,359,0,0
2025-11-23,Minggu,SKU002,Beras Premium 5kg,Sembako,karung,72000,0.0,72000,63000,8,0,576000,72000,27,0,19,0,0,2026-11-16,358,0,0
2025-11-24,Senin,SKU002,Beras Premium 5kg,Sembako,karung,72000,0.0,72000,63000,9,0,648000,81000,195,176,186,0,0,2026-11-24,365,0,0
2025-11-25,Selasa,SKU002,Beras Premium 5kg,Sembako,karung,72000,0.0,72000,63000,14,0,1008000,126000,186,0,172,0,0,2026-11-24,364,1,0
2025-11-26,Rabu,SKU002,Beras Premium 5kg,Sembako,karung,72000,11.5,63700,63000,12,0,764400,8400,172,0,160,0,0,2026-11-24,363,1,0
2025-11-27,Kamis,SKU002,Beras Premium 5kg,Sembako,karung,72000,0.0,72000,63000,11,0,792000,99000,160,0,149,0,0,2026-11-24,362,1,0
2025-11-28,Jumat,SKU002,Beras Premium 5kg,Sembako,karung,72000,11.5,63700,63000,13,0,828100,9100,149,0,136,0,0,2026-11-24,361,1,0
2025-11-29,Sabtu,SKU002,Beras Premium 5kg,Sembako,karung,72000,0.0,72000,63000,10,0,720000,90000,136,0,126,0,0,2026-11-24,360,1,0
2025-11-30,Minggu,SKU002,Beras Premium 5kg,Sembako,karung,72000,11.5,63700,63000,19,0,1210300,13300,126,0,107,0,0,2026-11-24,359,1,0
2025-12-01,Senin,SKU002,Beras Premium 5kg,Sembako,karung,72000,0.0,72000,63000,16,0,1152000,144000,107,0,91,0,0,2026-11-24,358,1,0
2025-12-02,Selasa,SKU002,Beras Premium 5kg,Sembako,karung,72000,0.0,72000,63000,10,0,720000,90000,91,0,81,0,0,2026-11-24,357,1,0
2025-12-03,Rabu,SKU002,Beras Premium 5kg,Sembako,karung,72000,11.5,63700,63000,15,0,955500,10500,81,0,66,0,0,2026-11-24,356,1,0
2025-12-04,Kamis,SKU002,Beras Premium 5kg,Sembako,karung,72000,0.0,72000,63000,13,0,936000,117000,66,0,53,0,0,2026-11-24,355,1,0
2025-12-05,Jumat,SKU002,Beras Premium 5kg,Sembako,karung,72000,0.0,72000,63000,15,0,1080000,135000,53,0,38,0,0,2026-11-24,354,1,0
2025-12-06,Sabtu,SKU002,Beras Premium 5kg,Sembako,karung,72000,0.0,72000,63000,10,0,720000,90000,38,0,28,80,0,2026-11-24,353,0,0
2025-12-07,Minggu,SKU002,Beras Premium 5kg,Sembako,karung,72000,0.0,72000,63000,12,0,864000,108000,108,80,96,0,0,2026-12-07,365,0,0
2025-12-08,Senin,SKU002,Beras Premium 5kg,Sembako,karung,72000,0.0,72000,63000,6,0,432000,54000,96,0,90,0,0,2026-12-07,364,0,0
2025-12-09,Selasa,SKU002,Beras Premium 5kg,Sembako,karung,72000,11.5,63700,63000,9,0,573300,6300,90,0,81,0,0,2026-12-07,363,0,0
2025-12-10,Rabu,SKU002,Beras Premium 5kg,Sembako,karung,72000,11.5,63700,63000,11,0,700700,7700,81,0,70,0,0,2026-12-07,362,0,0
2025-12-11,Kamis,SKU002,Beras Premium 5kg,Sembako,karung,72000,0.0,72000,63000,7,0,504000,63000,70,0,63,0,0,2026-12-07,361,0,0
2025-12-12,Jumat,SKU002,Beras Premium 5kg,Sembako,karung,72000,11.5,63700,63000,10,0,637000,7000,63,0,53,0,0,2026-12-07,360,0,0
2025-12-13,Sabtu,SKU002,Beras Premium 5kg,Sembako,karung,72000,0.0,72000,63000,12,0,864000,108000,53,0,41,0,0,2026-12-07,359,0,0
2025-12-14,Minggu,SKU002,Beras Premium 5kg,Sembako,karung,72000,0.0,72000,63000,7,0,504000,63000,41,0,34,0,0,2026-12-07,358,0,0
2025-12-15,Senin,SKU002,Beras Premium 5kg,Sembako,karung,72000,8.0,66200,63000,8,0,529600,25600,34,0,26,80,0,2026-12-07,357,0,0
2025-12-16,Selasa,SKU002,Beras Premium 5kg,Sembako,karung,72000,0.0,72000,63000,8,0,576000,72000,26,0,18,0,0,2026-12-07,356,0,0
2025-12-17,Rabu,SKU002,Beras Premium 5kg,Sembako,karung,72000,0.0,72000,63000,12,0,864000,108000,98,80,86,0,0,2026-12-17,365,0,0
2025-12-18,Kamis,SKU002,Beras Premium 5kg,Sembako,karung,72000,5.0,68400,63000,10,0,684000,54000,86,0,76,0,0,2026-12-17,364,0,0
2025-12-19,Jumat,SKU002,Beras Premium 5kg,Sembako,karung,72000,0.0,72000,63000,5,0,360000,45000,76,0,71,0,0,2026-12-17,363,0,0
2025-12-20,Sabtu,SKU002,Beras Premium 5kg,Sembako,karung,72000,0.0,72000,63000,9,0,648000,81000,71,0,62,0,0,2026-12-17,362,0,0
2025-12-21,Minggu,SKU002,Beras Premium 5kg,Sembako,karung,72000,5.0,68400,63000,14,0,957600,75600,62,0,48,0,0,2026-12-17,361,0,0
2025-12-22,Senin,SKU002,Beras Premium 5kg,Sembako,karung,72000,0.0,72000,63000,6,0,432000,54000,48,0,42,0,0,2026-12-17,360,0,0
2025-12-23,Selasa,SKU002,Beras Premium 5kg,Sembako,karung,72000,0.0,72000,63000,5,0,360000,45000,42,0,37,0,0,2026-12-17,359,0,0
2025-12-24,Rabu,SKU002,Beras Premium 5kg,Sembako,karung,72000,11.5,63700,63000,13,0,828100,9100,37,0,24,80,0,2026-12-17,358,0,0
2025-12-25,Kamis,SKU002,Beras Premium 5kg,Sembako,karung,72000,0.0,72000,63000,15,0,1080000,135000,24,0,9,0,0,2026-12-17,357,1,0
2025-12-26,Jumat,SKU002,Beras Premium 5kg,Sembako,karung,72000,0.0,72000,63000,11,0,792000,99000,89,80,78,0,0,2026-12-26,365,1,0
2025-12-27,Sabtu,SKU002,Beras Premium 5kg,Sembako,karung,72000,0.0,72000,63000,16,0,1152000,144000,78,0,62,0,0,2026-12-26,364,1,0
2025-12-28,Minggu,SKU002,Beras Premium 5kg,Sembako,karung,72000,11.5,63700,63000,11,0,700700,7700,62,0,51,0,0,2026-12-26,363,1,0
2025-12-29,Senin,SKU002,Beras Premium 5kg,Sembako,karung,72000,0.0,72000,63000,9,0,648000,81000,51,0,42,0,0,2026-12-26,362,1,0
2025-12-30,Selasa,SKU002,Beras Premium 5kg,Sembako,karung,72000,0.0,72000,63000,17,0,1224000,153000,42,0,25,80,0,2026-12-26,361,1,0
2025-12-31,Rabu,SKU002,Beras Premium 5kg,Sembako,karung,72000,0.0,72000,63000,9,0,648000,81000,25,0,16,0,0,2026-12-26,360,1,0
2026-01-01,Kamis,SKU002,Beras Premium 5kg,Sembako,karung,72000,11.5,63700,63000,7,0,445900,4900,96,80,89,0,0,2027-01-01,365,1,0
2026-01-02,Jumat,SKU002,Beras Premium 5kg,Sembako,karung,72000,0.0,72000,63000,11,0,792000,99000,89,0,78,0,0,2027-01-01,364,1,0
2026-01-03,Sabtu,SKU002,Beras Premium 5kg,Sembako,karung,72000,5.0,68400,63000,11,0,752400,59400,78,0,67,0,0,2027-01-01,363,1,0
2026-01-04,Minggu,SKU002,Beras Premium 5kg,Sembako,karung,72000,0.0,72000,63000,6,0,432000,54000,67,0,61,0,0,2027-01-01,362,1,0
2026-01-05,Senin,SKU002,Beras Premium 5kg,Sembako,karung,72000,0.0,72000,63000,8,0,576000,72000,61,0,53,0,0,2027-01-01,361,1,0
2026-01-06,Selasa,SKU002,Beras Premium 5kg,Sembako,karung,72000,0.0,72000,63000,6,0,432000,54000,53,0,47,0,0,2027-01-01,360,0,0
2026-01-07,Rabu,SKU002,Beras Premium 5kg,Sembako,karung,72000,0.0,72000,63000,11,0,792000,99000,47,0,36,0,0,2027-01-01,359,0,0
2026-01-08,Kamis,SKU002,Beras Premium 5kg,Sembako,karung,72000,0.0,72000,63000,9,0,648000,81000,36,0,27,80,0,2027-01-01,358,0,0
2026-01-09,Jumat,SKU002,Beras Premium 5kg,Sembako,karung,72000,0.0,72000,63000,8,0,576000,72000,27,0,19,0,0,2027-01-01,357,0,0
2026-01-10,Sabtu,SKU002,Beras Premium 5kg,Sembako,karung,72000,0.0,72000,63000,17,0,1224000,153000,99,80,82,0,0,2027-01-10,365,0,0
2026-01-11,Minggu,SKU002,Beras Premium 5kg,Sembako,karung,72000,0.0,72000,63000,12,0,864000,108000,82,0,70,0,0,2027-01-10,364,0,0
2026-01-12,Senin,SKU002,Beras Premium 5kg,Sembako,karung,72000,0.0,72000,63000,6,0,432000,54000,70,0,64,0,0,2027-01-10,363,0,0
2026-01-13,Selasa,SKU002,Beras Premium 5kg,Sembako,karung,72000,5.0,68400,63000,10,0,684000,54000,64,0,54,0,0,2027-01-10,362,0,0
2026-01-14,Rabu,SKU002,Beras Premium 5kg,Sembako,karung,72000,0.0,72000,63000,5,0,360000,45000,54,0,49,0,0,2027-01-10,361,0,0
2026-01-15,Kamis,SKU002,Beras Premium 5kg,Sembako,karung,72000,0.0,72000,63000,7,0,504000,63000,49,0,42,0,0,2027-01-10,360,0,0
2026-01-16,Jumat,SKU002,Beras Premium 5kg,Sembako,karung,72000,10.0,64800,63000,11,0,712800,19800,42,0,31,0,0,2027-01-10,359,0,0
2026-01-17,Sabtu,SKU002,Beras Premium 5kg,Sembako,karung,72000,0.0,72000,63000,11,0,792000,99000,31,0,20,80,0,2027-01-10,358,0,0
2026-01-18,Minggu,SKU002,Beras Premium 5kg,Sembako,karung,72000,0.0,72000,63000,10,0,720000,90000,20,0,10,0,0,2027-01-10,357,0,0
2026-01-19,Senin,SKU002,Beras Premium 5kg,Sembako,karung,72000,0.0,72000,63000,10,0,720000,90000,90,80,80,0,0,2027-01-19,365,0,0
2026-01-20,Selasa,SKU002,Beras Premium 5kg,Sembako,karung,72000,0.0,72000,63000,5,0,360000,45000,80,0,75,0,0,2027-01-19,364,0,0
2026-01-21,Rabu,SKU002,Beras Premium 5kg,Sembako,karung,72000,11.5,63700,63000,11,0,700700,7700,75,0,64,0,0,2027-01-19,363,0,0
2026-01-22,Kamis,SKU002,Beras Premium 5kg,Sembako,karung,72000,0.0,72000,63000,7,0,504000,63000,64,0,57,0,0,2027-01-19,362,0,0
2026-01-23,Jumat,SKU002,Beras Premium 5kg,Sembako,karung,72000,11.5,63700,63000,16,0,1019200,11200,57,0,41,0,0,2027-01-19,361,0,0
2026-01-24,Sabtu,SKU002,Beras Premium 5kg,Sembako,karung,72000,10.0,64800,63000,16,0,1036800,28800,41,0,25,80,0,2027-01-19,360,0,0
2026-01-25,Minggu,SKU002,Beras Premium 5kg,Sembako,karung,72000,0.0,72000,63000,10,0,720000,90000,105,80,95,0,0,2027-01-25,365,1,0
2026-01-26,Senin,SKU002,Beras Premium 5kg,Sembako,karung,72000,11.5,63700,63000,14,0,891800,9800,95,0,81,0,0,2027-01-25,364,1,0
2026-01-27,Selasa,SKU002,Beras Premium 5kg,Sembako,karung,72000,0.0,72000,63000,8,0,576000,72000,81,0,73,0,0,2027-01-25,363,1,0
2026-01-28,Rabu,SKU002,Beras Premium 5kg,Sembako,karung,72000,0.0,72000,63000,11,0,792000,99000,73,0,62,0,0,2027-01-25,362,1,0
2026-01-29,Kamis,SKU002,Beras Premium 5kg,Sembako,karung,72000,0.0,72000,63000,12,0,864000,108000,62,0,50,0,0,2027-01-25,361,1,0
2026-01-30,Jumat,SKU002,Beras Premium 5kg,Sembako,karung,72000,11.5,63700,63000,13,0,828100,9100,50,0,37,0,0,2027-01-25,360,1,0
2026-01-31,Sabtu,SKU002,Beras Premium 5kg,Sembako,karung,72000,0.0,72000,63000,25,0,1800000,225000,37,0,12,80,0,2027-01-25,359,1,0
2026-02-01,Minggu,SKU002,Beras Premium 5kg,Sembako,karung,72000,0.0,72000,63000,7,0,504000,63000,92,80,85,0,0,2027-02-01,365,1,0
2026-02-02,Senin,SKU002,Beras Premium 5kg,Sembako,karung,72000,0.0,72000,63000,14,0,1008000,126000,85,0,71,0,0,2027-02-01,364,1,0
2026-02-03,Selasa,SKU002,Beras Premium 5kg,Sembako,karung,72000,0.0,72000,63000,7,0,504000,63000,71,0,64,0,0,2027-02-01,363,1,0
2026-02-04,Rabu,SKU002,Beras Premium 5kg,Sembako,karung,72000,11.5,63700,63000,18,0,1146600,12600,64,0,46,0,0,2027-02-01,362,1,0
2026-02-05,Kamis,SKU002,Beras Premium 5kg,Sembako,karung,72000,0.0,72000,63000,8,0,576000,72000,46,0,38,0,0,2027-02-01,361,1,0
2026-02-06,Jumat,SKU002,Beras Premium 5kg,Sembako,karung,72000,0.0,72000,63000,6,0,432000,54000,38,0,32,0,0,2027-02-01,360,0,0
2026-02-07,Sabtu,SKU002,Beras Premium 5kg,Sembako,karung,72000,0.0,72000,63000,6,0,432000,54000,32,0,26,80,0,2027-02-01,359,0,0
2026-02-08,Minggu,SKU002,Beras Premium 5kg,Sembako,karung,72000,5.0,68400,63000,20,0,1368000,108000,106,80,86,0,0,2027-02-08,365,0,0
2026-02-09,Senin,SKU002,Beras Premium 5kg,Sembako,karung,72000,0.0,72000,63000,10,0,720000,90000,86,0,76,0,0,2027-02-08,364,0,0
2026-02-10,Selasa,SKU002,Beras Premium 5kg,Sembako,karung,72000,0.0,72000,63000,5,0,360000,45000,76,0,71,0,0,2027-02-08,363,0,0
2026-02-11,Rabu,SKU002,Beras Premium 5kg,Sembako,karung,72000,11.5,63700,63000,16,0,1019200,11200,71,0,55,0,0,2027-02-08,362,0,0
2026-02-12,Kamis,SKU002,Beras Premium 5kg,Sembako,karung,72000,5.0,68400,63000,6,0,410400,32400,55,0,49,0,0,2027-02-08,361,0,0
2026-02-13,Jumat,SKU002,Beras Premium 5kg,Sembako,karung,72000,11.5,63700,63000,17,0,1082900,11900,49,0,32,0,0,2027-02-08,360,0,0
2026-02-14,Sabtu,SKU002,Beras Premium 5kg,Sembako,karung,72000,0.0,72000,63000,11,0,792000,99000,32,0,21,176,0,2027-02-08,359,0,0
2026-02-15,Minggu,SKU002,Beras Premium 5kg,Sembako,karung,72000,11.5,63700,63000,15,0,955500,10500,21,0,6,0,0,2027-02-08,358,0,0
2026-02-16,Senin,SKU002,Beras Premium 5kg,Sembako,karung,72000,0.0,72000,63000,2,0,144000,18000,6,0,4,0,0,2027-02-08,357,0,0
2026-02-17,Selasa,SKU002,Beras Premium 5kg,Sembako,karung,72000,5.0,68400,63000,14,0,957600,75600,180,176,166,0,0,2027-02-17,365,0,1
2026-02-18,Rabu,SKU002,Beras Premium 5kg,Sembako,karung,72000,11.5,63700,63000,7,0,445900,4900,166,0,159,0,0,2027-02-17,364,0,1
2026-02-19,Kamis,SKU002,Beras Premium 5kg,Sembako,karung,72000,0.0,72000,63000,6,0,432000,54000,159,0,153,0,0,2027-02-17,363,0,1
2026-02-20,Jumat,SKU002,Beras Premium 5kg,Sembako,karung,72000,0.0,72000,63000,16,0,1152000,144000,153,0,137,0,0,2027-02-17,362,0,1
2026-02-21,Sabtu,SKU002,Beras Premium 5kg,Sembako,karung,72000,0.0,72000,63000,7,0,504000,63000,137,0,130,0,0,2027-02-17,361,0,1
2026-02-22,Minggu,SKU002,Beras Premium 5kg,Sembako,karung,72000,0.0,72000,63000,20,0,1440000,180000,130,0,110,0,0,2027-02-17,360,0,1
2026-02-23,Senin,SKU002,Beras Premium 5kg,Sembako,karung,72000,0.0,72000,63000,8,0,576000,72000,110,0,102,0,0,2027-02-17,359,0,1
2026-02-24,Selasa,SKU002,Beras Premium 5kg,Sembako,karung,72000,11.5,63700,63000,5,0,318500,3500,102,0,97,0,0,2027-02-17,358,0,1
2026-02-25,Rabu,SKU002,Beras Premium 5kg,Sembako,karung,72000,0.0,72000,63000,9,0,648000,81000,97,0,88,0,0,2027-02-17,357,1,1
2026-02-26,Kamis,SKU002,Beras Premium 5kg,Sembako,karung,72000,0.0,72000,63000,9,0,648000,81000,88,0,79,0,0,2027-02-17,356,1,1
2026-02-27,Jumat,SKU002,Beras Premium 5kg,Sembako,karung,72000,0.0,72000,63000,28,0,2016000,252000,79,0,51,0,0,2027-02-17,355,1,1
2026-02-28,Sabtu,SKU002,Beras Premium 5kg,Sembako,karung,72000,0.0,72000,63000,27,0,1944000,243000,51,0,24,80,0,2027-02-17,354,1,1
2026-03-01,Minggu,SKU002,Beras Premium 5kg,Sembako,karung,72000,0.0,72000,63000,21,0,1512000,189000,24,0,3,0,0,2027-02-17,353,1,1
2026-03-02,Senin,SKU002,Beras Premium 5kg,Sembako,karung,72000,11.5,63700,63000,13,0,828100,9100,83,80,70,0,0,2027-03-02,365,1,1
2026-03-03,Selasa,SKU002,Beras Premium 5kg,Sembako,karung,72000,0.0,72000,63000,8,0,576000,72000,70,0,62,0,0,2027-03-02,364,1,1
2026-03-04,Rabu,SKU002,Beras Premium 5kg,Sembako,karung,72000,0.0,72000,63000,13,0,936000,117000,62,0,49,0,0,2027-03-02,363,1,1
2026-03-05,Kamis,SKU002,Beras Premium 5kg,Sembako,karung,72000,0.0,72000,63000,22,0,1584000,198000,49,0,27,80,0,2027-03-02,362,1,1
2026-03-06,Jumat,SKU002,Beras Premium 5kg,Sembako,karung,72000,0.0,72000,63000,16,0,1152000,144000,107,80,91,0,0,2027-03-06,365,0,1
2026-03-07,Sabtu,SKU002,Beras Premium 5kg,Sembako,karung,72000,5.0,68400,63000,19,0,1299600,102600,91,0,72,0,0,2027-03-06,364,0,1
2026-03-08,Minggu,SKU002,Beras Premium 5kg,Sembako,karung,72000,0.0,72000,63000,15,0,1080000,135000,72,0,57,0,0,2027-03-06,363,0,1
2026-03-09,Senin,SKU002,Beras Premium 5kg,Sembako,karung,72000,11.5,63700,63000,7,0,445900,4900,57,0,50,0,0,2027-03-06,362,0,1
2026-03-10,Selasa,SKU002,Beras Premium 5kg,Sembako,karung,72000,5.0,68400,63000,13,0,889200,70200,50,0,37,0,0,2027-03-06,361,0,1
2026-03-11,Rabu,SKU002,Beras Premium 5kg,Sembako,karung,72000,0.0,72000,63000,8,0,576000,72000,37,0,29,0,0,2027-03-06,360,0,1
2026-03-12,Kamis,SKU002,Beras Premium 5kg,Sembako,karung,72000,0.0,72000,63000,11,0,792000,99000,29,0,18,80,0,2027-03-06,359,0,1
2026-03-13,Jumat,SKU002,Beras Premium 5kg,Sembako,karung,72000,0.0,72000,63000,9,0,648000,81000,18,0,9,0,0,2027-03-06,358,0,1
2026-03-14,Sabtu,SKU002,Beras Premium 5kg,Sembako,karung,72000,0.0,72000,63000,9,10,648000,81000,9,0,0,0,0,2027-03-06,357,0,1
2026-03-15,Minggu,SKU002,Beras Premium 5kg,Sembako,karung,72000,0.0,72000,63000,4,0,288000,36000,80,80,76,0,0,2027-03-15,365,0,1
2026-03-16,Senin,SKU002,Beras Premium 5kg,Sembako,karung,72000,11.5,63700,63000,15,0,955500,10500,76,0,61,0,0,2027-03-15,364,0,1
2026-03-17,Selasa,SKU002,Beras Premium 5kg,Sembako,karung,72000,0.0,72000,63000,17,0,1224000,153000,61,0,44,0,0,2027-03-15,363,0,1
2026-03-18,Rabu,SKU002,Beras Premium 5kg,Sembako,karung,72000,8.0,66200,63000,17,0,1125400,54400,44,0,27,80,0,2027-03-15,362,0,1
2026-03-19,Kamis,SKU002,Beras Premium 5kg,Sembako,karung,72000,0.0,72000,63000,8,0,576000,72000,27,0,19,0,0,2027-03-15,361,0,1
2026-03-20,Jumat,SKU002,Beras Premium 5kg,Sembako,karung,72000,0.0,72000,63000,4,0,288000,36000,99,80,95,0,0,2027-03-20,365,0,0
2026-03-21,Sabtu,SKU002,Beras Premium 5kg,Sembako,karung,72000,0.0,72000,63000,14,0,1008000,126000,95,0,81,0,0,2027-03-20,364,0,0
2026-03-22,Minggu,SKU002,Beras Premium 5kg,Sembako,karung,72000,0.0,72000,63000,4,0,288000,36000,81,0,77,0,0,2027-03-20,363,0,0
2026-03-23,Senin,SKU002,Beras Premium 5kg,Sembako,karung,72000,0.0,72000,63000,6,0,432000,54000,77,0,71,0,0,2027-03-20,362,0,0
2026-03-24,Selasa,SKU002,Beras Premium 5kg,Sembako,karung,72000,0.0,72000,63000,3,0,216000,27000,71,0,68,0,0,2027-03-20,361,0,0
2026-03-25,Rabu,SKU002,Beras Premium 5kg,Sembako,karung,72000,0.0,72000,63000,6,0,432000,54000,68,0,62,0,0,2027-03-20,360,1,0
2026-03-26,Kamis,SKU002,Beras Premium 5kg,Sembako,karung,72000,0.0,72000,63000,9,0,648000,81000,62,0,53,0,0,2027-03-20,359,1,0
2026-03-27,Jumat,SKU002,Beras Premium 5kg,Sembako,karung,72000,0.0,72000,63000,15,0,1080000,135000,53,0,38,0,0,2027-03-20,358,1,0
2026-03-28,Sabtu,SKU002,Beras Premium 5kg,Sembako,karung,72000,5.0,68400,63000,19,0,1299600,102600,38,0,19,80,0,2027-03-20,357,1,0
2026-03-29,Minggu,SKU002,Beras Premium 5kg,Sembako,karung,72000,0.0,72000,63000,14,0,1008000,126000,99,80,85,0,0,2027-03-29,365,1,0
2026-03-30,Senin,SKU002,Beras Premium 5kg,Sembako,karung,72000,8.0,66200,63000,11,0,728200,35200,85,0,74,0,0,2027-03-29,364,1,0
2026-03-31,Selasa,SKU002,Beras Premium 5kg,Sembako,karung,72000,11.5,63700,63000,16,0,1019200,11200,74,0,58,0,0,2027-03-29,363,1,0
2026-04-01,Rabu,SKU002,Beras Premium 5kg,Sembako,karung,72000,0.0,72000,63000,19,0,1368000,171000,58,0,39,0,0,2027-03-29,362,1,0
2026-04-02,Kamis,SKU002,Beras Premium 5kg,Sembako,karung,72000,11.5,63700,63000,11,0,700700,7700,39,0,28,80,0,2027-03-29,361,1,0
2026-04-03,Jumat,SKU002,Beras Premium 5kg,Sembako,karung,72000,0.0,72000,63000,11,0,792000,99000,28,0,17,0,0,2027-03-29,360,1,0
2026-04-04,Sabtu,SKU002,Beras Premium 5kg,Sembako,karung,72000,0.0,72000,63000,20,0,1440000,180000,97,80,77,0,0,2027-04-04,365,1,0
2026-04-05,Minggu,SKU002,Beras Premium 5kg,Sembako,karung,72000,0.0,72000,63000,16,0,1152000,144000,77,0,61,0,0,2027-04-04,364,1,0
2026-04-06,Senin,SKU002,Beras Premium 5kg,Sembako,karung,72000,0.0,72000,63000,14,0,1008000,126000,61,0,47,0,0,2027-04-04,363,0,0
2026-04-07,Selasa,SKU002,Beras Premium 5kg,Sembako,karung,72000,11.5,63700,63000,4,0,254800,2800,47,0,43,0,0,2027-04-04,362,0,0
2026-04-08,Rabu,SKU002,Beras Premium 5kg,Sembako,karung,72000,0.0,72000,63000,12,0,864000,108000,43,0,31,0,0,2027-04-04,361,0,0
2026-04-09,Kamis,SKU002,Beras Premium 5kg,Sembako,karung,72000,0.0,72000,63000,12,0,864000,108000,31,0,19,80,0,2027-04-04,360,0,0
2026-04-10,Jumat,SKU002,Beras Premium 5kg,Sembako,karung,72000,5.0,68400,63000,15,0,1026000,81000,19,0,4,0,0,2027-04-04,359,0,0
2026-04-11,Sabtu,SKU002,Beras Premium 5kg,Sembako,karung,72000,0.0,72000,63000,4,6,288000,36000,4,0,0,0,0,2027-04-04,358,0,0
2026-04-12,Minggu,SKU002,Beras Premium 5kg,Sembako,karung,72000,11.5,63700,63000,18,0,1146600,12600,80,80,62,0,0,2027-04-12,365,0,0
2026-04-13,Senin,SKU002,Beras Premium 5kg,Sembako,karung,72000,0.0,72000,63000,9,0,648000,81000,62,0,53,0,0,2027-04-12,364,0,0
2026-04-14,Selasa,SKU002,Beras Premium 5kg,Sembako,karung,72000,0.0,72000,63000,6,0,432000,54000,53,0,47,0,0,2027-04-12,363,0,0
2026-04-15,Rabu,SKU002,Beras Premium 5kg,Sembako,karung,72000,10.0,64800,63000,9,0,583200,16200,47,0,38,0,0,2027-04-12,362,0,0
2026-04-16,Kamis,SKU002,Beras Premium 5kg,Sembako,karung,72000,0.0,72000,63000,13,0,936000,117000,38,0,25,176,0,2027-04-12,361,0,0
2026-04-17,Jumat,SKU002,Beras Premium 5kg,Sembako,karung,72000,0.0,72000,63000,6,0,432000,54000,201,176,195,0,0,2027-04-17,365,0,0
2026-04-18,Sabtu,SKU002,Beras Premium 5kg,Sembako,karung,72000,0.0,72000,63000,8,0,576000,72000,195,0,187,0,0,2027-04-17,364,0,0
2026-04-19,Minggu,SKU002,Beras Premium 5kg,Sembako,karung,72000,11.5,63700,63000,5,0,318500,3500,187,0,182,0,0,2027-04-17,363,0,0
2026-04-20,Senin,SKU002,Beras Premium 5kg,Sembako,karung,72000,0.0,72000,63000,6,0,432000,54000,182,0,176,0,0,2027-04-17,362,0,0
2026-04-21,Selasa,SKU002,Beras Premium 5kg,Sembako,karung,72000,0.0,72000,63000,7,0,504000,63000,176,0,169,0,0,2027-04-17,361,0,0
2026-04-22,Rabu,SKU002,Beras Premium 5kg,Sembako,karung,72000,0.0,72000,63000,7,0,504000,63000,169,0,162,0,0,2027-04-17,360,0,0
2026-04-23,Kamis,SKU002,Beras Premium 5kg,Sembako,karung,72000,11.5,63700,63000,5,0,318500,3500,162,0,157,0,0,2027-04-17,359,0,0
2026-04-24,Jumat,SKU002,Beras Premium 5kg,Sembako,karung,72000,5.0,68400,63000,8,0,547200,43200,157,0,149,0,0,2027-04-17,358,0,0
2026-04-25,Sabtu,SKU002,Beras Premium 5kg,Sembako,karung,72000,0.0,72000,63000,10,0,720000,90000,149,0,139,0,0,2027-04-17,357,1,0
2026-04-26,Minggu,SKU002,Beras Premium 5kg,Sembako,karung,72000,0.0,72000,63000,17,0,1224000,153000,139,0,122,0,0,2027-04-17,356,1,0
2026-04-27,Senin,SKU002,Beras Premium 5kg,Sembako,karung,72000,0.0,72000,63000,12,0,864000,108000,122,0,110,0,0,2027-04-17,355,1,0
2026-04-28,Selasa,SKU002,Beras Premium 5kg,Sembako,karung,72000,0.0,72000,63000,16,0,1152000,144000,110,0,94,0,0,2027-04-17,354,1,0
2026-04-29,Rabu,SKU002,Beras Premium 5kg,Sembako,karung,72000,11.5,63700,63000,19,0,1210300,13300,94,0,75,0,0,2027-04-17,353,1,0
2026-04-30,Kamis,SKU002,Beras Premium 5kg,Sembako,karung,72000,8.0,66200,63000,18,0,1191600,57600,75,0,57,0,0,2027-04-17,352,1,0
2026-05-01,Jumat,SKU002,Beras Premium 5kg,Sembako,karung,72000,11.5,63700,63000,16,0,1019200,11200,57,0,41,0,0,2027-04-17,351,1,0
2026-05-02,Sabtu,SKU002,Beras Premium 5kg,Sembako,karung,72000,0.0,72000,63000,11,0,792000,99000,41,0,30,0,0,2027-04-17,350,1,0
2026-05-03,Minggu,SKU002,Beras Premium 5kg,Sembako,karung,72000,5.0,68400,63000,9,0,615600,48600,30,0,21,176,0,2027-04-17,349,1,0
2026-05-04,Senin,SKU002,Beras Premium 5kg,Sembako,karung,72000,0.0,72000,63000,16,0,1152000,144000,21,0,5,0,0,2027-04-17,348,1,0
2026-05-05,Selasa,SKU002,Beras Premium 5kg,Sembako,karung,72000,0.0,72000,63000,5,1,360000,45000,5,0,0,0,0,2027-04-17,347,1,0
2026-05-06,Rabu,SKU002,Beras Premium 5kg,Sembako,karung,72000,5.0,68400,63000,6,0,410400,32400,176,176,170,0,0,2027-05-06,365,0,0
2026-05-07,Kamis,SKU002,Beras Premium 5kg,Sembako,karung,72000,11.5,63700,63000,8,0,509600,5600,170,0,162,0,0,2027-05-06,364,0,0
2026-05-08,Jumat,SKU002,Beras Premium 5kg,Sembako,karung,72000,0.0,72000,63000,15,0,1080000,135000,162,0,147,0,0,2027-05-06,363,0,0
2026-05-09,Sabtu,SKU002,Beras Premium 5kg,Sembako,karung,72000,11.5,63700,63000,15,0,955500,10500,147,0,132,0,0,2027-05-06,362,0,0
2026-05-10,Minggu,SKU002,Beras Premium 5kg,Sembako,karung,72000,0.0,72000,63000,13,0,936000,117000,132,0,119,0,0,2027-05-06,361,0,0
2026-05-11,Senin,SKU002,Beras Premium 5kg,Sembako,karung,72000,0.0,72000,63000,10,0,720000,90000,119,0,109,0,0,2027-05-06,360,0,0
2026-05-12,Selasa,SKU002,Beras Premium 5kg,Sembako,karung,72000,0.0,72000,63000,11,0,792000,99000,109,0,98,0,0,2027-05-06,359,0,0
2026-05-13,Rabu,SKU002,Beras Premium 5kg,Sembako,karung,72000,11.5,63700,63000,8,0,509600,5600,98,0,90,0,0,2027-05-06,358,0,0
2026-05-14,Kamis,SKU002,Beras Premium 5kg,Sembako,karung,72000,0.0,72000,63000,7,0,504000,63000,90,0,83,0,0,2027-05-06,357,0,0
2026-05-15,Jumat,SKU002,Beras Premium 5kg,Sembako,karung,72000,0.0,72000,63000,5,0,360000,45000,83,0,78,0,0,2027-05-06,356,0,0
2026-05-16,Sabtu,SKU002,Beras Premium 5kg,Sembako,karung,72000,11.5,63700,63000,24,0,1528800,16800,78,0,54,0,0,2027-05-06,355,0,0
2026-05-17,Minggu,SKU002,Beras Premium 5kg,Sembako,karung,72000,0.0,72000,63000,11,0,792000,99000,54,0,43,0,0,2027-05-06,354,0,0
2026-05-18,Senin,SKU002,Beras Premium 5kg,Sembako,karung,72000,0.0,72000,63000,4,0,288000,36000,43,0,39,0,0,2027-05-06,353,0,0
2026-05-19,Selasa,SKU002,Beras Premium 5kg,Sembako,karung,72000,0.0,72000,63000,10,0,720000,90000,39,0,29,0,0,2027-05-06,352,0,0
2026-05-20,Rabu,SKU002,Beras Premium 5kg,Sembako,karung,72000,11.5,63700,63000,8,0,509600,5600,29,0,21,80,0,2027-05-06,351,0,0
2026-05-21,Kamis,SKU002,Beras Premium 5kg,Sembako,karung,72000,0.0,72000,63000,10,0,720000,90000,21,0,11,0,0,2027-05-06,350,0,0
2026-05-22,Jumat,SKU002,Beras Premium 5kg,Sembako,karung,72000,0.0,72000,63000,11,5,792000,99000,11,0,0,0,0,2027-05-06,349,0,0
2026-05-23,Sabtu,SKU002,Beras Premium 5kg,Sembako,karung,72000,0.0,72000,63000,11,0,792000,99000,80,80,69,0,0,2027-05-23,365,0,0
2026-05-24,Minggu,SKU002,Beras Premium 5kg,Sembako,karung,72000,0.0,72000,63000,8,0,576000,72000,69,0,61,0,0,2027-05-23,364,0,0
2026-05-25,Senin,SKU002,Beras Premium 5kg,Sembako,karung,72000,0.0,72000,63000,7,0,504000,63000,61,0,54,0,0,2027-05-23,363,1,0
2026-05-26,Selasa,SKU002,Beras Premium 5kg,Sembako,karung,72000,0.0,72000,63000,12,0,864000,108000,54,0,42,0,0,2027-05-23,362,1,0
2026-05-27,Rabu,SKU002,Beras Premium 5kg,Sembako,karung,72000,0.0,72000,63000,12,0,864000,108000,42,0,30,0,0,2027-05-23,361,1,0
2026-05-28,Kamis,SKU002,Beras Premium 5kg,Sembako,karung,72000,0.0,72000,63000,12,0,864000,108000,30,0,18,176,0,2027-05-23,360,1,0
2026-05-29,Jumat,SKU002,Beras Premium 5kg,Sembako,karung,72000,11.5,63700,63000,10,0,637000,7000,18,0,8,0,0,2027-05-23,359,1,0
2026-05-30,Sabtu,SKU002,Beras Premium 5kg,Sembako,karung,72000,0.0,72000,63000,8,15,576000,72000,8,0,0,0,0,2027-05-23,358,1,0
2026-05-31,Minggu,SKU002,Beras Premium 5kg,Sembako,karung,72000,8.0,66200,63000,7,0,463400,22400,176,176,169,0,0,2027-05-31,365,1,0
2026-06-01,Senin,SKU002,Beras Premium 5kg,Sembako,karung,72000,11.5,63700,63000,6,0,382200,4200,169,0,163,0,0,2027-05-31,364,1,0
2026-06-02,Selasa,SKU002,Beras Premium 5kg,Sembako,karung,72000,0.0,72000,63000,10,0,720000,90000,163,0,153,0,0,2027-05-31,363,1,0
2026-06-03,Rabu,SKU002,Beras Premium 5kg,Sembako,karung,72000,8.0,66200,63000,6,0,397200,19200,153,0,147,0,0,2027-05-31,362,1,0
2026-06-04,Kamis,SKU002,Beras Premium 5kg,Sembako,karung,72000,0.0,72000,63000,5,0,360000,45000,147,0,142,0,0,2027-05-31,361,1,0
2026-06-05,Jumat,SKU002,Beras Premium 5kg,Sembako,karung,72000,0.0,72000,63000,9,0,648000,81000,142,0,133,0,0,2027-05-31,360,1,0
2026-06-06,Sabtu,SKU002,Beras Premium 5kg,Sembako,karung,72000,8.0,66200,63000,11,0,728200,35200,133,0,122,0,0,2027-05-31,359,0,0
2026-06-07,Minggu,SKU002,Beras Premium 5kg,Sembako,karung,72000,0.0,72000,63000,4,0,288000,36000,122,0,118,0,0,2027-05-31,358,0,0
2026-06-08,Senin,SKU002,Beras Premium 5kg,Sembako,karung,72000,0.0,72000,63000,6,0,432000,54000,118,0,112,0,0,2027-05-31,357,0,0
2026-06-09,Selasa,SKU002,Beras Premium 5kg,Sembako,karung,72000,0.0,72000,63000,7,0,504000,63000,112,0,105,0,0,2027-05-31,356,0,0
2026-06-10,Rabu,SKU002,Beras Premium 5kg,Sembako,karung,72000,0.0,72000,63000,12,0,864000,108000,105,0,93,0,0,2027-05-31,355,0,0
2026-06-11,Kamis,SKU002,Beras Premium 5kg,Sembako,karung,72000,11.5,63700,63000,9,0,573300,6300,93,0,84,0,0,2027-05-31,354,0,0
2026-06-12,Jumat,SKU002,Beras Premium 5kg,Sembako,karung,72000,0.0,72000,63000,11,0,792000,99000,84,0,73,0,0,2027-05-31,353,0,0
2026-06-13,Sabtu,SKU002,Beras Premium 5kg,Sembako,karung,72000,11.5,63700,63000,15,0,955500,10500,73,0,58,0,0,2027-05-31,352,0,0
2026-06-14,Minggu,SKU002,Beras Premium 5kg,Sembako,karung,72000,11.5,63700,63000,16,0,1019200,11200,58,0,42,0,0,2027-05-31,351,0,0
2026-06-15,Senin,SKU002,Beras Premium 5kg,Sembako,karung,72000,0.0,72000,63000,12,0,864000,108000,42,0,30,0,0,2027-05-31,350,0,0
2026-06-16,Selasa,SKU002,Beras Premium 5kg,Sembako,karung,72000,0.0,72000,63000,5,0,360000,45000,30,0,25,80,0,2027-05-31,349,0,0
2026-06-17,Rabu,SKU002,Beras Premium 5kg,Sembako,karung,72000,11.5,63700,63000,9,0,573300,6300,25,0,16,0,0,2027-05-31,348,0,0
2026-06-18,Kamis,SKU002,Beras Premium 5kg,Sembako,karung,72000,11.5,63700,63000,12,0,764400,8400,96,80,84,0,0,2027-06-18,365,0,0
2026-06-19,Jumat,SKU002,Beras Premium 5kg,Sembako,karung,72000,0.0,72000,63000,19,0,1368000,171000,84,0,65,0,0,2027-06-18,364,0,0
2026-06-20,Sabtu,SKU002,Beras Premium 5kg,Sembako,karung,72000,0.0,72000,63000,16,0,1152000,144000,65,0,49,0,0,2027-06-18,363,0,0
2026-06-21,Minggu,SKU002,Beras Premium 5kg,Sembako,karung,72000,0.0,72000,63000,9,0,648000,81000,49,0,40,0,0,2027-06-18,362,0,0
2026-06-22,Senin,SKU002,Beras Premium 5kg,Sembako,karung,72000,0.0,72000,63000,13,0,936000,117000,40,0,27,80,0,2027-06-18,361,0,0
2026-06-23,Selasa,SKU002,Beras Premium 5kg,Sembako,karung,72000,0.0,72000,63000,5,0,360000,45000,27,0,22,0,0,2027-06-18,360,0,0
2026-06-24,Rabu,SKU002,Beras Premium 5kg,Sembako,karung,72000,5.0,68400,63000,7,0,478800,37800,22,0,15,0,0,2027-06-18,359,0,0
2026-06-25,Kamis,SKU002,Beras Premium 5kg,Sembako,karung,72000,0.0,72000,63000,13,0,936000,117000,95,80,82,0,0,2027-06-25,365,1,0
2026-06-26,Jumat,SKU002,Beras Premium 5kg,Sembako,karung,72000,0.0,72000,63000,19,0,1368000,171000,82,0,63,0,0,2027-06-25,364,1,0
2026-06-27,Sabtu,SKU002,Beras Premium 5kg,Sembako,karung,72000,0.0,72000,63000,12,0,864000,108000,63,0,51,0,0,2027-06-25,363,1,0
2026-06-28,Minggu,SKU002,Beras Premium 5kg,Sembako,karung,72000,0.0,72000,63000,16,0,1152000,144000,51,0,35,0,0,2027-06-25,362,1,0
2026-06-29,Senin,SKU002,Beras Premium 5kg,Sembako,karung,72000,0.0,72000,63000,14,0,1008000,126000,35,0,21,80,0,2027-06-25,361,1,0
2026-06-30,Selasa,SKU002,Beras Premium 5kg,Sembako,karung,72000,0.0,72000,63000,13,0,936000,117000,101,80,88,0,0,2027-06-30,365,1,0
2026-07-01,Rabu,SKU002,Beras Premium 5kg,Sembako,karung,72000,8.0,66200,63000,5,0,331000,16000,88,0,83,0,0,2027-06-30,364,1,0
2026-07-02,Kamis,SKU002,Beras Premium 5kg,Sembako,karung,72000,0.0,72000,63000,10,0,720000,90000,83,0,73,0,0,2027-06-30,363,1,0
2026-07-03,Jumat,SKU002,Beras Premium 5kg,Sembako,karung,72000,5.0,68400,63000,10,0,684000,54000,73,0,63,0,0,2027-06-30,362,1,0
2026-07-04,Sabtu,SKU002,Beras Premium 5kg,Sembako,karung,72000,5.0,68400,63000,12,0,820800,64800,63,0,51,0,0,2027-06-30,361,1,0
2026-07-05,Minggu,SKU002,Beras Premium 5kg,Sembako,karung,72000,0.0,72000,63000,7,0,504000,63000,51,0,44,0,0,2027-06-30,360,1,0
2026-07-06,Senin,SKU002,Beras Premium 5kg,Sembako,karung,72000,11.5,63700,63000,6,0,382200,4200,44,0,38,0,0,2027-06-30,359,0,0
2026-07-07,Selasa,SKU002,Beras Premium 5kg,Sembako,karung,72000,0.0,72000,63000,4,0,288000,36000,38,0,34,0,0,2027-06-30,358,0,0
2026-07-08,Rabu,SKU002,Beras Premium 5kg,Sembako,karung,72000,0.0,72000,63000,7,0,504000,63000,34,0,27,80,0,2027-06-30,357,0,0
2026-07-09,Kamis,SKU002,Beras Premium 5kg,Sembako,karung,72000,11.5,63700,63000,17,0,1082900,11900,27,0,10,0,0,2027-06-30,356,0,0
2026-07-10,Jumat,SKU002,Beras Premium 5kg,Sembako,karung,72000,11.5,63700,63000,10,13,637000,7000,10,0,0,0,0,2027-06-30,355,0,0
2026-07-11,Sabtu,SKU002,Beras Premium 5kg,Sembako,karung,72000,0.0,72000,63000,7,0,504000,63000,80,80,73,0,0,2027-07-11,365,0,0
2026-07-12,Minggu,SKU002,Beras Premium 5kg,Sembako,karung,72000,11.5,63700,63000,12,0,764400,8400,73,0,61,0,0,2027-07-11,364,0,0
2026-07-13,Senin,SKU002,Beras Premium 5kg,Sembako,karung,72000,11.5,63700,63000,16,0,1019200,11200,61,0,45,0,0,2027-07-11,363,0,0
2026-07-14,Selasa,SKU002,Beras Premium 5kg,Sembako,karung,72000,5.0,68400,63000,6,0,410400,32400,45,0,39,0,0,2027-07-11,362,0,0
2026-07-15,Rabu,SKU002,Beras Premium 5kg,Sembako,karung,72000,0.0,72000,63000,6,0,432000,54000,39,0,33,0,0,2027-07-11,361,0,0
2026-07-16,Kamis,SKU002,Beras Premium 5kg,Sembako,karung,72000,0.0,72000,63000,9,0,648000,81000,33,0,24,80,0,2027-07-11,360,0,0
2026-07-17,Jumat,SKU002,Beras Premium 5kg,Sembako,karung,72000,0.0,72000,63000,9,0,648000,81000,24,0,15,0,0,2027-07-11,359,0,0
2026-07-18,Sabtu,SKU002,Beras Premium 5kg,Sembako,karung,72000,0.0,72000,63000,15,0,1080000,135000,95,80,80,0,0,2027-07-18,365,0,0
2026-07-19,Minggu,SKU002,Beras Premium 5kg,Sembako,karung,72000,11.5,63700,63000,12,0,764400,8400,80,0,68,0,0,2027-07-18,364,0,0
2026-07-20,Senin,SKU002,Beras Premium 5kg,Sembako,karung,72000,0.0,72000,63000,6,0,432000,54000,68,0,62,0,0,2027-07-18,363,0,0
2026-07-21,Selasa,SKU002,Beras Premium 5kg,Sembako,karung,72000,11.5,63700,63000,11,0,700700,7700,62,0,51,0,0,2027-07-18,362,0,0
2026-07-22,Rabu,SKU002,Beras Premium 5kg,Sembako,karung,72000,5.0,68400,63000,12,0,820800,64800,51,0,39,0,0,2027-07-18,361,0,0
2026-07-23,Kamis,SKU002,Beras Premium 5kg,Sembako,karung,72000,0.0,72000,63000,5,0,360000,45000,39,0,34,0,0,2027-07-18,360,0,0
2026-07-24,Jumat,SKU002,Beras Premium 5kg,Sembako,karung,72000,0.0,72000,63000,13,0,936000,117000,34,0,21,80,0,2027-07-18,359,0,0
2026-07-25,Sabtu,SKU002,Beras Premium 5kg,Sembako,karung,72000,0.0,72000,63000,12,0,864000,108000,101,80,89,0,0,2027-07-25,365,1,0
2026-07-26,Minggu,SKU002,Beras Premium 5kg,Sembako,karung,72000,0.0,72000,63000,14,0,1008000,126000,89,0,75,0,0,2027-07-25,364,1,0
2026-07-27,Senin,SKU002,Beras Premium 5kg,Sembako,karung,72000,0.0,72000,63000,12,0,864000,108000,75,0,63,0,0,2027-07-25,363,1,0
2026-07-28,Selasa,SKU002,Beras Premium 5kg,Sembako,karung,72000,5.0,68400,63000,12,0,820800,64800,63,0,51,0,0,2027-07-25,362,1,0
2026-07-29,Rabu,SKU002,Beras Premium 5kg,Sembako,karung,72000,11.5,63700,63000,17,0,1082900,11900,51,0,34,0,0,2027-07-25,361,1,0
2026-07-30,Kamis,SKU002,Beras Premium 5kg,Sembako,karung,72000,11.5,63700,63000,14,0,891800,9800,34,0,20,80,0,2027-07-25,360,1,0
2026-07-31,Jumat,SKU002,Beras Premium 5kg,Sembako,karung,72000,11.5,63700,63000,13,0,828100,9100,20,0,7,0,0,2027-07-25,359,1,0
2026-08-01,Sabtu,SKU002,Beras Premium 5kg,Sembako,karung,72000,8.0,66200,63000,13,0,860600,41600,87,80,74,0,0,2027-08-01,365,1,0
2026-08-02,Minggu,SKU002,Beras Premium 5kg,Sembako,karung,72000,0.0,72000,63000,11,0,792000,99000,74,0,63,0,0,2027-08-01,364,1,0
2026-08-03,Senin,SKU002,Beras Premium 5kg,Sembako,karung,72000,0.0,72000,63000,9,0,648000,81000,63,0,54,0,0,2027-08-01,363,1,0
2026-08-04,Selasa,SKU002,Beras Premium 5kg,Sembako,karung,72000,10.0,64800,63000,6,0,388800,10800,54,0,48,0,0,2027-08-01,362,1,0
2026-08-05,Rabu,SKU002,Beras Premium 5kg,Sembako,karung,72000,0.0,72000,63000,10,0,720000,90000,48,0,38,0,0,2027-08-01,361,1,0
2026-08-06,Kamis,SKU002,Beras Premium 5kg,Sembako,karung,72000,0.0,72000,63000,10,0,720000,90000,38,0,28,80,0,2027-08-01,360,0,0
2026-08-07,Jumat,SKU002,Beras Premium 5kg,Sembako,karung,72000,8.0,66200,63000,9,0,595800,28800,28,0,19,0,0,2027-08-01,359,0,0
2026-08-08,Sabtu,SKU002,Beras Premium 5kg,Sembako,karung,72000,11.5,63700,63000,14,0,891800,9800,99,80,85,0,0,2027-08-08,365,0,0
2026-08-09,Minggu,SKU002,Beras Premium 5kg,Sembako,karung,72000,0.0,72000,63000,9,0,648000,81000,85,0,76,0,0,2027-08-08,364,0,0
2026-08-10,Senin,SKU002,Beras Premium 5kg,Sembako,karung,72000,0.0,72000,63000,8,0,576000,72000,76,0,68,0,0,2027-08-08,363,0,0
2026-08-11,Selasa,SKU002,Beras Premium 5kg,Sembako,karung,72000,0.0,72000,63000,6,0,432000,54000,68,0,62,0,0,2027-08-08,362,0,0
2026-08-12,Rabu,SKU002,Beras Premium 5kg,Sembako,karung,72000,0.0,72000,63000,7,0,504000,63000,62,0,55,0,0,2027-08-08,361,0,0
2026-08-13,Kamis,SKU002,Beras Premium 5kg,Sembako,karung,72000,11.5,63700,63000,13,0,828100,9100,55,0,42,0,0,2027-08-08,360,0,0
2026-08-14,Jumat,SKU002,Beras Premium 5kg,Sembako,karung,72000,0.0,72000,63000,10,0,720000,90000,42,0,32,0,0,2027-08-08,359,0,0
2026-08-15,Sabtu,SKU002,Beras Premium 5kg,Sembako,karung,72000,0.0,72000,63000,13,0,936000,117000,32,0,19,80,0,2027-08-08,358,0,0
2026-08-16,Minggu,SKU002,Beras Premium 5kg,Sembako,karung,72000,11.5,63700,63000,8,0,509600,5600,19,0,11,0,0,2027-08-08,357,0,0
2026-08-17,Senin,SKU002,Beras Premium 5kg,Sembako,karung,72000,0.0,72000,63000,8,0,576000,72000,11,0,3,0,0,2027-08-08,356,0,0
2025-08-18,Senin,SKU003,Gula Pasir 1kg,Sembako,pak,18000,14.31,15400,15200,15,0,231000,3000,67,0,52,0,0,2026-11-28,467,0,0
2025-08-19,Selasa,SKU003,Gula Pasir 1kg,Sembako,pak,18000,0.0,18000,15200,10,0,180000,28000,52,0,42,110,0,2026-11-28,466,0,0
2025-08-20,Rabu,SKU003,Gula Pasir 1kg,Sembako,pak,18000,0.0,18000,15200,16,0,288000,44800,42,0,26,0,0,2026-11-28,465,0,0
2025-08-21,Kamis,SKU003,Gula Pasir 1kg,Sembako,pak,18000,0.0,18000,15200,15,0,270000,42000,136,110,121,0,0,2027-02-12,540,0,0
2025-08-22,Jumat,SKU003,Gula Pasir 1kg,Sembako,pak,18000,0.0,18000,15200,17,0,306000,47600,121,0,104,0,0,2027-02-12,539,0,0
2025-08-23,Sabtu,SKU003,Gula Pasir 1kg,Sembako,pak,18000,14.31,15400,15200,15,0,231000,3000,104,0,89,0,0,2027-02-12,538,0,0
2025-08-24,Minggu,SKU003,Gula Pasir 1kg,Sembako,pak,18000,0.0,18000,15200,10,0,180000,28000,89,0,79,0,0,2027-02-12,537,0,0
2025-08-25,Senin,SKU003,Gula Pasir 1kg,Sembako,pak,18000,0.0,18000,15200,15,0,270000,42000,79,0,64,0,0,2027-02-12,536,1,0
2025-08-26,Selasa,SKU003,Gula Pasir 1kg,Sembako,pak,18000,0.0,18000,15200,15,0,270000,42000,64,0,49,0,0,2027-02-12,535,1,0
2025-08-27,Rabu,SKU003,Gula Pasir 1kg,Sembako,pak,18000,0.0,18000,15200,18,0,324000,50400,49,0,31,110,0,2027-02-12,534,1,0
2025-08-28,Kamis,SKU003,Gula Pasir 1kg,Sembako,pak,18000,0.0,18000,15200,12,0,216000,33600,31,0,19,0,0,2027-02-12,533,1,0
2025-08-29,Jumat,SKU003,Gula Pasir 1kg,Sembako,pak,18000,0.0,18000,15200,14,0,252000,39200,129,110,115,0,0,2027-02-20,540,1,0
2025-08-30,Sabtu,SKU003,Gula Pasir 1kg,Sembako,pak,18000,0.0,18000,15200,16,0,288000,44800,115,0,99,0,0,2027-02-20,539,1,0
2025-08-31,Minggu,SKU003,Gula Pasir 1kg,Sembako,pak,18000,8.0,16600,15200,18,0,298800,25200,99,0,81,0,0,2027-02-20,538,1,0
2025-09-01,Senin,SKU003,Gula Pasir 1kg,Sembako,pak,18000,14.31,15400,15200,26,0,400400,5200,81,0,55,0,0,2027-02-20,537,1,0
2025-09-02,Selasa,SKU003,Gula Pasir 1kg,Sembako,pak,18000,14.31,15400,15200,19,0,292600,3800,55,0,36,110,0,2027-02-20,536,1,0
2025-09-03,Rabu,SKU003,Gula Pasir 1kg,Sembako,pak,18000,0.0,18000,15200,13,0,234000,36400,146,110,133,0,0,2027-02-25,540,1,0
2025-09-04,Kamis,SKU003,Gula Pasir 1kg,Sembako,pak,18000,0.0,18000,15200,18,0,324000,50400,133,0,115,0,0,2027-02-25,539,1,0
2025-09-05,Jumat,SKU003,Gula Pasir 1kg,Sembako,pak,18000,14.31,15400,15200,37,0,569800,7400,115,0,78,0,0,2027-02-25,538,1,0
2025-09-06,Sabtu,SKU003,Gula Pasir 1kg,Sembako,pak,18000,0.0,18000,15200,17,0,306000,47600,78,0,61,0,0,2027-02-25,537,0,0
2025-09-07,Minggu,SKU003,Gula Pasir 1kg,Sembako,pak,18000,0.0,18000,15200,23,0,414000,64400,61,0,38,110,0,2027-02-25,536,0,0
2025-09-08,Senin,SKU003,Gula Pasir 1kg,Sembako,pak,18000,14.31,15400,15200,17,0,261800,3400,38,0,21,0,0,2027-02-25,535,0,0
2025-09-09,Selasa,SKU003,Gula Pasir 1kg,Sembako,pak,18000,8.0,16600,15200,23,0,381800,32200,131,110,108,0,0,2027-03-03,540,0,0
2025-09-10,Rabu,SKU003,Gula Pasir 1kg,Sembako,pak,18000,0.0,18000,15200,14,0,252000,39200,108,0,94,0,0,2027-03-03,539,0,0
2025-09-11,Kamis,SKU003,Gula Pasir 1kg,Sembako,pak,18000,0.0,18000,15200,13,0,234000,36400,94,0,81,0,0,2027-03-03,538,0,0
2025-09-12,Jumat,SKU003,Gula Pasir 1kg,Sembako,pak,18000,0.0,18000,15200,15,0,270000,42000,81,0,66,0,0,2027-03-03,537,0,0
2025-09-13,Sabtu,SKU003,Gula Pasir 1kg,Sembako,pak,18000,0.0,18000,15200,21,0,378000,58800,66,0,45,0,0,2027-03-03,536,0,0
2025-09-14,Minggu,SKU003,Gula Pasir 1kg,Sembako,pak,18000,0.0,18000,15200,17,0,306000,47600,45,0,28,110,0,2027-03-03,535,0,0
2025-09-15,Senin,SKU003,Gula Pasir 1kg,Sembako,pak,18000,10.0,16200,15200,10,0,162000,10000,28,0,18,0,0,2027-03-03,534,0,0
2025-09-16,Selasa,SKU003,Gula Pasir 1kg,Sembako,pak,18000,0.0,18000,15200,14,0,252000,39200,18,0,4,0,0,2027-03-03,533,0,0
2025-09-17,Rabu,SKU003,Gula Pasir 1kg,Sembako,pak,18000,0.0,18000,15200,14,0,252000,39200,114,110,100,0,0,2027-03-11,540,0,0
2025-09-18,Kamis,SKU003,Gula Pasir 1kg,Sembako,pak,18000,0.0,18000,15200,10,0,180000,28000,100,0,90,0,0,2027-03-11,539,0,0
2025-09-19,Jumat,SKU003,Gula Pasir 1kg,Sembako,pak,18000,14.31,15400,15200,15,0,231000,3000,90,0,75,0,0,2027-03-11,538,0,0
2025-09-20,Sabtu,SKU003,Gula Pasir 1kg,Sembako,pak,18000,0.0,18000,15200,22,0,396000,61600,75,0,53,0,0,2027-03-11,537,0,0
2025-09-21,Minggu,SKU003,Gula Pasir 1kg,Sembako,pak,18000,12.0,15800,15200,20,0,316000,12000,53,0,33,242,0,2027-03-11,536,0,0
2025-09-22,Senin,SKU003,Gula Pasir 1kg,Sembako,pak,18000,0.0,18000,15200,10,0,180000,28000,33,0,23,0,0,2027-03-11,535,0,0
2025-09-23,Selasa,SKU003,Gula Pasir 1kg,Sembako,pak,18000,8.0,16600,15200,16,0,265600,22400,265,242,249,0,0,2027-03-17,540,0,0
2025-09-24,Rabu,SKU003,Gula Pasir 1kg,Sembako,pak,18000,14.31,15400,15200,15,0,231000,3000,249,0,234,0,0,2027-03-17,539,0,0
2025-09-25,Kamis,SKU003,Gula Pasir 1kg,Sembako,pak,18000,0.0,18000,15200,17,0,306000,47600,234,0,217,0,0,2027-03-17,538,1,0
2025-09-26,Jumat,SKU003,Gula Pasir 1kg,Sembako,pak,18000,0.0,18000,15200,20,0,360000,56000,217,0,197,0,0,2027-03-17,537,1,0
2025-09-27,Sabtu,SKU003,Gula Pasir 1kg,Sembako,pak,18000,0.0,18000,15200,16,0,288000,44800,197,0,181,0,0,2027-03-17,536,1,0
2025-09-28,Minggu,SKU003,Gula Pasir 1kg,Sembako,pak,18000,0.0,18000,15200,21,0,378000,58800,181,0,160,0,0,2027-03-17,535,1,0
2025-09-29,Senin,SKU003,Gula Pasir 1kg,Sembako,pak,18000,8.0,16600,15200,27,0,448200,37800,160,0,133,0,0,2027-03-17,534,1,0
2025-09-30,Selasa,SKU003,Gula Pasir 1kg,Sembako,pak,18000,0.0,18000,15200,18,0,324000,50400,133,0,115,0,0,2027-03-17,533,1,0
2025-10-01,Rabu,SKU003,Gula Pasir 1kg,Sembako,pak,18000,8.0,16600,15200,30,0,498000,42000,115,0,85,0,0,2027-03-17,532,1,0
2025-10-02,Kamis,SKU003,Gula Pasir 1kg,Sembako,pak,18000,14.31,15400,15200,19,0,292600,3800,85,0,66,0,0,2027-03-17,531,1,0
2025-10-03,Jumat,SKU003,Gula Pasir 1kg,Sembako,pak,18000,0.0,18000,15200,13,0,234000,36400,66,0,53,0,0,2027-03-17,530,1,0
2025-10-04,Sabtu,SKU003,Gula Pasir 1kg,Sembako,pak,18000,0.0,18000,15200,21,0,378000,58800,53,0,32,110,0,2027-03-17,529,1,0
2025-10-05,Minggu,SKU003,Gula Pasir 1kg,Sembako,pak,18000,0.0,18000,15200,23,0,414000,64400,32,0,9,0,0,2027-03-17,528,1,0
2025-10-06,Senin,SKU003,Gula Pasir 1kg,Sembako,pak,18000,0.0,18000,15200,14,0,252000,39200,119,110,105,0,0,2027-03-30,540,0,0
2025-10-07,Selasa,SKU003,Gula Pasir 1kg,Sembako,pak,18000,0.0,18000,15200,8,0,144000,22400,105,0,97,0,0,2027-03-30,539,0,0
2025-10-08,Rabu,SKU003,Gula Pasir 1kg,Sembako,pak,18000,0.0,18000,15200,13,0,234000,36400,97,0,84,0,0,2027-03-30,538,0,0
2025-10-09,Kamis,SKU003,Gula Pasir 1kg,Sembako,pak,18000,0.0,18000,15200,21,0,378000,58800,84,0,63,0,0,2027-03-30,537,0,0
2025-10-10,Jumat,SKU003,Gula Pasir 1kg,Sembako,pak,18000,12.0,15800,15200,22,0,347600,13200,63,0,41,110,0,2027-03-30,536,0,0
2025-10-11,Sabtu,SKU003,Gula Pasir 1kg,Sembako,pak,18000,5.0,17100,15200,12,0,205200,22800,41,0,29,0,0,2027-03-30,535,0,0
2025-10-12,Minggu,SKU003,Gula Pasir 1kg,Sembako,pak,18000,0.0,18000,15200,12,0,216000,33600,29,0,17,0,0,2027-03-30,534,0,0
2025-10-13,Senin,SKU003,Gula Pasir 1kg,Sembako,pak,18000,0.0,18000,15200,14,0,252000,39200,127,110,113,0,0,2027-04-06,540,0,0
2025-10-14,Selasa,SKU003,Gula Pasir 1kg,Sembako,pak,18000,0.0,18000,15200,6,0,108000,16800,113,0,107,0,0,2027-04-06,539,0,0
2025-10-15,Rabu,SKU003,Gula Pasir 1kg,Sembako,pak,18000,0.0,18000,15200,15,0,270000,42000,107,0,92,0,0,2027-04-06,538,0,0
2025-10-16,Kamis,SKU003,Gula Pasir 1kg,Sembako,pak,18000,14.31,15400,15200,14,0,215600,2800,92,0,78,0,0,2027-04-06,537,0,0
2025-10-17,Jumat,SKU003,Gula Pasir 1kg,Sembako,pak,18000,0.0,18000,15200,10,0,180000,28000,78,0,68,0,0,2027-04-06,536,0,0
2025-10-18,Sabtu,SKU003,Gula Pasir 1kg,Sembako,pak,18000,0.0,18000,15200,17,0,306000,47600,68,0,51,0,0,2027-04-06,535,0,0
2025-10-19,Minggu,SKU003,Gula Pasir 1kg,Sembako,pak,18000,0.0,18000,15200,14,0,252000,39200,51,0,37,110,0,2027-04-06,534,0,0
2025-10-20,Senin,SKU003,Gula Pasir 1kg,Sembako,pak,18000,0.0,18000,15200,10,0,180000,28000,37,0,27,0,0,2027-04-06,533,0,0
2025-10-21,Selasa,SKU003,Gula Pasir 1kg,Sembako,pak,18000,0.0,18000,15200,12,0,216000,33600,137,110,125,0,0,2027-04-14,540,0,0
2025-10-22,Rabu,SKU003,Gula Pasir 1kg,Sembako,pak,18000,0.0,18000,15200,13,0,234000,36400,125,0,112,0,0,2027-04-14,539,0,0
2025-10-23,Kamis,SKU003,Gula Pasir 1kg,Sembako,pak,18000,14.31,15400,15200,20,0,308000,4000,112,0,92,0,0,2027-04-14,538,0,0
2025-10-24,Jumat,SKU003,Gula Pasir 1kg,Sembako,pak,18000,0.0,18000,15200,22,0,396000,61600,92,0,70,0,0,2027-04-14,537,0,0
2025-10-25,Sabtu,SKU003,Gula Pasir 1kg,Sembako,pak,18000,8.0,16600,15200,28,0,464800,39200,70,0,42,110,0,2027-04-14,536,1,0
2025-10-26,Minggu,SKU003,Gula Pasir 1kg,Sembako,pak,18000,0.0,18000,15200,31,0,558000,86800,152,110,121,0,0,2027-04-19,540,1,0
2025-10-27,Senin,SKU003,Gula Pasir 1kg,Sembako,pak,18000,0.0,18000,15200,14,0,252000,39200,121,0,107,0,0,2027-04-19,539,1,0
2025-10-28,Selasa,SKU003,Gula Pasir 1kg,Sembako,pak,18000,0.0,18000,15200,12,0,216000,33600,107,0,95,0,0,2027-04-19,538,1,0
2025-10-29,Rabu,SKU003,Gula Pasir 1kg,Sembako,pak,18000,0.0,18000,15200,19,0,342000,53200,95,0,76,0,0,2027-04-19,537,1,0
2025-10-30,Kamis,SKU003,Gula Pasir 1kg,Sembako,pak,18000,0.0,18000,15200,20,0,360000,56000,76,0,56,0,0,2027-04-19,536,1,0
2025-10-31,Jumat,SKU003,Gula Pasir 1kg,Sembako,pak,18000,0.0,18000,15200,29,0,522000,81200,56,0,27,110,0,2027-04-19,535,1,0
2025-11-01,Sabtu,SKU003,Gula Pasir 1kg,Sembako,pak,18000,10.0,16200,15200,27,6,437400,27000,27,0,0,0,0,2027-04-19,534,1,0
2025-11-02,Minggu,SKU003,Gula Pasir 1kg,Sembako,pak,18000,0.0,18000,15200,0,21,0,0,0,0,0,0,0,2027-04-19,533,1,0
2025-11-03,Senin,SKU003,Gula Pasir 1kg,Sembako,pak,18000,14.31,15400,15200,12,0,184800,2400,110,110,98,0,0,2027-04-27,540,1,0
2025-11-04,Selasa,SKU003,Gula Pasir 1kg,Sembako,pak,18000,0.0,18000,15200,10,0,180000,28000,98,0,88,0,0,2027-04-27,539,1,0
2025-11-05,Rabu,SKU003,Gula Pasir 1kg,Sembako,pak,18000,14.31,15400,15200,14,0,215600,2800,88,0,74,0,0,2027-04-27,538,1,0
2025-11-06,Kamis,SKU003,Gula Pasir 1kg,Sembako,pak,18000,8.0,16600,15200,16,0,265600,22400,74,0,58,0,0,2027-04-27,537,0,0
2025-11-07,Jumat,SKU003,Gula Pasir 1kg,Sembako,pak,18000,0.0,18000,15200,9,0,162000,25200,58,0,49,0,0,2027-04-27,536,0,0
2025-11-08,Sabtu,SKU003,Gula Pasir 1kg,Sembako,pak,18000,0.0,18000,15200,14,0,252000,39200,49,0,35,110,0,2027-04-27,535,0,0
2025-11-09,Minggu,SKU003,Gula Pasir 1kg,Sembako,pak,18000,0.0,18000,15200,13,0,234000,36400,35,0,22,0,0,2027-04-27,534,0,0
2025-11-10,Senin,SKU003,Gula Pasir 1kg,Sembako,pak,18000,14.31,15400,15200,15,0,231000,3000,22,0,7,0,0,2027-04-27,533,0,0
2025-11-11,Selasa,SKU003,Gula Pasir 1kg,Sembako,pak,18000,8.0,16600,15200,21,0,348600,29400,117,110,96,0,0,2027-05-05,540,0,0
2025-11-12,Rabu,SKU003,Gula Pasir 1kg,Sembako,pak,18000,0.0,18000,15200,7,0,126000,19600,96,0,89,0,0,2027-05-05,539,0,0
2025-11-13,Kamis,SKU003,Gula Pasir 1kg,Sembako,pak,18000,0.0,18000,15200,10,0,180000,28000,89,0,79,0,0,2027-05-05,538,0,0
2025-11-14,Jumat,SKU003,Gula Pasir 1kg,Sembako,pak,18000,0.0,18000,15200,17,0,306000,47600,79,0,62,0,0,2027-05-05,537,0,0
2025-11-15,Sabtu,SKU003,Gula Pasir 1kg,Sembako,pak,18000,0.0,18000,15200,13,0,234000,36400,62,0,49,0,0,2027-05-05,536,0,0
2025-11-16,Minggu,SKU003,Gula Pasir 1kg,Sembako,pak,18000,14.31,15400,15200,13,0,200200,2600,49,0,36,110,0,2027-05-05,535,0,0
2025-11-17,Senin,SKU003,Gula Pasir 1kg,Sembako,pak,18000,0.0,18000,15200,13,0,234000,36400,36,0,23,0,0,2027-05-05,534,0,0
2025-11-18,Selasa,SKU003,Gula Pasir 1kg,Sembako,pak,18000,0.0,18000,15200,14,0,252000,39200,23,0,9,0,0,2027-05-05,533,0,0
2025-11-19,Rabu,SKU003,Gula Pasir 1kg,Sembako,pak,18000,14.31,15400,15200,6,0,92400,1200,119,110,113,0,0,2027-05-13,540,0,0
2025-11-20,Kamis,SKU003,Gula Pasir 1kg,Sembako,pak,18000,0.0,18000,15200,21,0,378000,58800,113,0,92,0,0,2027-05-13,539,0,0
2025-11-21,Jumat,SKU003,Gula Pasir 1kg,Sembako,pak,18000,0.0,18000,15200,12,0,216000,33600,92,0,80,0,0,2027-05-13,538,0,0
2025-11-22,Sabtu,SKU003,Gula Pasir 1kg,Sembako,pak,18000,14.31,15400,15200,23,0,354200,4600,80,0,57,0,0,2027-05-13,537,0,0
2025-11-23,Minggu,SKU003,Gula Pasir 1kg,Sembako,pak,18000,0.0,18000,15200,17,0,306000,47600,57,0,40,110,0,2027-05-13,536,0,0
2025-11-24,Senin,SKU003,Gula Pasir 1kg,Sembako,pak,18000,0.0,18000,15200,11,0,198000,30800,40,0,29,0,0,2027-05-13,535,0,0
2025-11-25,Selasa,SKU003,Gula Pasir 1kg,Sembako,pak,18000,0.0,18000,15200,13,0,234000,36400,139,110,126,0,0,2027-05-19,540,1,0
2025-11-26,Rabu,SKU003,Gula Pasir 1kg,Sembako,pak,18000,12.0,15800,15200,19,0,300200,11400,126,0,107,0,0,2027-05-19,539,1,0
2025-11-27,Kamis,SKU003,Gula Pasir 1kg,Sembako,pak,18000,0.0,18000,15200,19,0,342000,53200,107,0,88,0,0,2027-05-19,538,1,0
2025-11-28,Jumat,SKU003,Gula Pasir 1kg,Sembako,pak,18000,0.0,18000,15200,15,0,270000,42000,88,0,73,0,0,2027-05-19,537,1,0
2025-11-29,Sabtu,SKU003,Gula Pasir 1kg,Sembako,pak,18000,8.0,16600,15200,23,0,381800,32200,73,0,50,0,0,2027-05-19,536,1,0
2025-11-30,Minggu,SKU003,Gula Pasir 1kg,Sembako,pak,18000,0.0,18000,15200,22,0,396000,61600,50,0,28,110,0,2027-05-19,535,1,0
2025-12-01,Senin,SKU003,Gula Pasir 1kg,Sembako,pak,18000,14.31,15400,15200,24,0,369600,4800,28,0,4,0,0,2027-05-19,534,1,0
2025-12-02,Selasa,SKU003,Gula Pasir 1kg,Sembako,pak,18000,0.0,18000,15200,4,7,72000,11200,4,0,0,0,0,2027-05-19,533,1,0
2025-12-03,Rabu,SKU003,Gula Pasir 1kg,Sembako,pak,18000,0.0,18000,15200,22,0,396000,61600,110,110,88,0,0,2027-05-27,540,1,0
2025-12-04,Kamis,SKU003,Gula Pasir 1kg,Sembako,pak,18000,14.31,15400,15200,22,0,338800,4400,88,0,66,0,0,2027-05-27,539,1,0
2025-12-05,Jumat,SKU003,Gula Pasir 1kg,Sembako,pak,18000,5.0,17100,15200,22,0,376200,41800,66,0,44,0,0,2027-05-27,538,1,0
2025-12-06,Sabtu,SKU003,Gula Pasir 1kg,Sembako,pak,18000,12.0,15800,15200,33,0,521400,19800,44,0,11,110,0,2027-05-27,537,0,0
2025-12-07,Minggu,SKU003,Gula Pasir 1kg,Sembako,pak,18000,0.0,18000,15200,8,0,144000,22400,11,0,3,0,0,2027-05-27,536,0,0
2025-12-08,Senin,SKU003,Gula Pasir 1kg,Sembako,pak,18000,0.0,18000,15200,11,0,198000,30800,113,110,102,0,0,2027-06-01,540,0,0
2025-12-09,Selasa,SKU003,Gula Pasir 1kg,Sembako,pak,18000,0.0,18000,15200,13,0,234000,36400,102,0,89,0,0,2027-06-01,539,0,0
2025-12-10,Rabu,SKU003,Gula Pasir 1kg,Sembako,pak,18000,0.0,18000,15200,10,0,180000,28000,89,0,79,0,0,2027-06-01,538,0,0
2025-12-11,Kamis,SKU003,Gula Pasir 1kg,Sembako,pak,18000,10.0,16200,15200,10,0,162000,10000,79,0,69,0,0,2027-06-01,537,0,0
2025-12-12,Jumat,SKU003,Gula Pasir 1kg,Sembako,pak,18000,14.31,15400,15200,20,0,308000,4000,69,0,49,0,0,2027-06-01,536,0,0
2025-12-13,Sabtu,SKU003,Gula Pasir 1kg,Sembako,pak,18000,14.31,15400,15200,21,0,323400,4200,49,0,28,110,0,2027-06-01,535,0,0
2025-12-14,Minggu,SKU003,Gula Pasir 1kg,Sembako,pak,18000,0.0,18000,15200,12,0,216000,33600,28,0,16,0,0,2027-06-01,534,0,0
2025-12-15,Senin,SKU003,Gula Pasir 1kg,Sembako,pak,18000,12.0,15800,15200,16,1,252800,9600,16,0,0,0,0,2027-06-01,533,0,0
2025-12-16,Selasa,SKU003,Gula Pasir 1kg,Sembako,pak,18000,5.0,17100,15200,16,0,273600,30400,110,110,94,0,0,2027-06-09,540,0,0
2025-12-17,Rabu,SKU003,Gula Pasir 1kg,Sembako,pak,18000,0.0,18000,15200,16,0,288000,44800,94,0,78,0,0,2027-06-09,539,0,0
2025-12-18,Kamis,SKU003,Gula Pasir 1kg,Sembako,pak,18000,0.0,18000,15200,17,0,306000,47600,78,0,61,0,0,2027-06-09,538,0,0
2025-12-19,Jumat,SKU003,Gula Pasir 1kg,Sembako,pak,18000,0.0,18000,15200,11,0,198000,30800,61,0,50,0,0,2027-06-09,537,0,0
2025-12-20,Sabtu,SKU003,Gula Pasir 1kg,Sembako,pak,18000,14.31,15400,15200,23,0,354200,4600,50,0,27,110,0,2027-06-09,536,0,0
2025-12-21,Minggu,SKU003,Gula Pasir 1kg,Sembako,pak,18000,10.0,16200,15200,27,0,437400,27000,137,110,110,0,0,2027-06-14,540,0,0
2025-12-22,Senin,SKU003,Gula Pasir 1kg,Sembako,pak,18000,0.0,18000,15200,13,0,234000,36400,110,0,97,0,0,2027-06-14,539,0,0
2025-12-23,Selasa,SKU003,Gula Pasir 1kg,Sembako,pak,18000,0.0,18000,15200,12,0,216000,33600,97,0,85,0,0,2027-06-14,538,0,0
2025-12-24,Rabu,SKU003,Gula Pasir 1kg,Sembako,pak,18000,0.0,18000,15200,8,0,144000,22400,85,0,77,0,0,2027-06-14,537,0,0
2025-12-25,Kamis,SKU003,Gula Pasir 1kg,Sembako,pak,18000,0.0,18000,15200,24,0,432000,67200,77,0,53,0,0,2027-06-14,536,1,0
2025-12-26,Jumat,SKU003,Gula Pasir 1kg,Sembako,pak,18000,14.31,15400,15200,33,0,508200,6600,53,0,20,110,0,2027-06-14,535,1,0
2025-12-27,Sabtu,SKU003,Gula Pasir 1kg,Sembako,pak,18000,12.0,15800,15200,21,0,331800,12600,130,110,109,0,0,2027-06-20,540,1,0
2025-12-28,Minggu,SKU003,Gula Pasir 1kg,Sembako,pak,18000,0.0,18000,15200,12,0,216000,33600,109,0,97,0,0,2027-06-20,539,1,0
2025-12-29,Senin,SKU003,Gula Pasir 1kg,Sembako,pak,18000,0.0,18000,15200,12,0,216000,33600,97,0,85,0,0,2027-06-20,538,1,0
2025-12-30,Selasa,SKU003,Gula Pasir 1kg,Sembako,pak,18000,0.0,18000,15200,16,0,288000,44800,85,0,69,0,0,2027-06-20,537,1,0
2025-12-31,Rabu,SKU003,Gula Pasir 1kg,Sembako,pak,18000,0.0,18000,15200,13,0,234000,36400,69,0,56,0,0,2027-06-20,536,1,0
2026-01-01,Kamis,SKU003,Gula Pasir 1kg,Sembako,pak,18000,0.0,18000,15200,14,0,252000,39200,56,0,42,110,0,2027-06-20,535,1,0
2026-01-02,Jumat,SKU003,Gula Pasir 1kg,Sembako,pak,18000,0.0,18000,15200,15,0,270000,42000,42,0,27,0,0,2027-06-20,534,1,0
2026-01-03,Sabtu,SKU003,Gula Pasir 1kg,Sembako,pak,18000,0.0,18000,15200,16,0,288000,44800,27,0,11,0,0,2027-06-20,533,1,0
2026-01-04,Minggu,SKU003,Gula Pasir 1kg,Sembako,pak,18000,0.0,18000,15200,26,0,468000,72800,121,110,95,0,0,2027-06-28,540,1,0
2026-01-05,Senin,SKU003,Gula Pasir 1kg,Sembako,pak,18000,0.0,18000,15200,10,0,180000,28000,95,0,85,0,0,2027-06-28,539,1,0
2026-01-06,Selasa,SKU003,Gula Pasir 1kg,Sembako,pak,18000,0.0,18000,15200,19,0,342000,53200,85,0,66,0,0,2027-06-28,538,0,0
2026-01-07,Rabu,SKU003,Gula Pasir 1kg,Sembako,pak,18000,14.31,15400,15200,27,0,415800,5400,66,0,39,110,0,2027-06-28,537,0,0
2026-01-08,Kamis,SKU003,Gula Pasir 1kg,Sembako,pak,18000,0.0,18000,15200,11,0,198000,30800,39,0,28,0,0,2027-06-28,536,0,0
2026-01-09,Jumat,SKU003,Gula Pasir 1kg,Sembako,pak,18000,14.31,15400,15200,23,0,354200,4600,28,0,5,0,0,2027-06-28,535,0,0
2026-01-10,Sabtu,SKU003,Gula Pasir 1kg,Sembako,pak,18000,0.0,18000,15200,16,0,288000,44800,115,110,99,0,0,2027-07-04,540,0,0
2026-01-11,Minggu,SKU003,Gula Pasir 1kg,Sembako,pak,18000,0.0,18000,15200,12,0,216000,33600,99,0,87,0,0,2027-07-04,539,0,0
2026-01-12,Senin,SKU003,Gula Pasir 1kg,Sembako,pak,18000,14.31,15400,15200,14,0,215600,2800,87,0,73,0,0,2027-07-04,538,0,0
2026-01-13,Selasa,SKU003,Gula Pasir 1kg,Sembako,pak,18000,14.31,15400,15200,11,0,169400,2200,73,0,62,0,0,2027-07-04,537,0,0
2026-01-14,Rabu,SKU003,Gula Pasir 1kg,Sembako,pak,18000,0.0,18000,15200,14,0,252000,39200,62,0,48,0,0,2027-07-04,536,0,0
2026-01-15,Kamis,SKU003,Gula Pasir 1kg,Sembako,pak,18000,0.0,18000,15200,20,0,360000,56000,48,0,28,110,0,2027-07-04,535,0,0
2026-01-16,Jumat,SKU003,Gula Pasir 1kg,Sembako,pak,18000,0.0,18000,15200,4,0,72000,11200,28,0,24,0,0,2027-07-04,534,0,0
2026-01-17,Sabtu,SKU003,Gula Pasir 1kg,Sembako,pak,18000,5.0,17100,15200,25,0,427500,47500,134,110,109,0,0,2027-07-11,540,0,0
2026-01-18,Minggu,SKU003,Gula Pasir 1kg,Sembako,pak,18000,0.0,18000,15200,18,0,324000,50400,109,0,91,0,0,2027-07-11,539,0,0
2026-01-19,Senin,SKU003,Gula Pasir 1kg,Sembako,pak,18000,12.0,15800,15200,17,0,268600,10200,91,0,74,0,0,2027-07-11,538,0,0
2026-01-20,Selasa,SKU003,Gula Pasir 1kg,Sembako,pak,18000,0.0,18000,15200,11,0,198000,30800,74,0,63,0,0,2027-07-11,537,0,0
2026-01-21,Rabu,SKU003,Gula Pasir 1kg,Sembako,pak,18000,0.0,18000,15200,12,0,216000,33600,63,0,51,0,0,2027-07-11,536,0,0
2026-01-22,Kamis,SKU003,Gula Pasir 1kg,Sembako,pak,18000,0.0,18000,15200,18,0,324000,50400,51,0,33,110,0,2027-07-11,535,0,0
2026-01-23,Jumat,SKU003,Gula Pasir 1kg,Sembako,pak,18000,0.0,18000,15200,21,0,378000,58800,33,0,12,0,0,2027-07-11,534,0,0
2026-01-24,Sabtu,SKU003,Gula Pasir 1kg,Sembako,pak,18000,0.0,18000,15200,28,0,504000,78400,122,110,94,0,0,2027-07-18,540,0,0
2026-01-25,Minggu,SKU003,Gula Pasir 1kg,Sembako,pak,18000,14.31,15400,15200,24,0,369600,4800,94,0,70,0,0,2027-07-18,539,1,0
2026-01-26,Senin,SKU003,Gula Pasir 1kg,Sembako,pak,18000,0.0,18000,15200,20,0,360000,56000,70,0,50,0,0,2027-07-18,538,1,0
2026-01-27,Selasa,SKU003,Gula Pasir 1kg,Sembako,pak,18000,8.0,16600,15200,18,0,298800,25200,50,0,32,110,0,2027-07-18,537,1,0
2026-01-28,Rabu,SKU003,Gula Pasir 1kg,Sembako,pak,18000,8.0,16600,15200,13,0,215800,18200,32,0,19,0,0,2027-07-18,536,1,0
2026-01-29,Kamis,SKU003,Gula Pasir 1kg,Sembako,pak,18000,0.0,18000,15200,19,1,342000,53200,19,0,0,0,0,2027-07-18,535,1,0
2026-01-30,Jumat,SKU003,Gula Pasir 1kg,Sembako,pak,18000,0.0,18000,15200,15,0,270000,42000,110,110,95,0,0,2027-07-24,540,1,0
2026-01-31,Sabtu,SKU003,Gula Pasir 1kg,Sembako,pak,18000,10.0,16200,15200,21,0,340200,21000,95,0,74,0,0,2027-07-24,539,1,0
2026-02-01,Minggu,SKU003,Gula Pasir 1kg,Sembako,pak,18000,10.0,16200,15200,26,0,421200,26000,74,0,48,0,0,2027-07-24,538,1,0
2026-02-02,Senin,SKU003,Gula Pasir 1kg,Sembako,pak,18000,14.31,15400,15200,18,0,277200,3600,48,0,30,110,0,2027-07-24,537,1,0
2026-02-03,Selasa,SKU003,Gula Pasir 1kg,Sembako,pak,18000,14.31,15400,15200,19,0,292600,3800,140,110,121,0,0,2027-07-28,540,1,0
2026-02-04,Rabu,SKU003,Gula Pasir 1kg,Sembako,pak,18000,0.0,18000,15200,24,0,432000,67200,121,0,97,0,0,2027-07-28,539,1,0
2026-02-05,Kamis,SKU003,Gula Pasir 1kg,Sembako,pak,18000,0.0,18000,15200,25,0,450000,70000,97,0,72,0,0,2027-07-28,538,1,0
2026-02-06,Jumat,SKU003,Gula Pasir 1kg,Sembako,pak,18000,0.0,18000,15200,24,0,432000,67200,72,0,48,0,0,2027-07-28,537,0,0
2026-02-07,Sabtu,SKU003,Gula Pasir 1kg,Sembako,pak,18000,0.0,18000,15200,26,0,468000,72800,48,0,22,110,0,2027-07-28,536,0,0
2026-02-08,Minggu,SKU003,Gula Pasir 1kg,Sembako,pak,18000,5.0,17100,15200,22,5,376200,41800,22,0,0,0,0,2027-07-28,535,0,0
2026-02-09,Senin,SKU003,Gula Pasir 1kg,Sembako,pak,18000,0.0,18000,15200,0,17,0,0,0,0,0,0,0,2027-07-28,534,0,0
2026-02-10,Selasa,SKU003,Gula Pasir 1kg,Sembako,pak,18000,0.0,18000,15200,14,0,252000,39200,110,110,96,0,0,2027-08-04,540,0,0
2026-02-11,Rabu,SKU003,Gula Pasir 1kg,Sembako,pak,18000,0.0,18000,15200,9,0,162000,25200,96,0,87,0,0,2027-08-04,539,0,0
2026-02-12,Kamis,SKU003,Gula Pasir 1kg,Sembako,pak,18000,8.0,16600,15200,21,0,348600,29400,87,0,66,0,0,2027-08-04,538,0,0
2026-02-13,Jumat,SKU003,Gula Pasir 1kg,Sembako,pak,18000,14.31,15400,15200,15,0,231000,3000,66,0,51,0,0,2027-08-04,537,0,0
2026-02-14,Sabtu,SKU003,Gula Pasir 1kg,Sembako,pak,18000,14.31,15400,15200,18,0,277200,3600,51,0,33,110,0,2027-08-04,536,0,0
2026-02-15,Minggu,SKU003,Gula Pasir 1kg,Sembako,pak,18000,0.0,18000,15200,16,0,288000,44800,33,0,17,0,0,2027-08-04,535,0,0
2026-02-16,Senin,SKU003,Gula Pasir 1kg,Sembako,pak,18000,0.0,18000,15200,7,0,126000,19600,17,0,10,0,0,2027-08-04,534,0,0
2026-02-17,Selasa,SKU003,Gula Pasir 1kg,Sembako,pak,18000,0.0,18000,15200,17,0,306000,47600,120,110,103,0,0,2027-08-11,540,0,1
2026-02-18,Rabu,SKU003,Gula Pasir 1kg,Sembako,pak,18000,0.0,18000,15200,19,0,342000,53200,103,0,84,0,0,2027-08-11,539,0,1
2026-02-19,Kamis,SKU003,Gula Pasir 1kg,Sembako,pak,18000,8.0,16600,15200,19,0,315400,26600,84,0,65,0,0,2027-08-11,538,0,1
2026-02-20,Jumat,SKU003,Gula Pasir 1kg,Sembako,pak,18000,0.0,18000,15200,19,0,342000,53200,65,0,46,0,0,2027-08-11,537,0,1
2026-02-21,Sabtu,SKU003,Gula Pasir 1kg,Sembako,pak,18000,0.0,18000,15200,22,0,396000,61600,46,0,24,110,0,2027-08-11,536,0,1
2026-02-22,Minggu,SKU003,Gula Pasir 1kg,Sembako,pak,18000,0.0,18000,15200,17,0,306000,47600,24,0,7,0,0,2027-08-11,535,0,1
2026-02-23,Senin,SKU003,Gula Pasir 1kg,Sembako,pak,18000,0.0,18000,15200,10,0,180000,28000,117,110,107,0,0,2027-08-17,540,0,1
2026-02-24,Selasa,SKU003,Gula Pasir 1kg,Sembako,pak,18000,0.0,18000,15200,24,0,432000,67200,107,0,83,0,0,2027-08-17,539,0,1
2026-02-25,Rabu,SKU003,Gula Pasir 1kg,Sembako,pak,18000,5.0,17100,15200,35,0,598500,66500,83,0,48,0,0,2027-08-17,538,1,1
2026-02-26,Kamis,SKU003,Gula Pasir 1kg,Sembako,pak,18000,0.0,18000,15200,23,0,414000,64400,48,0,25,110,0,2027-08-17,537,1,1
2026-02-27,Jumat,SKU003,Gula Pasir 1kg,Sembako,pak,18000,0.0,18000,15200,25,0,450000,70000,25,0,0,0,0,2027-08-17,536,1,1
2026-02-28,Sabtu,SKU003,Gula Pasir 1kg,Sembako,pak,18000,0.0,18000,15200,35,0,630000,98000,110,110,75,0,0,2027-08-22,540,1,1
2026-03-01,Minggu,SKU003,Gula Pasir 1kg,Sembako,pak,18000,0.0,18000,15200,18,0,324000,50400,75,0,57,0,0,2027-08-22,539,1,1
2026-03-02,Senin,SKU003,Gula Pasir 1kg,Sembako,pak,18000,10.0,16200,15200,33,0,534600,33000,57,0,24,110,0,2027-08-22,538,1,1
2026-03-03,Selasa,SKU003,Gula Pasir 1kg,Sembako,pak,18000,14.31,15400,15200,24,8,369600,4800,24,0,0,0,0,2027-08-22,537,1,1
2026-03-04,Rabu,SKU003,Gula Pasir 1kg,Sembako,pak,18000,14.31,15400,15200,39,0,600600,7800,110,110,71,0,0,2027-08-26,540,1,1
2026-03-05,Kamis,SKU003,Gula Pasir 1kg,Sembako,pak,18000,14.31,15400,15200,26,0,400400,5200,71,0,45,0,0,2027-08-26,539,1,1
2026-03-06,Jumat,SKU003,Gula Pasir 1kg,Sembako,pak,18000,0.0,18000,15200,19,0,342000,53200,45,0,26,110,0,2027-08-26,538,0,1
2026-03-07,Sabtu,SKU003,Gula Pasir 1kg,Sembako,pak,18000,0.0,18000,15200,26,7,468000,72800,26,0,0,0,0,2027-08-26,537,0,1
2026-03-08,Minggu,SKU003,Gula Pasir 1kg,Sembako,pak,18000,0.0,18000,15200,25,0,450000,70000,110,110,85,0,0,2027-08-30,540,0,1
2026-03-09,Senin,SKU003,Gula Pasir 1kg,Sembako,pak,18000,0.0,18000,15200,23,0,414000,64400,85,0,62,0,0,2027-08-30,539,0,1
2026-03-10,Selasa,SKU003,Gula Pasir 1kg,Sembako,pak,18000,0.0,18000,15200,21,0,378000,58800,62,0,41,110,0,2027-08-30,538,0,1
2026-03-11,Rabu,SKU003,Gula Pasir 1kg,Sembako,pak,18000,0.0,18000,15200,22,0,396000,61600,41,0,19,0,0,2027-08-30,537,0,1
2026-03-12,Kamis,SKU003,Gula Pasir 1kg,Sembako,pak,18000,10.0,16200,15200,19,5,307800,19000,19,0,0,0,0,2027-08-30,536,0,1
2026-03-13,Jumat,SKU003,Gula Pasir 1kg,Sembako,pak,18000,14.31,15400,15200,26,0,400400,5200,110,110,84,0,0,2027-09-04,540,0,1
2026-03-14,Sabtu,SKU003,Gula Pasir 1kg,Sembako,pak,18000,14.31,15400,15200,43,0,662200,8600,84,0,41,110,0,2027-09-04,539,0,1
2026-03-15,Minggu,SKU003,Gula Pasir 1kg,Sembako,pak,18000,0.0,18000,15200,31,0,558000,86800,41,0,10,0,0,2027-09-04,538,0,1
2026-03-16,Senin,SKU003,Gula Pasir 1kg,Sembako,pak,18000,0.0,18000,15200,10,9,180000,28000,10,0,0,0,0,2027-09-04,537,0,1
2026-03-17,Selasa,SKU003,Gula Pasir 1kg,Sembako,pak,18000,14.31,15400,15200,33,0,508200,6600,110,110,77,0,0,2027-09-08,540,0,1
2026-03-18,Rabu,SKU003,Gula Pasir 1kg,Sembako,pak,18000,14.31,15400,15200,24,0,369600,4800,77,0,53,0,0,2027-09-08,539,0,1
2026-03-19,Kamis,SKU003,Gula Pasir 1kg,Sembako,pak,18000,14.31,15400,15200,22,0,338800,4400,53,0,31,242,0,2027-09-08,538,0,1
2026-03-20,Jumat,SKU003,Gula Pasir 1kg,Sembako,pak,18000,0.0,18000,15200,9,0,162000,25200,273,242,264,0,0,2027-09-11,540,0,0
2026-03-21,Sabtu,SKU003,Gula Pasir 1kg,Sembako,pak,18000,14.31,15400,15200,13,0,200200,2600,264,0,251,0,0,2027-09-11,539,0,0
2026-03-22,Minggu,SKU003,Gula Pasir 1kg,Sembako,pak,18000,0.0,18000,15200,13,0,234000,36400,251,0,238,0,0,2027-09-11,538,0,0
2026-03-23,Senin,SKU003,Gula Pasir 1kg,Sembako,pak,18000,14.31,15400,15200,10,0,154000,2000,238,0,228,0,0,2027-09-11,537,0,0
2026-03-24,Selasa,SKU003,Gula Pasir 1kg,Sembako,pak,18000,0.0,18000,15200,12,0,216000,33600,228,0,216,0,0,2027-09-11,536,0,0
2026-03-25,Rabu,SKU003,Gula Pasir 1kg,Sembako,pak,18000,0.0,18000,15200,10,0,180000,28000,216,0,206,0,0,2027-09-11,535,1,0
2026-03-26,Kamis,SKU003,Gula Pasir 1kg,Sembako,pak,18000,0.0,18000,15200,13,0,234000,36400,206,0,193,0,0,2027-09-11,534,1,0
2026-03-27,Jumat,SKU003,Gula Pasir 1kg,Sembako,pak,18000,14.31,15400,15200,26,0,400400,5200,193,0,167,0,0,2027-09-11,533,1,0
2026-03-28,Sabtu,SKU003,Gula Pasir 1kg,Sembako,pak,18000,0.0,18000,15200,23,0,414000,64400,167,0,144,0,0,2027-09-11,532,1,0
2026-03-29,Minggu,SKU003,Gula Pasir 1kg,Sembako,pak,18000,5.0,17100,15200,32,0,547200,60800,144,0,112,0,0,2027-09-11,531,1,0
2026-03-30,Senin,SKU003,Gula Pasir 1kg,Sembako,pak,18000,0.0,18000,15200,11,0,198000,30800,112,0,101,0,0,2027-09-11,530,1,0
2026-03-31,Selasa,SKU003,Gula Pasir 1kg,Sembako,pak,18000,0.0,18000,15200,25,0,450000,70000,101,0,76,0,0,2027-09-11,529,1,0
2026-04-01,Rabu,SKU003,Gula Pasir 1kg,Sembako,pak,18000,14.31,15400,15200,23,0,354200,4600,76,0,53,0,0,2027-09-11,528,1,0
2026-04-02,Kamis,SKU003,Gula Pasir 1kg,Sembako,pak,18000,14.31,15400,15200,16,0,246400,3200,53,0,37,242,0,2027-09-11,527,1,0
2026-04-03,Jumat,SKU003,Gula Pasir 1kg,Sembako,pak,18000,0.0,18000,15200,15,0,270000,42000,279,242,264,0,0,2027-09-25,540,1,0
2026-04-04,Sabtu,SKU003,Gula Pasir 1kg,Sembako,pak,18000,5.0,17100,15200,32,0,547200,60800,264,0,232,0,0,2027-09-25,539,1,0
2026-04-05,Minggu,SKU003,Gula Pasir 1kg,Sembako,pak,18000,0.0,18000,15200,29,0,522000,81200,232,0,203,0,0,2027-09-25,538,1,0
2026-04-06,Senin,SKU003,Gula Pasir 1kg,Sembako,pak,18000,0.0,18000,15200,12,0,216000,33600,203,0,191,0,0,2027-09-25,537,0,0
2026-04-07,Selasa,SKU003,Gula Pasir 1kg,Sembako,pak,18000,0.0,18000,15200,6,0,108000,16800,191,0,185,0,0,2027-09-25,536,0,0
2026-04-08,Rabu,SKU003,Gula Pasir 1kg,Sembako,pak,18000,0.0,18000,15200,29,0,522000,81200,185,0,156,0,0,2027-09-25,535,0,0
2026-04-09,Kamis,SKU003,Gula Pasir 1kg,Sembako,pak,18000,0.0,18000,15200,17,0,306000,47600,156,0,139,0,0,2027-09-25,534,0,0
2026-04-10,Jumat,SKU003,Gula Pasir 1kg,Sembako,pak,18000,0.0,18000,15200,17,0,306000,47600,139,0,122,0,0,2027-09-25,533,0,0
2026-04-11,Sabtu,SKU003,Gula Pasir 1kg,Sembako,pak,18000,14.31,15400,15200,23,0,354200,4600,122,0,99,0,0,2027-09-25,532,0,0
2026-04-12,Minggu,SKU003,Gula Pasir 1kg,Sembako,pak,18000,0.0,18000,15200,10,0,180000,28000,99,0,89,0,0,2027-09-25,531,0,0
2026-04-13,Senin,SKU003,Gula Pasir 1kg,Sembako,pak,18000,0.0,18000,15200,9,0,162000,25200,89,0,80,0,0,2027-09-25,530,0,0
2026-04-14,Selasa,SKU003,Gula Pasir 1kg,Sembako,pak,18000,5.0,17100,15200,16,0,273600,30400,80,0,64,0,0,2027-09-25,529,0,0
2026-04-15,Rabu,SKU003,Gula Pasir 1kg,Sembako,pak,18000,0.0,18000,15200,13,0,234000,36400,64,0,51,0,0,2027-09-25,528,0,0
2026-04-16,Kamis,SKU003,Gula Pasir 1kg,Sembako,pak,18000,5.0,17100,15200,14,0,239400,26600,51,0,37,110,0,2027-09-25,527,0,0
2026-04-17,Jumat,SKU003,Gula Pasir 1kg,Sembako,pak,18000,8.0,16600,15200,18,0,298800,25200,37,0,19,0,0,2027-09-25,526,0,0
2026-04-18,Sabtu,SKU003,Gula Pasir 1kg,Sembako,pak,18000,0.0,18000,15200,17,0,306000,47600,19,0,2,0,0,2027-09-25,525,0,0
2026-04-19,Minggu,SKU003,Gula Pasir 1kg,Sembako,pak,18000,0.0,18000,15200,16,0,288000,44800,112,110,96,0,0,2027-10-11,540,0,0
2026-04-20,Senin,SKU003,Gula Pasir 1kg,Sembako,pak,18000,0.0,18000,15200,16,0,288000,44800,96,0,80,0,0,2027-10-11,539,0,0
2026-04-21,Selasa,SKU003,Gula Pasir 1kg,Sembako,pak,18000,0.0,18000,15200,14,0,252000,39200,80,0,66,0,0,2027-10-11,538,0,0
2026-04-22,Rabu,SKU003,Gula Pasir 1kg,Sembako,pak,18000,0.0,18000,15200,10,0,180000,28000,66,0,56,0,0,2027-10-11,537,0,0
2026-04-23,Kamis,SKU003,Gula Pasir 1kg,Sembako,pak,18000,0.0,18000,15200,8,0,144000,22400,56,0,48,0,0,2027-10-11,536,0,0
2026-04-24,Jumat,SKU003,Gula Pasir 1kg,Sembako,pak,18000,8.0,16600,15200,12,0,199200,16800,48,0,36,110,0,2027-10-11,535,0,0
2026-04-25,Sabtu,SKU003,Gula Pasir 1kg,Sembako,pak,18000,14.31,15400,15200,36,10,554400,7200,36,0,0,0,0,2027-10-11,534,1,0
2026-04-26,Minggu,SKU003,Gula Pasir 1kg,Sembako,pak,18000,14.31,15400,15200,27,0,415800,5400,110,110,83,0,0,2027-10-18,540,1,0
2026-04-27,Senin,SKU003,Gula Pasir 1kg,Sembako,pak,18000,0.0,18000,15200,11,0,198000,30800,83,0,72,0,0,2027-10-18,539,1,0
2026-04-28,Selasa,SKU003,Gula Pasir 1kg,Sembako,pak,18000,0.0,18000,15200,25,0,450000,70000,72,0,47,0,0,2027-10-18,538,1,0
2026-04-29,Rabu,SKU003,Gula Pasir 1kg,Sembako,pak,18000,14.31,15400,15200,25,0,385000,5000,47,0,22,110,0,2027-10-18,537,1,0
2026-04-30,Kamis,SKU003,Gula Pasir 1kg,Sembako,pak,18000,0.0,18000,15200,21,0,378000,58800,22,0,1,0,0,2027-10-18,536,1,0
2026-05-01,Jumat,SKU003,Gula Pasir 1kg,Sembako,pak,18000,0.0,18000,15200,1,27,18000,2800,1,0,0,0,0,2027-10-18,535,1,0
2026-05-02,Sabtu,SKU003,Gula Pasir 1kg,Sembako,pak,18000,10.0,16200,15200,35,0,567000,35000,110,110,75,0,0,2027-10-24,540,1,0
2026-05-03,Minggu,SKU003,Gula Pasir 1kg,Sembako,pak,18000,14.31,15400,15200,29,0,446600,5800,75,0,46,0,0,2027-10-24,539,1,0
2026-05-04,Senin,SKU003,Gula Pasir 1kg,Sembako,pak,18000,8.0,16600,15200,17,0,282200,23800,46,0,29,110,0,2027-10-24,538,1,0
2026-05-05,Selasa,SKU003,Gula Pasir 1kg,Sembako,pak,18000,0.0,18000,15200,4,0,72000,11200,29,0,25,0,0,2027-10-24,537,1,0
2026-05-06,Rabu,SKU003,Gula Pasir 1kg,Sembako,pak,18000,14.31,15400,15200,20,0,308000,4000,135,110,115,0,0,2027-10-28,540,0,0
2026-05-07,Kamis,SKU003,Gula Pasir 1kg,Sembako,pak,18000,0.0,18000,15200,18,0,324000,50400,115,0,97,0,0,2027-10-28,539,0,0
2026-05-08,Jumat,SKU003,Gula Pasir 1kg,Sembako,pak,18000,0.0,18000,15200,22,0,396000,61600,97,0,75,0,0,2027-10-28,538,0,0
2026-05-09,Sabtu,SKU003,Gula Pasir 1kg,Sembako,pak,18000,0.0,18000,15200,21,0,378000,58800,75,0,54,0,0,2027-10-28,537,0,0
2026-05-10,Minggu,SKU003,Gula Pasir 1kg,Sembako,pak,18000,14.31,15400,15200,33,0,508200,6600,54,0,21,110,0,2027-10-28,536,0,0
2026-05-11,Senin,SKU003,Gula Pasir 1kg,Sembako,pak,18000,0.0,18000,15200,8,0,144000,22400,21,0,13,0,0,2027-10-28,535,0,0
2026-05-12,Selasa,SKU003,Gula Pasir 1kg,Sembako,pak,18000,8.0,16600,15200,13,2,215800,18200,13,0,0,0,0,2027-10-28,534,0,0
2026-05-13,Rabu,SKU003,Gula Pasir 1kg,Sembako,pak,18000,0.0,18000,15200,20,0,360000,56000,110,110,90,0,0,2027-11-04,540,0,0
2026-05-14,Kamis,SKU003,Gula Pasir 1kg,Sembako,pak,18000,0.0,18000,15200,9,0,162000,25200,90,0,81,0,0,2027-11-04,539,0,0
2026-05-15,Jumat,SKU003,Gula Pasir 1kg,Sembako,pak,18000,14.31,15400,15200,16,0,246400,3200,81,0,65,0,0,2027-11-04,538,0,0
2026-05-16,Sabtu,SKU003,Gula Pasir 1kg,Sembako,pak,18000,0.0,18000,15200,17,0,306000,47600,65,0,48,0,0,2027-11-04,537,0,0
2026-05-17,Minggu,SKU003,Gula Pasir 1kg,Sembako,pak,18000,12.0,15800,15200,14,0,221200,8400,48,0,34,110,0,2027-11-04,536,0,0
2026-05-18,Senin,SKU003,Gula Pasir 1kg,Sembako,pak,18000,0.0,18000,15200,11,0,198000,30800,34,0,23,0,0,2027-11-04,535,0,0
2026-05-19,Selasa,SKU003,Gula Pasir 1kg,Sembako,pak,18000,0.0,18000,15200,10,0,180000,28000,23,0,13,0,0,2027-11-04,534,0,0
2026-05-20,Rabu,SKU003,Gula Pasir 1kg,Sembako,pak,18000,0.0,18000,15200,15,0,270000,42000,123,110,108,0,0,2027-11-11,540,0,0
2026-05-21,Kamis,SKU003,Gula Pasir 1kg,Sembako,pak,18000,5.0,17100,15200,9,0,153900,17100,108,0,99,0,0,2027-11-11,539,0,0
2026-05-22,Jumat,SKU003,Gula Pasir 1kg,Sembako,pak,18000,8.0,16600,15200,14,0,232400,19600,99,0,85,0,0,2027-11-11,538,0,0
2026-05-23,Sabtu,SKU003,Gula Pasir 1kg,Sembako,pak,18000,0.0,18000,15200,14,0,252000,39200,85,0,71,0,0,2027-11-11,537,0,0
2026-05-24,Minggu,SKU003,Gula Pasir 1kg,Sembako,pak,18000,0.0,18000,15200,16,0,288000,44800,71,0,55,0,0,2027-11-11,536,0,0
2026-05-25,Senin,SKU003,Gula Pasir 1kg,Sembako,pak,18000,0.0,18000,15200,17,0,306000,47600,55,0,38,110,0,2027-11-11,535,1,0
2026-05-26,Selasa,SKU003,Gula Pasir 1kg,Sembako,pak,18000,0.0,18000,15200,19,0,342000,53200,38,0,19,0,0,2027-11-11,534,1,0
2026-05-27,Rabu,SKU003,Gula Pasir 1kg,Sembako,pak,18000,0.0,18000,15200,22,0,396000,61600,129,110,107,0,0,2027-11-18,540,1,0
2026-05-28,Kamis,SKU003,Gula Pasir 1kg,Sembako,pak,18000,0.0,18000,15200,26,0,468000,72800,107,0,81,0,0,2027-11-18,539,1,0
2026-05-29,Jumat,SKU003,Gula Pasir 1kg,Sembako,pak,18000,5.0,17100,15200,16,0,273600,30400,81,0,65,0,0,2027-11-18,538,1,0
2026-05-30,Sabtu,SKU003,Gula Pasir 1kg,Sembako,pak,18000,0.0,18000,15200,29,0,522000,81200,65,0,36,110,0,2027-11-18,537,1,0
2026-05-31,Minggu,SKU003,Gula Pasir 1kg,Sembako,pak,18000,0.0,18000,15200,24,0,432000,67200,36,0,12,0,0,2027-11-18,536,1,0
2026-06-01,Senin,SKU003,Gula Pasir 1kg,Sembako,pak,18000,14.31,15400,15200,24,0,369600,4800,122,110,98,0,0,2027-11-23,540,1,0
2026-06-02,Selasa,SKU003,Gula Pasir 1kg,Sembako,pak,18000,0.0,18000,15200,22,0,396000,61600,98,0,76,0,0,2027-11-23,539,1,0
2026-06-03,Rabu,SKU003,Gula Pasir 1kg,Sembako,pak,18000,14.31,15400,15200,18,0,277200,3600,76,0,58,0,0,2027-11-23,538,1,0
2026-06-04,Kamis,SKU003,Gula Pasir 1kg,Sembako,pak,18000,14.31,15400,15200,29,0,446600,5800,58,0,29,110,0,2027-11-23,537,1,0
2026-06-05,Jumat,SKU003,Gula Pasir 1kg,Sembako,pak,18000,0.0,18000,15200,20,0,360000,56000,29,0,9,0,0,2027-11-23,536,1,0
2026-06-06,Sabtu,SKU003,Gula Pasir 1kg,Sembako,pak,18000,0.0,18000,15200,9,12,162000,25200,9,0,0,0,0,2027-11-23,535,0,0
2026-06-07,Minggu,SKU003,Gula Pasir 1kg,Sembako,pak,18000,0.0,18000,15200,25,0,450000,70000,110,110,85,0,0,2027-11-29,540,0,0
2026-06-08,Senin,SKU003,Gula Pasir 1kg,Sembako,pak,18000,12.0,15800,15200,12,0,189600,7200,85,0,73,0,0,2027-11-29,539,0,0
2026-06-09,Selasa,SKU003,Gula Pasir 1kg,Sembako,pak,18000,0.0,18000,15200,15,0,270000,42000,73,0,58,0,0,2027-11-29,538,0,0
2026-06-10,Rabu,SKU003,Gula Pasir 1kg,Sembako,pak,18000,14.31,15400,15200,29,0,446600,5800,58,0,29,110,0,2027-11-29,537,0,0
2026-06-11,Kamis,SKU003,Gula Pasir 1kg,Sembako,pak,18000,14.31,15400,15200,10,0,154000,2000,29,0,19,0,0,2027-11-29,536,0,0
2026-06-12,Jumat,SKU003,Gula Pasir 1kg,Sembako,pak,18000,8.0,16600,15200,16,0,265600,22400,129,110,113,0,0,2027-12-04,540,0,0
2026-06-13,Sabtu,SKU003,Gula Pasir 1kg,Sembako,pak,18000,0.0,18000,15200,20,0,360000,56000,113,0,93,0,0,2027-12-04,539,0,0
2026-06-14,Minggu,SKU003,Gula Pasir 1kg,Sembako,pak,18000,8.0,16600,15200,14,0,232400,19600,93,0,79,0,0,2027-12-04,538,0,0
2026-06-15,Senin,SKU003,Gula Pasir 1kg,Sembako,pak,18000,0.0,18000,15200,6,0,108000,16800,79,0,73,0,0,2027-12-04,537,0,0
2026-06-16,Selasa,SKU003,Gula Pasir 1kg,Sembako,pak,18000,0.0,18000,15200,7,0,126000,19600,73,0,66,0,0,2027-12-04,536,0,0
2026-06-17,Rabu,SKU003,Gula Pasir 1kg,Sembako,pak,18000,0.0,18000,15200,13,0,234000,36400,66,0,53,0,0,2027-12-04,535,0,0
2026-06-18,Kamis,SKU003,Gula Pasir 1kg,Sembako,pak,18000,14.31,15400,15200,16,0,246400,3200,53,0,37,110,0,2027-12-04,534,0,0
2026-06-19,Jumat,SKU003,Gula Pasir 1kg,Sembako,pak,18000,0.0,18000,15200,7,0,126000,19600,37,0,30,0,0,2027-12-04,533,0,0
2026-06-20,Sabtu,SKU003,Gula Pasir 1kg,Sembako,pak,18000,0.0,18000,15200,7,0,126000,19600,30,0,23,0,0,2027-12-04,532,0,0
2026-06-21,Minggu,SKU003,Gula Pasir 1kg,Sembako,pak,18000,8.0,16600,15200,18,0,298800,25200,133,110,115,0,0,2027-12-13,540,0,0
2026-06-22,Senin,SKU003,Gula Pasir 1kg,Sembako,pak,18000,10.0,16200,15200,10,0,162000,10000,115,0,105,0,0,2027-12-13,539,0,0
2026-06-23,Selasa,SKU003,Gula Pasir 1kg,Sembako,pak,18000,14.31,15400,15200,13,0,200200,2600,105,0,92,0,0,2027-12-13,538,0,0
2026-06-24,Rabu,SKU003,Gula Pasir 1kg,Sembako,pak,18000,0.0,18000,15200,6,0,108000,16800,92,0,86,0,0,2027-12-13,537,0,0
2026-06-25,Kamis,SKU003,Gula Pasir 1kg,Sembako,pak,18000,0.0,18000,15200,17,0,306000,47600,86,0,69,0,0,2027-12-13,536,1,0
2026-06-26,Jumat,SKU003,Gula Pasir 1kg,Sembako,pak,18000,0.0,18000,15200,26,0,468000,72800,69,0,43,0,0,2027-12-13,535,1,0
2026-06-27,Sabtu,SKU003,Gula Pasir 1kg,Sembako,pak,18000,0.0,18000,15200,17,0,306000,47600,43,0,26,110,0,2027-12-13,534,1,0
2026-06-28,Minggu,SKU003,Gula Pasir 1kg,Sembako,pak,18000,14.31,15400,15200,26,13,400400,5200,26,0,0,0,0,2027-12-13,533,1,0
2026-06-29,Senin,SKU003,Gula Pasir 1kg,Sembako,pak,18000,0.0,18000,15200,15,0,270000,42000,110,110,95,0,0,2027-12-21,540,1,0
2026-06-30,Selasa,SKU003,Gula Pasir 1kg,Sembako,pak,18000,0.0,18000,15200,13,0,234000,36400,95,0,82,0,0,2027-12-21,539,1,0
2026-07-01,Rabu,SKU003,Gula Pasir 1kg,Sembako,pak,18000,0.0,18000,15200,16,0,288000,44800,82,0,66,0,0,2027-12-21,538,1,0
2026-07-02,Kamis,SKU003,Gula Pasir 1kg,Sembako,pak,18000,0.0,18000,15200,17,0,306000,47600,66,0,49,0,0,2027-12-21,537,1,0
2026-07-03,Jumat,SKU003,Gula Pasir 1kg,Sembako,pak,18000,0.0,18000,15200,20,0,360000,56000,49,0,29,110,0,2027-12-21,536,1,0
2026-07-04,Sabtu,SKU003,Gula Pasir 1kg,Sembako,pak,18000,0.0,18000,15200,18,0,324000,50400,29,0,11,0,0,2027-12-21,535,1,0
2026-07-05,Minggu,SKU003,Gula Pasir 1kg,Sembako,pak,18000,0.0,18000,15200,11,11,198000,30800,11,0,0,0,0,2027-12-21,534,1,0
2026-07-06,Senin,SKU003,Gula Pasir 1kg,Sembako,pak,18000,14.31,15400,15200,14,0,215600,2800,110,110,96,0,0,2027-12-28,540,0,0
2026-07-07,Selasa,SKU003,Gula Pasir 1kg,Sembako,pak,18000,10.0,16200,15200,12,0,194400,12000,96,0,84,0,0,2027-12-28,539,0,0
2026-07-08,Rabu,SKU003,Gula Pasir 1kg,Sembako,pak,18000,8.0,16600,15200,13,0,215800,18200,84,0,71,0,0,2027-12-28,538,0,0
2026-07-09,Kamis,SKU003,Gula Pasir 1kg,Sembako,pak,18000,10.0,16200,15200,22,0,356400,22000,71,0,49,0,0,2027-12-28,537,0,0
2026-07-10,Jumat,SKU003,Gula Pasir 1kg,Sembako,pak,18000,0.0,18000,15200,11,0,198000,30800,49,0,38,110,0,2027-12-28,536,0,0
2026-07-11,Sabtu,SKU003,Gula Pasir 1kg,Sembako,pak,18000,0.0,18000,15200,12,0,216000,33600,148,110,136,0,0,2028-01-02,540,0,0
2026-07-12,Minggu,SKU003,Gula Pasir 1kg,Sembako,pak,18000,0.0,18000,15200,19,0,342000,53200,136,0,117,0,0,2028-01-02,539,0,0
2026-07-13,Senin,SKU003,Gula Pasir 1kg,Sembako,pak,18000,0.0,18000,15200,8,0,144000,22400,117,0,109,0,0,2028-01-02,538,0,0
2026-07-14,Selasa,SKU003,Gula Pasir 1kg,Sembako,pak,18000,0.0,18000,15200,11,0,198000,30800,109,0,98,0,0,2028-01-02,537,0,0
2026-07-15,Rabu,SKU003,Gula Pasir 1kg,Sembako,pak,18000,14.31,15400,15200,28,0,431200,5600,98,0,70,0,0,2028-01-02,536,0,0
2026-07-16,Kamis,SKU003,Gula Pasir 1kg,Sembako,pak,18000,0.0,18000,15200,18,0,324000,50400,70,0,52,0,0,2028-01-02,535,0,0
2026-07-17,Jumat,SKU003,Gula Pasir 1kg,Sembako,pak,18000,0.0,18000,15200,7,0,126000,19600,52,0,45,0,0,2028-01-02,534,0,0
2026-07-18,Sabtu,SKU003,Gula Pasir 1kg,Sembako,pak,18000,0.0,18000,15200,9,0,162000,25200,45,0,36,110,0,2028-01-02,533,0,0
2026-07-19,Minggu,SKU003,Gula Pasir 1kg,Sembako,pak,18000,14.31,15400,15200,16,0,246400,3200,36,0,20,0,0,2028-01-02,532,0,0
2026-07-20,Senin,SKU003,Gula Pasir 1kg,Sembako,pak,18000,0.0,18000,15200,15,0,270000,42000,130,110,115,0,0,2028-01-11,540,0,0
2026-07-21,Selasa,SKU003,Gula Pasir 1kg,Sembako,pak,18000,0.0,18000,15200,18,0,324000,50400,115,0,97,0,0,2028-01-11,539,0,0
2026-07-22,Rabu,SKU003,Gula Pasir 1kg,Sembako,pak,18000,0.0,18000,15200,9,0,162000,25200,97,0,88,0,0,2028-01-11,538,0,0
2026-07-23,Kamis,SKU003,Gula Pasir 1kg,Sembako,pak,18000,0.0,18000,15200,21,0,378000,58800,88,0,67,0,0,2028-01-11,537,0,0
2026-07-24,Jumat,SKU003,Gula Pasir 1kg,Sembako,pak,18000,14.31,15400,15200,11,0,169400,2200,67,0,56,0,0,2028-01-11,536,0,0
2026-07-25,Sabtu,SKU003,Gula Pasir 1kg,Sembako,pak,18000,0.0,18000,15200,25,0,450000,70000,56,0,31,110,0,2028-01-11,535,1,0
2026-07-26,Minggu,SKU003,Gula Pasir 1kg,Sembako,pak,18000,0.0,18000,15200,13,0,234000,36400,31,0,18,0,0,2028-01-11,534,1,0
2026-07-27,Senin,SKU003,Gula Pasir 1kg,Sembako,pak,18000,0.0,18000,15200,19,0,342000,53200,128,110,109,0,0,2028-01-18,540,1,0
2026-07-28,Selasa,SKU003,Gula Pasir 1kg,Sembako,pak,18000,0.0,18000,15200,21,0,378000,58800,109,0,88,0,0,2028-01-18,539,1,0
2026-07-29,Rabu,SKU003,Gula Pasir 1kg,Sembako,pak,18000,14.31,15400,15200,29,0,446600,5800,88,0,59,0,0,2028-01-18,538,1,0
2026-07-30,Kamis,SKU003,Gula Pasir 1kg,Sembako,pak,18000,0.0,18000,15200,23,0,414000,64400,59,0,36,110,0,2028-01-18,537,1,0
2026-07-31,Jumat,SKU003,Gula Pasir 1kg,Sembako,pak,18000,0.0,18000,15200,19,0,342000,53200,146,110,127,0,0,2028-01-22,540,1,0
2026-08-01,Sabtu,SKU003,Gula Pasir 1kg,Sembako,pak,18000,0.0,18000,15200,21,0,378000,58800,127,0,106,0,0,2028-01-22,539,1,0
2026-08-02,Minggu,SKU003,Gula Pasir 1kg,Sembako,pak,18000,10.0,16200,15200,35,0,567000,35000,106,0,71,0,0,2028-01-22,538,1,0
2026-08-03,Senin,SKU003,Gula Pasir 1kg,Sembako,pak,18000,14.31,15400,15200,25,0,385000,5000,71,0,46,0,0,2028-01-22,537,1,0
2026-08-04,Selasa,SKU003,Gula Pasir 1kg,Sembako,pak,18000,0.0,18000,15200,21,0,378000,58800,46,0,25,110,0,2028-01-22,536,1,0
2026-08-05,Rabu,SKU003,Gula Pasir 1kg,Sembako,pak,18000,14.31,15400,15200,25,2,385000,5000,25,0,0,0,0,2028-01-22,535,1,0
2026-08-06,Kamis,SKU003,Gula Pasir 1kg,Sembako,pak,18000,0.0,18000,15200,15,0,270000,42000,110,110,95,0,0,2028-01-28,540,0,0
2026-08-07,Jumat,SKU003,Gula Pasir 1kg,Sembako,pak,18000,14.31,15400,15200,16,0,246400,3200,95,0,79,0,0,2028-01-28,539,0,0
2026-08-08,Sabtu,SKU003,Gula Pasir 1kg,Sembako,pak,18000,12.0,15800,15200,19,0,300200,11400,79,0,60,0,0,2028-01-28,538,0,0
2026-08-09,Minggu,SKU003,Gula Pasir 1kg,Sembako,pak,18000,14.31,15400,15200,20,0,308000,4000,60,0,40,110,0,2028-01-28,537,0,0
2026-08-10,Senin,SKU003,Gula Pasir 1kg,Sembako,pak,18000,0.0,18000,15200,10,0,180000,28000,150,110,140,0,0,2028-02-01,540,0,0
2026-08-11,Selasa,SKU003,Gula Pasir 1kg,Sembako,pak,18000,0.0,18000,15200,7,0,126000,19600,140,0,133,0,0,2028-02-01,539,0,0
2026-08-12,Rabu,SKU003,Gula Pasir 1kg,Sembako,pak,18000,14.31,15400,15200,17,0,261800,3400,133,0,116,0,0,2028-02-01,538,0,0
2026-08-13,Kamis,SKU003,Gula Pasir 1kg,Sembako,pak,18000,0.0,18000,15200,13,0,234000,36400,116,0,103,0,0,2028-02-01,537,0,0
2026-08-14,Jumat,SKU003,Gula Pasir 1kg,Sembako,pak,18000,10.0,16200,15200,18,0,291600,18000,103,0,85,0,0,2028-02-01,536,0,0
2026-08-15,Sabtu,SKU003,Gula Pasir 1kg,Sembako,pak,18000,0.0,18000,15200,16,0,288000,44800,85,0,69,0,0,2028-02-01,535,0,0
2026-08-16,Minggu,SKU003,Gula Pasir 1kg,Sembako,pak,18000,8.0,16600,15200,22,0,365200,30800,69,0,47,0,0,2028-02-01,534,0,0
2026-08-17,Senin,SKU003,Gula Pasir 1kg,Sembako,pak,18000,0.0,18000,15200,7,0,126000,19600,47,0,40,110,0,2028-02-01,533,0,0
2025-08-18,Senin,SKU004,Telur Ayam 1kg,Segar,kg,30000,0.0,30000,26000,23,0,690000,92000,85,0,62,0,0,2025-08-31,13,0,0
2025-08-19,Selasa,SKU004,Telur Ayam 1kg,Segar,kg,30000,12.27,26300,26000,18,0,473400,5400,62,0,44,110,0,2025-08-31,12,0,0
2025-08-20,Rabu,SKU004,Telur Ayam 1kg,Segar,kg,30000,0.0,30000,26000,21,0,630000,84000,44,0,23,0,0,2025-08-31,11,0,0
2025-08-21,Kamis,SKU004,Telur Ayam 1kg,Segar,kg,30000,0.0,30000,26000,17,0,510000,68000,23,0,6,0,0,2025-08-31,10,0,0
2025-08-22,Jumat,SKU004,Telur Ayam 1kg,Segar,kg,30000,0.0,30000,26000,21,0,630000,84000,116,110,95,0,0,2025-09-12,21,0,0
2025-08-23,Sabtu,SKU004,Telur Ayam 1kg,Segar,kg,30000,12.0,26400,26000,28,0,739200,11200,95,0,67,0,0,2025-09-12,20,0,0
2025-08-24,Minggu,SKU004,Telur Ayam 1kg,Segar,kg,30000,0.0,30000,26000,18,0,540000,72000,67,0,49,110,0,2025-09-12,19,0,0
2025-08-25,Senin,SKU004,Telur Ayam 1kg,Segar,kg,30000,0.0,30000,26000,22,0,660000,88000,159,110,137,0,0,2025-09-15,21,1,0
2025-08-26,Selasa,SKU004,Telur Ayam 1kg,Segar,kg,30000,0.0,30000,26000,27,0,810000,108000,137,0,110,0,0,2025-09-15,20,1,0
2025-08-27,Rabu,SKU004,Telur Ayam 1kg,Segar,kg,30000,12.27,26300,26000,36,0,946800,10800,110,0,74,0,0,2025-09-15,19,1,0
2025-08-28,Kamis,SKU004,Telur Ayam 1kg,Segar,kg,30000,0.0,30000,26000,46,0,1380000,184000,74,0,28,110,0,2025-09-15,18,1,0
2025-08-29,Jumat,SKU004,Telur Ayam 1kg,Segar,kg,30000,0.0,30000,26000,28,9,840000,112000,28,0,0,0,0,2025-09-15,17,1,0
2025-08-30,Sabtu,SKU004,Telur Ayam 1kg,Segar,kg,30000,0.0,30000,26000,0,36,0,0,0,0,0,0,0,2025-09-15,16,1,0
2025-08-31,Minggu,SKU004,Telur Ayam 1kg,Segar,kg,30000,0.0,30000,26000,36,0,1080000,144000,110,110,74,0,0,2025-09-21,21,1,0
2025-09-01,Senin,SKU004,Telur Ayam 1kg,Segar,kg,30000,0.0,30000,26000,26,0,780000,104000,74,0,48,110,0,2025-09-21,20,1,0
2025-09-02,Selasa,SKU004,Telur Ayam 1kg,Segar,kg,30000,0.0,30000,26000,23,0,690000,92000,48,0,25,0,0,2025-09-21,19,1,0
2025-09-03,Rabu,SKU004,Telur Ayam 1kg,Segar,kg,30000,0.0,30000,26000,25,1,750000,100000,25,0,0,0,0,2025-09-21,18,1,0
2025-09-04,Kamis,SKU004,Telur Ayam 1kg,Segar,kg,30000,0.0,30000,26000,31,0,930000,124000,110,110,79,0,0,2025-09-25,21,1,0
2025-09-05,Jumat,SKU004,Telur Ayam 1kg,Segar,kg,30000,0.0,30000,26000,28,0,840000,112000,79,0,51,0,0,2025-09-25,20,1,0
2025-09-06,Sabtu,SKU004,Telur Ayam 1kg,Segar,kg,30000,0.0,30000,26000,23,0,690000,92000,51,0,28,110,0,2025-09-25,19,0,0
2025-09-07,Minggu,SKU004,Telur Ayam 1kg,Segar,kg,30000,0.0,30000,26000,20,0,600000,80000,138,110,118,0,0,2025-09-28,21,0,0
2025-09-08,Senin,SKU004,Telur Ayam 1kg,Segar,kg,30000,0.0,30000,26000,11,0,330000,44000,118,0,107,0,0,2025-09-28,20,0,0
2025-09-09,Selasa,SKU004,Telur Ayam 1kg,Segar,kg,30000,0.0,30000,26000,18,0,540000,72000,107,0,89,0,0,2025-09-28,19,0,0
2025-09-10,Rabu,SKU004,Telur Ayam 1kg,Segar,kg,30000,0.0,30000,26000,9,0,270000,36000,89,0,80,0,0,2025-09-28,18,0,0
2025-09-11,Kamis,SKU004,Telur Ayam 1kg,Segar,kg,30000,12.27,26300,26000,37,0,973100,11100,80,0,43,110,0,2025-09-28,17,0,0
2025-09-12,Jumat,SKU004,Telur Ayam 1kg,Segar,kg,30000,12.27,26300,26000,33,0,867900,9900,153,110,120,0,0,2025-10-03,21,0,0
2025-09-13,Sabtu,SKU004,Telur Ayam 1kg,Segar,kg,30000,0.0,30000,26000,24,0,720000,96000,120,0,96,0,0,2025-10-03,20,0,0
2025-09-14,Minggu,SKU004,Telur Ayam 1kg,Segar,kg,30000,10.0,27000,26000,44,0,1188000,44000,96,0,52,0,0,2025-10-03,19,0,0
2025-09-15,Senin,SKU004,Telur Ayam 1kg,Segar,kg,30000,12.27,26300,26000,29,0,762700,8700,52,0,23,110,0,2025-10-03,18,0,0
2025-09-16,Selasa,SKU004,Telur Ayam 1kg,Segar,kg,30000,0.0,30000,26000,21,0,630000,84000,23,0,2,0,0,2025-10-03,17,0,0
2025-09-17,Rabu,SKU004,Telur Ayam 1kg,Segar,kg,30000,0.0,30000,26000,22,0,660000,88000,112,110,90,0,0,2025-10-08,21,0,0
2025-09-18,Kamis,SKU004,Telur Ayam 1kg,Segar,kg,30000,0.0,30000,26000,16,0,480000,64000,90,0,74,0,0,2025-10-08,20,0,0
2025-09-19,Jumat,SKU004,Telur Ayam 1kg,Segar,kg,30000,0.0,30000,26000,29,0,870000,116000,74,0,45,110,0,2025-10-08,19,0,0
2025-09-20,Sabtu,SKU004,Telur Ayam 1kg,Segar,kg,30000,12.0,26400,26000,41,0,1082400,16400,155,110,114,0,0,2025-10-11,21,0,0
2025-09-21,Minggu,SKU004,Telur Ayam 1kg,Segar,kg,30000,12.27,26300,26000,37,0,973100,11100,114,0,77,0,0,2025-10-11,20,0,0
2025-09-22,Senin,SKU004,Telur Ayam 1kg,Segar,kg,30000,0.0,30000,26000,11,0,330000,44000,77,0,66,0,0,2025-10-11,19,0,0
2025-09-23,Selasa,SKU004,Telur Ayam 1kg,Segar,kg,30000,5.0,28500,26000,13,0,370500,32500,66,0,53,0,0,2025-10-11,18,0,0
2025-09-24,Rabu,SKU004,Telur Ayam 1kg,Segar,kg,30000,12.0,26400,26000,23,0,607200,9200,53,0,30,242,0,2025-10-11,17,0,0
2025-09-25,Kamis,SKU004,Telur Ayam 1kg,Segar,kg,30000,12.27,26300,26000,28,0,736400,8400,30,0,2,0,0,2025-10-11,16,1,0
2025-09-26,Jumat,SKU004,Telur Ayam 1kg,Segar,kg,30000,0.0,30000,26000,32,0,960000,128000,244,242,212,0,0,2025-10-17,21,1,0
2025-09-27,Sabtu,SKU004,Telur Ayam 1kg,Segar,kg,30000,10.0,27000,26000,44,0,1188000,44000,212,0,168,0,0,2025-10-17,20,1,0
2025-09-28,Minggu,SKU004,Telur Ayam 1kg,Segar,kg,30000,5.0,28500,26000,47,0,1339500,117500,168,0,121,0,0,2025-10-17,19,1,0
2025-09-29,Senin,SKU004,Telur Ayam 1kg,Segar,kg,30000,0.0,30000,26000,25,0,750000,100000,121,0,96,0,0,2025-10-17,18,1,0
2025-09-30,Selasa,SKU004,Telur Ayam 1kg,Segar,kg,30000,12.27,26300,26000,34,0,894200,10200,96,0,62,0,0,2025-10-17,17,1,0
2025-10-01,Rabu,SKU004,Telur Ayam 1kg,Segar,kg,30000,0.0,30000,26000,17,0,510000,68000,62,0,45,110,0,2025-10-17,16,1,0
2025-10-02,Kamis,SKU004,Telur Ayam 1kg,Segar,kg,30000,10.0,27000,26000,28,0,756000,28000,45,0,17,0,0,2025-10-17,15,1,0
2025-10-03,Jumat,SKU004,Telur Ayam 1kg,Segar,kg,30000,0.0,30000,26000,17,16,510000,68000,17,0,0,0,0,2025-10-17,14,1,0
2025-10-04,Sabtu,SKU004,Telur Ayam 1kg,Segar,kg,30000,0.0,30000,26000,30,0,900000,120000,110,110,80,0,0,2025-10-25,21,1,0
2025-10-05,Minggu,SKU004,Telur Ayam 1kg,Segar,kg,30000,0.0,30000,26000,39,0,1170000,156000,80,0,41,110,0,2025-10-25,20,1,0
2025-10-06,Senin,SKU004,Telur Ayam 1kg,Segar,kg,30000,0.0,30000,26000,22,0,660000,88000,151,110,129,0,0,2025-10-27,21,0,0
2025-10-07,Selasa,SKU004,Telur Ayam 1kg,Segar,kg,30000,0.0,30000,26000,23,0,690000,92000,129,0,106,0,0,2025-10-27,20,0,0
2025-10-08,Rabu,SKU004,Telur Ayam 1kg,Segar,kg,30000,0.0,30000,26000,21,0,630000,84000,106,0,85,0,0,2025-10-27,19,0,0
2025-10-09,Kamis,SKU004,Telur Ayam 1kg,Segar,kg,30000,5.0,28500,26000,34,0,969000,85000,85,0,51,0,0,2025-10-27,18,0,0
2025-10-10,Jumat,SKU004,Telur Ayam 1kg,Segar,kg,30000,0.0,30000,26000,20,0,600000,80000,51,0,31,110,0,2025-10-27,17,0,0
2025-10-11,Sabtu,SKU004,Telur Ayam 1kg,Segar,kg,30000,0.0,30000,26000,29,0,870000,116000,31,0,2,0,0,2025-10-27,16,0,0
2025-10-12,Minggu,SKU004,Telur Ayam 1kg,Segar,kg,30000,0.0,30000,26000,28,0,840000,112000,112,110,84,0,0,2025-11-02,21,0,0
2025-10-13,Senin,SKU004,Telur Ayam 1kg,Segar,kg,30000,0.0,30000,26000,15,0,450000,60000,84,0,69,0,0,2025-11-02,20,0,0
2025-10-14,Selasa,SKU004,Telur Ayam 1kg,Segar,kg,30000,10.0,27000,26000,12,0,324000,12000,69,0,57,0,0,2025-11-02,19,0,0
2025-10-15,Rabu,SKU004,Telur Ayam 1kg,Segar,kg,30000,0.0,30000,26000,19,0,570000,76000,57,0,38,110,0,2025-11-02,18,0,0
2025-10-16,Kamis,SKU004,Telur Ayam 1kg,Segar,kg,30000,12.27,26300,26000,27,0,710100,8100,38,0,11,0,0,2025-11-02,17,0,0
2025-10-17,Jumat,SKU004,Telur Ayam 1kg,Segar,kg,30000,0.0,30000,26000,20,0,600000,80000,121,110,101,0,0,2025-11-07,21,0,0
2025-10-18,Sabtu,SKU004,Telur Ayam 1kg,Segar,kg,30000,0.0,30000,26000,24,0,720000,96000,101,0,77,0,0,2025-11-07,20,0,0
2025-10-19,Minggu,SKU004,Telur Ayam 1kg,Segar,kg,30000,12.27,26300,26000,33,0,867900,9900,77,0,44,110,0,2025-11-07,19,0,0
2025-10-20,Senin,SKU004,Telur Ayam 1kg,Segar,kg,30000,0.0,30000,26000,20,0,600000,80000,154,110,134,0,0,2025-11-10,21,0,0
2025-10-21,Selasa,SKU004,Telur Ayam 1kg,Segar,kg,30000,0.0,30000,26000,38,0,1140000,152000,134,0,96,0,0,2025-11-10,20,0,0
2025-10-22,Rabu,SKU004,Telur Ayam 1kg,Segar,kg,30000,0.0,30000,26000,15,0,450000,60000,96,0,81,0,0,2025-11-10,19,0,0
2025-10-23,Kamis,SKU004,Telur Ayam 1kg,Segar,kg,30000,0.0,30000,26000,12,0,360000,48000,81,0,69,0,0,2025-11-10,18,0,0
2025-10-24,Jumat,SKU004,Telur Ayam 1kg,Segar,kg,30000,0.0,30000,26000,20,0,600000,80000,69,0,49,110,0,2025-11-10,17,0,0
2025-10-25,Sabtu,SKU004,Telur Ayam 1kg,Segar,kg,30000,0.0,30000,26000,35,0,1050000,140000,49,0,14,0,0,2025-11-10,16,1,0
2025-10-26,Minggu,SKU004,Telur Ayam 1kg,Segar,kg,30000,0.0,30000,26000,14,19,420000,56000,14,0,0,0,0,2025-11-10,15,1,0
2025-10-27,Senin,SKU004,Telur Ayam 1kg,Segar,kg,30000,10.0,27000,26000,31,0,837000,31000,110,110,79,0,0,2025-11-17,21,1,0
2025-10-28,Selasa,SKU004,Telur Ayam 1kg,Segar,kg,30000,0.0,30000,26000,22,0,660000,88000,79,0,57,0,0,2025-11-17,20,1,0
2025-10-29,Rabu,SKU004,Telur Ayam 1kg,Segar,kg,30000,0.0,30000,26000,31,0,930000,124000,57,0,26,110,0,2025-11-17,19,1,0
2025-10-30,Kamis,SKU004,Telur Ayam 1kg,Segar,kg,30000,0.0,30000,26000,26,1,780000,104000,26,0,0,0,0,2025-11-17,18,1,0
2025-10-31,Jumat,SKU004,Telur Ayam 1kg,Segar,kg,30000,0.0,30000,26000,26,0,780000,104000,110,110,84,0,0,2025-11-21,21,1,0
2025-11-01,Sabtu,SKU004,Telur Ayam 1kg,Segar,kg,30000,0.0,30000,26000,41,0,1230000,164000,84,0,43,110,0,2025-11-21,20,1,0
2025-11-02,Minggu,SKU004,Telur Ayam 1kg,Segar,kg,30000,0.0,30000,26000,25,0,750000,100000,43,0,18,0,0,2025-11-21,19,1,0
2025-11-03,Senin,SKU004,Telur Ayam 1kg,Segar,kg,30000,0.0,30000,26000,23,0,690000,92000,128,110,105,0,0,2025-11-24,21,1,0
2025-11-04,Selasa,SKU004,Telur Ayam 1kg,Segar,kg,30000,0.0,30000,26000,23,0,690000,92000,105,0,82,0,0,2025-11-24,20,1,0
2025-11-05,Rabu,SKU004,Telur Ayam 1kg,Segar,kg,30000,0.0,30000,26000,23,0,690000,92000,82,0,59,0,0,2025-11-24,19,1,0
2025-11-06,Kamis,SKU004,Telur Ayam 1kg,Segar,kg,30000,0.0,30000,26000,21,0,630000,84000,59,0,38,110,0,2025-11-24,18,0,0
2025-11-07,Jumat,SKU004,Telur Ayam 1kg,Segar,kg,30000,5.0,28500,26000,27,0,769500,67500,38,0,11,0,0,2025-11-24,17,0,0
2025-11-08,Sabtu,SKU004,Telur Ayam 1kg,Segar,kg,30000,0.0,30000,26000,11,15,330000,44000,11,0,0,0,0,2025-11-24,16,0,0
2025-11-09,Minggu,SKU004,Telur Ayam 1kg,Segar,kg,30000,0.0,30000,26000,28,0,840000,112000,110,110,82,0,0,2025-11-30,21,0,0
2025-11-10,Senin,SKU004,Telur Ayam 1kg,Segar,kg,30000,0.0,30000,26000,13,0,390000,52000,82,0,69,0,0,2025-11-30,20,0,0
2025-11-11,Selasa,SKU004,Telur Ayam 1kg,Segar,kg,30000,12.0,26400,26000,27,0,712800,10800,69,0,42,110,0,2025-11-30,19,0,0
2025-11-12,Rabu,SKU004,Telur Ayam 1kg,Segar,kg,30000,5.0,28500,26000,23,0,655500,57500,42,0,19,0,0,2025-11-30,18,0,0
2025-11-13,Kamis,SKU004,Telur Ayam 1kg,Segar,kg,30000,5.0,28500,26000,19,4,541500,47500,19,0,0,0,0,2025-11-30,17,0,0
2025-11-14,Jumat,SKU004,Telur Ayam 1kg,Segar,kg,30000,12.0,26400,26000,38,0,1003200,15200,110,110,72,0,0,2025-12-05,21,0,0
2025-11-15,Sabtu,SKU004,Telur Ayam 1kg,Segar,kg,30000,0.0,30000,26000,23,0,690000,92000,72,0,49,242,0,2025-12-05,20,0,0
2025-11-16,Minggu,SKU004,Telur Ayam 1kg,Segar,kg,30000,0.0,30000,26000,23,0,690000,92000,49,0,26,0,0,2025-12-05,19,0,0
2025-11-17,Senin,SKU004,Telur Ayam 1kg,Segar,kg,30000,0.0,30000,26000,16,0,480000,64000,268,242,252,0,0,2025-12-08,21,0,0
2025-11-18,Selasa,SKU004,Telur Ayam 1kg,Segar,kg,30000,0.0,30000,26000,14,0,420000,56000,252,0,238,0,0,2025-12-08,20,0,0
2025-11-19,Rabu,SKU004,Telur Ayam 1kg,Segar,kg,30000,0.0,30000,26000,31,0,930000,124000,238,0,207,0,0,2025-12-08,19,0,0
2025-11-20,Kamis,SKU004,Telur Ayam 1kg,Segar,kg,30000,12.27,26300,26000,22,0,578600,6600,207,0,185,0,0,2025-12-08,18,0,0
2025-11-21,Jumat,SKU004,Telur Ayam 1kg,Segar,kg,30000,0.0,30000,26000,17,0,510000,68000,185,0,168,0,0,2025-12-08,17,0,0
2025-11-22,Sabtu,SKU004,Telur Ayam 1kg,Segar,kg,30000,12.27,26300,26000,31,0,815300,9300,168,0,137,0,0,2025-12-08,16,0,0
2025-11-23,Minggu,SKU004,Telur Ayam 1kg,Segar,kg,30000,0.0,30000,26000,20,0,600000,80000,137,0,117,0,0,2025-12-08,15,0,0
2025-11-24,Senin,SKU004,Telur Ayam 1kg,Segar,kg,30000,0.0,30000,26000,24,0,720000,96000,117,0,93,0,0,2025-12-08,14,0,0
2025-11-25,Selasa,SKU004,Telur Ayam 1kg,Segar,kg,30000,0.0,30000,26000,29,0,870000,116000,93,0,64,0,0,2025-12-08,13,1,0
2025-11-26,Rabu,SKU004,Telur Ayam 1kg,Segar,kg,30000,12.27,26300,26000,43,0,1130900,12900,64,0,21,110,0,2025-12-08,12,1,0
2025-11-27,Kamis,SKU004,Telur Ayam 1kg,Segar,kg,30000,0.0,30000,26000,21,6,630000,84000,21,0,0,0,0,2025-12-08,11,1,0
2025-11-28,Jumat,SKU004,Telur Ayam 1kg,Segar,kg,30000,0.0,30000,26000,34,0,1020000,136000,110,110,76,0,0,2025-12-19,21,1,0
2025-11-29,Sabtu,SKU004,Telur Ayam 1kg,Segar,kg,30000,0.0,30000,26000,24,0,720000,96000,76,0,52,0,0,2025-12-19,20,1,0
2025-11-30,Minggu,SKU004,Telur Ayam 1kg,Segar,kg,30000,0.0,30000,26000,29,0,870000,116000,52,0,23,110,0,2025-12-19,19,1,0
2025-12-01,Senin,SKU004,Telur Ayam 1kg,Segar,kg,30000,0.0,30000,26000,23,0,690000,92000,23,0,0,0,0,2025-12-19,18,1,0
2025-12-02,Selasa,SKU004,Telur Ayam 1kg,Segar,kg,30000,0.0,30000,26000,33,0,990000,132000,110,110,77,0,0,2025-12-23,21,1,0
2025-12-03,Rabu,SKU004,Telur Ayam 1kg,Segar,kg,30000,0.0,30000,26000,21,0,630000,84000,77,0,56,0,0,2025-12-23,20,1,0
2025-12-04,Kamis,SKU004,Telur Ayam 1kg,Segar,kg,30000,0.0,30000,26000,28,0,840000,112000,56,0,28,110,0,2025-12-23,19,1,0
2025-12-05,Jumat,SKU004,Telur Ayam 1kg,Segar,kg,30000,0.0,30000,26000,28,5,840000,112000,28,0,0,0,0,2025-12-23,18,1,0
2025-12-06,Sabtu,SKU004,Telur Ayam 1kg,Segar,kg,30000,12.27,26300,26000,0,52,0,0,0,0,0,0,0,2025-12-23,17,0,0
2025-12-07,Minggu,SKU004,Telur Ayam 1kg,Segar,kg,30000,0.0,30000,26000,47,0,1410000,188000,110,110,63,0,0,2025-12-28,21,0,0
2025-12-08,Senin,SKU004,Telur Ayam 1kg,Segar,kg,30000,12.27,26300,26000,33,0,867900,9900,63,0,30,110,0,2025-12-28,20,0,0
2025-12-09,Selasa,SKU004,Telur Ayam 1kg,Segar,kg,30000,0.0,30000,26000,23,0,690000,92000,30,0,7,0,0,2025-12-28,19,0,0
2025-12-10,Rabu,SKU004,Telur Ayam 1kg,Segar,kg,30000,0.0,30000,26000,7,3,210000,28000,7,0,0,0,0,2025-12-28,18,0,0
2025-12-11,Kamis,SKU004,Telur Ayam 1kg,Segar,kg,30000,12.27,26300,26000,35,0,920500,10500,110,110,75,0,0,2026-01-01,21,0,0
2025-12-12,Jumat,SKU004,Telur Ayam 1kg,Segar,kg,30000,0.0,30000,26000,37,0,1110000,148000,75,0,38,110,0,2026-01-01,20,0,0
2025-12-13,Sabtu,SKU004,Telur Ayam 1kg,Segar,kg,30000,0.0,30000,26000,26,0,780000,104000,148,110,122,0,0,2026-01-03,21,0,0
2025-12-14,Minggu,SKU004,Telur Ayam 1kg,Segar,kg,30000,0.0,30000,26000,25,0,750000,100000,122,0,97,0,0,2026-01-03,20,0,0
2025-12-15,Senin,SKU004,Telur Ayam 1kg,Segar,kg,30000,10.0,27000,26000,22,0,594000,22000,97,0,75,0,0,2026-01-03,19,0,0
2025-12-16,Selasa,SKU004,Telur Ayam 1kg,Segar,kg,30000,5.0,28500,26000,17,0,484500,42500,75,0,58,0,0,2026-01-03,18,0,0
2025-12-17,Rabu,SKU004,Telur Ayam 1kg,Segar,kg,30000,8.0,27600,26000,26,0,717600,41600,58,0,32,110,0,2026-01-03,17,0,0
2025-12-18,Kamis,SKU004,Telur Ayam 1kg,Segar,kg,30000,12.27,26300,26000,26,0,683800,7800,32,0,6,0,0,2026-01-03,16,0,0
2025-12-19,Jumat,SKU004,Telur Ayam 1kg,Segar,kg,30000,0.0,30000,26000,28,0,840000,112000,116,110,88,0,0,2026-01-09,21,0,0
2025-12-20,Sabtu,SKU004,Telur Ayam 1kg,Segar,kg,30000,10.0,27000,26000,32,0,864000,32000,88,0,56,0,0,2026-01-09,20,0,0
2025-12-21,Minggu,SKU004,Telur Ayam 1kg,Segar,kg,30000,0.0,30000,26000,22,0,660000,88000,56,0,34,110,0,2026-01-09,19,0,0
2025-12-22,Senin,SKU004,Telur Ayam 1kg,Segar,kg,30000,0.0,30000,26000,19,0,570000,76000,144,110,125,0,0,2026-01-12,21,0,0
2025-12-23,Selasa,SKU004,Telur Ayam 1kg,Segar,kg,30000,12.0,26400,26000,21,0,554400,8400,125,0,104,0,0,2026-01-12,20,0,0
2025-12-24,Rabu,SKU004,Telur Ayam 1kg,Segar,kg,30000,0.0,30000,26000,22,0,660000,88000,104,0,82,0,0,2026-01-12,19,0,0
2025-12-25,Kamis,SKU004,Telur Ayam 1kg,Segar,kg,30000,0.0,30000,26000,23,0,690000,92000,82,0,59,0,0,2026-01-12,18,1,0
2025-12-26,Jumat,SKU004,Telur Ayam 1kg,Segar,kg,30000,0.0,30000,26000,34,0,1020000,136000,59,0,25,110,0,2026-01-12,17,1,0
2025-12-27,Sabtu,SKU004,Telur Ayam 1kg,Segar,kg,30000,0.0,30000,26000,25,10,750000,100000,25,0,0,0,0,2026-01-12,16,1,0
2025-12-28,Minggu,SKU004,Telur Ayam 1kg,Segar,kg,30000,0.0,30000,26000,0,30,0,0,0,0,0,0,0,2026-01-12,15,1,0
2025-12-29,Senin,SKU004,Telur Ayam 1kg,Segar,kg,30000,0.0,30000,26000,26,0,780000,104000,110,110,84,0,0,2026-01-19,21,1,0
2025-12-30,Selasa,SKU004,Telur Ayam 1kg,Segar,kg,30000,0.0,30000,26000,27,0,810000,108000,84,0,57,0,0,2026-01-19,20,1,0
2025-12-31,Rabu,SKU004,Telur Ayam 1kg,Segar,kg,30000,12.27,26300,26000,34,0,894200,10200,57,0,23,110,0,2026-01-19,19,1,0
2026-01-01,Kamis,SKU004,Telur Ayam 1kg,Segar,kg,30000,0.0,30000,26000,23,13,690000,92000,23,0,0,0,0,2026-01-19,18,1,0
2026-01-02,Jumat,SKU004,Telur Ayam 1kg,Segar,kg,30000,0.0,30000,26000,28,0,840000,112000,110,110,82,0,0,2026-01-23,21,1,0
2026-01-03,Sabtu,SKU004,Telur Ayam 1kg,Segar,kg,30000,8.0,27600,26000,36,0,993600,57600,82,0,46,110,0,2026-01-23,20,1,0
2026-01-04,Minggu,SKU004,Telur Ayam 1kg,Segar,kg,30000,12.27,26300,26000,46,0,1209800,13800,46,0,0,0,0,2026-01-23,19,1,0
2026-01-05,Senin,SKU004,Telur Ayam 1kg,Segar,kg,30000,0.0,30000,26000,26,0,780000,104000,110,110,84,0,0,2026-01-26,21,1,0
2026-01-06,Selasa,SKU004,Telur Ayam 1kg,Segar,kg,30000,12.27,26300,26000,32,0,841600,9600,84,0,52,0,0,2026-01-26,20,0,0
2026-01-07,Rabu,SKU004,Telur Ayam 1kg,Segar,kg,30000,12.0,26400,26000,29,0,765600,11600,52,0,23,110,0,2026-01-26,19,0,0
2026-01-08,Kamis,SKU004,Telur Ayam 1kg,Segar,kg,30000,12.27,26300,26000,28,0,736400,8400,133,110,105,0,0,2026-01-29,21,0,0
2026-01-09,Jumat,SKU004,Telur Ayam 1kg,Segar,kg,30000,0.0,30000,26000,34,0,1020000,136000,105,0,71,0,0,2026-01-29,20,0,0
2026-01-10,Sabtu,SKU004,Telur Ayam 1kg,Segar,kg,30000,0.0,30000,26000,25,0,750000,100000,71,0,46,110,0,2026-01-29,19,0,0
2026-01-11,Minggu,SKU004,Telur Ayam 1kg,Segar,kg,30000,0.0,30000,26000,18,0,540000,72000,46,0,28,0,0,2026-01-29,18,0,0
2026-01-12,Senin,SKU004,Telur Ayam 1kg,Segar,kg,30000,0.0,30000,26000,18,0,540000,72000,138,110,120,0,0,2026-02-02,21,0,0
2026-01-13,Selasa,SKU004,Telur Ayam 1kg,Segar,kg,30000,12.27,26300,26000,26,0,683800,7800,120,0,94,0,0,2026-02-02,20,0,0
2026-01-14,Rabu,SKU004,Telur Ayam 1kg,Segar,kg,30000,0.0,30000,26000,15,0,450000,60000,94,0,79,0,0,2026-02-02,19,0,0
2026-01-15,Kamis,SKU004,Telur Ayam 1kg,Segar,kg,30000,0.0,30000,26000,21,0,630000,84000,79,0,58,0,0,2026-02-02,18,0,0
2026-01-16,Jumat,SKU004,Telur Ayam 1kg,Segar,kg,30000,0.0,30000,26000,21,0,630000,84000,58,0,37,110,0,2026-02-02,17,0,0
2026-01-17,Sabtu,SKU004,Telur Ayam 1kg,Segar,kg,30000,12.27,26300,26000,32,0,841600,9600,37,0,5,0,0,2026-02-02,16,0,0
2026-01-18,Minggu,SKU004,Telur Ayam 1kg,Segar,kg,30000,0.0,30000,26000,32,0,960000,128000,115,110,83,0,0,2026-02-08,21,0,0
2026-01-19,Senin,SKU004,Telur Ayam 1kg,Segar,kg,30000,0.0,30000,26000,22,0,660000,88000,83,0,61,0,0,2026-02-08,20,0,0
2026-01-20,Selasa,SKU004,Telur Ayam 1kg,Segar,kg,30000,0.0,30000,26000,15,0,450000,60000,61,0,46,110,0,2026-02-08,19,0,0
2026-01-21,Rabu,SKU004,Telur Ayam 1kg,Segar,kg,30000,0.0,30000,26000,21,0,630000,84000,46,0,25,0,0,2026-02-08,18,0,0
2026-01-22,Kamis,SKU004,Telur Ayam 1kg,Segar,kg,30000,0.0,30000,26000,14,0,420000,56000,25,0,11,0,0,2026-02-08,17,0,0
2026-01-23,Jumat,SKU004,Telur Ayam 1kg,Segar,kg,30000,12.27,26300,26000,41,0,1078300,12300,121,110,80,0,0,2026-02-13,21,0,0
2026-01-24,Sabtu,SKU004,Telur Ayam 1kg,Segar,kg,30000,0.0,30000,26000,27,0,810000,108000,80,0,53,0,0,2026-02-13,20,0,0
2026-01-25,Minggu,SKU004,Telur Ayam 1kg,Segar,kg,30000,12.27,26300,26000,53,19,1393900,15900,53,0,0,110,0,2026-02-13,19,1,0
2026-01-26,Senin,SKU004,Telur Ayam 1kg,Segar,kg,30000,0.0,30000,26000,0,24,0,0,0,0,0,0,0,2026-02-13,18,1,0
2026-01-27,Selasa,SKU004,Telur Ayam 1kg,Segar,kg,30000,0.0,30000,26000,35,0,1050000,140000,110,110,75,0,0,2026-02-17,21,1,0
2026-01-28,Rabu,SKU004,Telur Ayam 1kg,Segar,kg,30000,0.0,30000,26000,32,0,960000,128000,75,0,43,110,0,2026-02-17,20,1,0
2026-01-29,Kamis,SKU004,Telur Ayam 1kg,Segar,kg,30000,0.0,30000,26000,27,0,810000,108000,43,0,16,0,0,2026-02-17,19,1,0
2026-01-30,Jumat,SKU004,Telur Ayam 1kg,Segar,kg,30000,0.0,30000,26000,40,0,1200000,160000,126,110,86,0,0,2026-02-20,21,1,0
2026-01-31,Sabtu,SKU004,Telur Ayam 1kg,Segar,kg,30000,0.0,30000,26000,32,0,960000,128000,86,0,54,0,0,2026-02-20,20,1,0
2026-02-01,Minggu,SKU004,Telur Ayam 1kg,Segar,kg,30000,0.0,30000,26000,29,0,870000,116000,54,0,25,110,0,2026-02-20,19,1,0
2026-02-02,Senin,SKU004,Telur Ayam 1kg,Segar,kg,30000,0.0,30000,26000,25,7,750000,100000,25,0,0,0,0,2026-02-20,18,1,0
2026-02-03,Selasa,SKU004,Telur Ayam 1kg,Segar,kg,30000,12.27,26300,26000,36,0,946800,10800,110,110,74,0,0,2026-02-24,21,1,0
2026-02-04,Rabu,SKU004,Telur Ayam 1kg,Segar,kg,30000,0.0,30000,26000,27,0,810000,108000,74,0,47,110,0,2026-02-24,20,1,0
2026-02-05,Kamis,SKU004,Telur Ayam 1kg,Segar,kg,30000,12.27,26300,26000,33,0,867900,9900,157,110,124,0,0,2026-02-26,21,1,0
2026-02-06,Jumat,SKU004,Telur Ayam 1kg,Segar,kg,30000,0.0,30000,26000,27,0,810000,108000,124,0,97,0,0,2026-02-26,20,0,0
2026-02-07,Sabtu,SKU004,Telur Ayam 1kg,Segar,kg,30000,0.0,30000,26000,34,0,1020000,136000,97,0,63,0,0,2026-02-26,19,0,0
2026-02-08,Minggu,SKU004,Telur Ayam 1kg,Segar,kg,30000,12.27,26300,26000,25,0,657500,7500,63,0,38,110,0,2026-02-26,18,0,0
2026-02-09,Senin,SKU004,Telur Ayam 1kg,Segar,kg,30000,0.0,30000,26000,26,0,780000,104000,38,0,12,0,0,2026-02-26,17,0,0
2026-02-10,Selasa,SKU004,Telur Ayam 1kg,Segar,kg,30000,0.0,30000,26000,22,0,660000,88000,122,110,100,0,0,2026-03-03,21,0,0
2026-02-11,Rabu,SKU004,Telur Ayam 1kg,Segar,kg,30000,10.0,27000,26000,26,0,702000,26000,100,0,74,0,0,2026-03-03,20,0,0
2026-02-12,Kamis,SKU004,Telur Ayam 1kg,Segar,kg,30000,0.0,30000,26000,19,0,570000,76000,74,0,55,0,0,2026-03-03,19,0,0
2026-02-13,Jumat,SKU004,Telur Ayam 1kg,Segar,kg,30000,5.0,28500,26000,37,0,1054500,92500,55,0,18,110,0,2026-03-03,18,0,0
2026-02-14,Sabtu,SKU004,Telur Ayam 1kg,Segar,kg,30000,0.0,30000,26000,18,6,540000,72000,18,0,0,0,0,2026-03-03,17,0,0
2026-02-15,Minggu,SKU004,Telur Ayam 1kg,Segar,kg,30000,0.0,30000,26000,0,25,0,0,0,0,0,0,0,2026-03-03,16,0,0
2026-02-16,Senin,SKU004,Telur Ayam 1kg,Segar,kg,30000,0.0,30000,26000,20,0,600000,80000,110,110,90,0,0,2026-03-09,21,0,0
2026-02-17,Selasa,SKU004,Telur Ayam 1kg,Segar,kg,30000,12.27,26300,26000,38,0,999400,11400,90,0,52,0,0,2026-03-09,20,0,1
2026-02-18,Rabu,SKU004,Telur Ayam 1kg,Segar,kg,30000,0.0,30000,26000,20,0,600000,80000,52,0,32,110,0,2026-03-09,19,0,1
2026-02-19,Kamis,SKU004,Telur Ayam 1kg,Segar,kg,30000,0.0,30000,26000,34,0,1020000,136000,142,110,108,0,0,2026-03-12,21,0,1
2026-02-20,Jumat,SKU004,Telur Ayam 1kg,Segar,kg,30000,8.0,27600,26000,40,0,1104000,64000,108,0,68,0,0,2026-03-12,20,0,1
2026-02-21,Sabtu,SKU004,Telur Ayam 1kg,Segar,kg,30000,0.0,30000,26000,37,0,1110000,148000,68,0,31,110,0,2026-03-12,19,0,1
2026-02-22,Minggu,SKU004,Telur Ayam 1kg,Segar,kg,30000,12.27,26300,26000,42,0,1104600,12600,141,110,99,0,0,2026-03-15,21,0,1
2026-02-23,Senin,SKU004,Telur Ayam 1kg,Segar,kg,30000,0.0,30000,26000,12,0,360000,48000,99,0,87,0,0,2026-03-15,20,0,1
2026-02-24,Selasa,SKU004,Telur Ayam 1kg,Segar,kg,30000,0.0,30000,26000,15,0,450000,60000,87,0,72,0,0,2026-03-15,19,0,1
2026-02-25,Rabu,SKU004,Telur Ayam 1kg,Segar,kg,30000,12.27,26300,26000,56,0,1472800,16800,72,0,16,110,0,2026-03-15,18,1,1
2026-02-26,Kamis,SKU004,Telur Ayam 1kg,Segar,kg,30000,0.0,30000,26000,16,20,480000,64000,16,0,0,0,0,2026-03-15,17,1,1
2026-02-27,Jumat,SKU004,Telur Ayam 1kg,Segar,kg,30000,0.0,30000,26000,40,0,1200000,160000,110,110,70,0,0,2026-03-20,21,1,1
2026-02-28,Sabtu,SKU004,Telur Ayam 1kg,Segar,kg,30000,12.27,26300,26000,66,0,1735800,19800,70,0,4,110,0,2026-03-20,20,1,1
2026-03-01,Minggu,SKU004,Telur Ayam 1kg,Segar,kg,30000,0.0,30000,26000,4,58,120000,16000,4,0,0,0,0,2026-03-20,19,1,1
2026-03-02,Senin,SKU004,Telur Ayam 1kg,Segar,kg,30000,12.27,26300,26000,39,0,1025700,11700,110,110,71,0,0,2026-03-23,21,1,1
2026-03-03,Selasa,SKU004,Telur Ayam 1kg,Segar,kg,30000,0.0,30000,26000,21,0,630000,84000,71,0,50,110,0,2026-03-23,20,1,1
2026-03-04,Rabu,SKU004,Telur Ayam 1kg,Segar,kg,30000,0.0,30000,26000,22,0,660000,88000,50,0,28,0,0,2026-03-23,19,1,1
2026-03-05,Kamis,SKU004,Telur Ayam 1kg,Segar,kg,30000,0.0,30000,26000,28,14,840000,112000,28,0,0,0,0,2026-03-23,18,1,1
2026-03-06,Jumat,SKU004,Telur Ayam 1kg,Segar,kg,30000,0.0,30000,26000,42,0,1260000,168000,110,110,68,0,0,2026-03-27,21,0,1
2026-03-07,Sabtu,SKU004,Telur Ayam 1kg,Segar,kg,30000,12.27,26300,26000,60,0,1578000,18000,68,0,8,110,0,2026-03-27,20,0,1
2026-03-08,Minggu,SKU004,Telur Ayam 1kg,Segar,kg,30000,0.0,30000,26000,8,36,240000,32000,8,0,0,0,0,2026-03-27,19,0,1
2026-03-09,Senin,SKU004,Telur Ayam 1kg,Segar,kg,30000,0.0,30000,26000,23,0,690000,92000,110,110,87,0,0,2026-03-30,21,0,1
2026-03-10,Selasa,SKU004,Telur Ayam 1kg,Segar,kg,30000,0.0,30000,26000,41,0,1230000,164000,87,0,46,110,0,2026-03-30,20,0,1
2026-03-11,Rabu,SKU004,Telur Ayam 1kg,Segar,kg,30000,12.27,26300,26000,35,0,920500,10500,46,0,11,0,0,2026-03-30,19,0,1
2026-03-12,Kamis,SKU004,Telur Ayam 1kg,Segar,kg,30000,0.0,30000,26000,32,0,960000,128000,121,110,89,0,0,2026-04-02,21,0,1
2026-03-13,Jumat,SKU004,Telur Ayam 1kg,Segar,kg,30000,0.0,30000,26000,32,0,960000,128000,89,0,57,0,0,2026-04-02,20,0,1
2026-03-14,Sabtu,SKU004,Telur Ayam 1kg,Segar,kg,30000,12.27,26300,26000,57,1,1499100,17100,57,0,0,110,0,2026-04-02,19,0,1
2026-03-15,Minggu,SKU004,Telur Ayam 1kg,Segar,kg,30000,0.0,30000,26000,37,0,1110000,148000,110,110,73,0,0,2026-04-05,21,0,1
2026-03-16,Senin,SKU004,Telur Ayam 1kg,Segar,kg,30000,12.27,26300,26000,23,0,604900,6900,73,0,50,110,0,2026-04-05,20,0,1
2026-03-17,Selasa,SKU004,Telur Ayam 1kg,Segar,kg,30000,0.0,30000,26000,31,0,930000,124000,50,0,19,0,0,2026-04-05,19,0,1
2026-03-18,Rabu,SKU004,Telur Ayam 1kg,Segar,kg,30000,0.0,30000,26000,19,14,570000,76000,19,0,0,0,0,2026-04-05,18,0,1
2026-03-19,Kamis,SKU004,Telur Ayam 1kg,Segar,kg,30000,0.0,30000,26000,37,0,1110000,148000,110,110,73,0,0,2026-04-09,21,0,1
2026-03-20,Jumat,SKU004,Telur Ayam 1kg,Segar,kg,30000,0.0,30000,26000,19,0,570000,76000,73,0,54,0,0,2026-04-09,20,0,0
2026-03-21,Sabtu,SKU004,Telur Ayam 1kg,Segar,kg,30000,0.0,30000,26000,22,0,660000,88000,54,0,32,110,0,2026-04-09,19,0,0
2026-03-22,Minggu,SKU004,Telur Ayam 1kg,Segar,kg,30000,8.0,27600,26000,25,0,690000,40000,142,110,117,0,0,2026-04-12,21,0,0
2026-03-23,Senin,SKU004,Telur Ayam 1kg,Segar,kg,30000,10.0,27000,26000,6,0,162000,6000,117,0,111,0,0,2026-04-12,20,0,0
2026-03-24,Selasa,SKU004,Telur Ayam 1kg,Segar,kg,30000,10.0,27000,26000,18,0,486000,18000,111,0,93,0,0,2026-04-12,19,0,0
2026-03-25,Rabu,SKU004,Telur Ayam 1kg,Segar,kg,30000,12.0,26400,26000,34,0,897600,13600,93,0,59,0,0,2026-04-12,18,1,0
2026-03-26,Kamis,SKU004,Telur Ayam 1kg,Segar,kg,30000,0.0,30000,26000,16,0,480000,64000,59,0,43,110,0,2026-04-12,17,1,0
2026-03-27,Jumat,SKU004,Telur Ayam 1kg,Segar,kg,30000,5.0,28500,26000,46,0,1311000,115000,153,110,107,0,0,2026-04-17,21,1,0
2026-03-28,Sabtu,SKU004,Telur Ayam 1kg,Segar,kg,30000,12.27,26300,26000,67,0,1762100,20100,107,0,40,110,0,2026-04-17,20,1,0
2026-03-29,Minggu,SKU004,Telur Ayam 1kg,Segar,kg,30000,0.0,30000,26000,44,0,1320000,176000,150,110,106,0,0,2026-04-19,21,1,0
2026-03-30,Senin,SKU004,Telur Ayam 1kg,Segar,kg,30000,5.0,28500,26000,35,0,997500,87500,106,0,71,0,0,2026-04-19,20,1,0
2026-03-31,Selasa,SKU004,Telur Ayam 1kg,Segar,kg,30000,0.0,30000,26000,36,0,1080000,144000,71,0,35,110,0,2026-04-19,19,1,0
2026-04-01,Rabu,SKU004,Telur Ayam 1kg,Segar,kg,30000,12.27,26300,26000,15,0,394500,4500,35,0,20,0,0,2026-04-19,18,1,0
2026-04-02,Kamis,SKU004,Telur Ayam 1kg,Segar,kg,30000,0.0,30000,26000,21,0,630000,84000,130,110,109,0,0,2026-04-23,21,1,0
2026-04-03,Jumat,SKU004,Telur Ayam 1kg,Segar,kg,30000,0.0,30000,26000,33,0,990000,132000,109,0,76,0,0,2026-04-23,20,1,0
2026-04-04,Sabtu,SKU004,Telur Ayam 1kg,Segar,kg,30000,0.0,30000,26000,37,0,1110000,148000,76,0,39,110,0,2026-04-23,19,1,0
2026-04-05,Minggu,SKU004,Telur Ayam 1kg,Segar,kg,30000,0.0,30000,26000,32,0,960000,128000,39,0,7,0,0,2026-04-23,18,1,0
2026-04-06,Senin,SKU004,Telur Ayam 1kg,Segar,kg,30000,0.0,30000,26000,7,5,210000,28000,7,0,0,0,0,2026-04-23,17,0,0
2026-04-07,Selasa,SKU004,Telur Ayam 1kg,Segar,kg,30000,0.0,30000,26000,25,0,750000,100000,110,110,85,0,0,2026-04-28,21,0,0
2026-04-08,Rabu,SKU004,Telur Ayam 1kg,Segar,kg,30000,0.0,30000,26000,27,0,810000,108000,85,0,58,0,0,2026-04-28,20,0,0
2026-04-09,Kamis,SKU004,Telur Ayam 1kg,Segar,kg,30000,0.0,30000,26000,35,0,1050000,140000,58,0,23,110,0,2026-04-28,19,0,0
2026-04-10,Jumat,SKU004,Telur Ayam 1kg,Segar,kg,30000,5.0,28500,26000,23,12,655500,57500,23,0,0,0,0,2026-04-28,18,0,0
2026-04-11,Sabtu,SKU004,Telur Ayam 1kg,Segar,kg,30000,0.0,30000,26000,29,0,870000,116000,110,110,81,0,0,2026-05-02,21,0,0
2026-04-12,Minggu,SKU004,Telur Ayam 1kg,Segar,kg,30000,12.27,26300,26000,29,0,762700,8700,81,0,52,0,0,2026-05-02,20,0,0
2026-04-13,Senin,SKU004,Telur Ayam 1kg,Segar,kg,30000,12.27,26300,26000,23,0,604900,6900,52,0,29,110,0,2026-05-02,19,0,0
2026-04-14,Selasa,SKU004,Telur Ayam 1kg,Segar,kg,30000,10.0,27000,26000,20,0,540000,20000,139,110,119,0,0,2026-05-05,21,0,0
2026-04-15,Rabu,SKU004,Telur Ayam 1kg,Segar,kg,30000,0.0,30000,26000,16,0,480000,64000,119,0,103,0,0,2026-05-05,20,0,0
2026-04-16,Kamis,SKU004,Telur Ayam 1kg,Segar,kg,30000,8.0,27600,26000,32,0,883200,51200,103,0,71,0,0,2026-05-05,19,0,0
2026-04-17,Jumat,SKU004,Telur Ayam 1kg,Segar,kg,30000,0.0,30000,26000,32,0,960000,128000,71,0,39,110,0,2026-05-05,18,0,0
2026-04-18,Sabtu,SKU004,Telur Ayam 1kg,Segar,kg,30000,0.0,30000,26000,34,0,1020000,136000,39,0,5,0,0,2026-05-05,17,0,0
2026-04-19,Minggu,SKU004,Telur Ayam 1kg,Segar,kg,30000,0.0,30000,26000,5,29,150000,20000,5,0,0,0,0,2026-05-05,16,0,0
2026-04-20,Senin,SKU004,Telur Ayam 1kg,Segar,kg,30000,0.0,30000,26000,18,0,540000,72000,110,110,92,0,0,2026-05-11,21,0,0
2026-04-21,Selasa,SKU004,Telur Ayam 1kg,Segar,kg,30000,12.27,26300,26000,21,0,552300,6300,92,0,71,0,0,2026-05-11,20,0,0
2026-04-22,Rabu,SKU004,Telur Ayam 1kg,Segar,kg,30000,0.0,30000,26000,19,0,570000,76000,71,0,52,0,0,2026-05-11,19,0,0
2026-04-23,Kamis,SKU004,Telur Ayam 1kg,Segar,kg,30000,12.27,26300,26000,22,0,578600,6600,52,0,30,110,0,2026-05-11,18,0,0
2026-04-24,Jumat,SKU004,Telur Ayam 1kg,Segar,kg,30000,12.27,26300,26000,33,0,867900,9900,140,110,107,0,0,2026-05-15,21,0,0
2026-04-25,Sabtu,SKU004,Telur Ayam 1kg,Segar,kg,30000,0.0,30000,26000,32,0,960000,128000,107,0,75,0,0,2026-05-15,20,1,0
2026-04-26,Minggu,SKU004,Telur Ayam 1kg,Segar,kg,30000,0.0,30000,26000,36,0,1080000,144000,75,0,39,110,0,2026-05-15,19,1,0
2026-04-27,Senin,SKU004,Telur Ayam 1kg,Segar,kg,30000,10.0,27000,26000,34,0,918000,34000,149,110,115,0,0,2026-05-18,21,1,0
2026-04-28,Selasa,SKU004,Telur Ayam 1kg,Segar,kg,30000,0.0,30000,26000,14,0,420000,56000,115,0,101,0,0,2026-05-18,20,1,0
2026-04-29,Rabu,SKU004,Telur Ayam 1kg,Segar,kg,30000,0.0,30000,26000,22,0,660000,88000,101,0,79,0,0,2026-05-18,19,1,0
2026-04-30,Kamis,SKU004,Telur Ayam 1kg,Segar,kg,30000,0.0,30000,26000,31,0,930000,124000,79,0,48,110,0,2026-05-18,18,1,0
2026-05-01,Jumat,SKU004,Telur Ayam 1kg,Segar,kg,30000,0.0,30000,26000,35,0,1050000,140000,48,0,13,0,0,2026-05-18,17,1,0
2026-05-02,Sabtu,SKU004,Telur Ayam 1kg,Segar,kg,30000,10.0,27000,26000,49,0,1323000,49000,123,110,74,0,0,2026-05-23,21,1,0
2026-05-03,Minggu,SKU004,Telur Ayam 1kg,Segar,kg,30000,0.0,30000,26000,39,0,1170000,156000,74,0,35,110,0,2026-05-23,20,1,0
2026-05-04,Senin,SKU004,Telur Ayam 1kg,Segar,kg,30000,12.27,26300,26000,35,0,920500,10500,35,0,0,0,0,2026-05-23,19,1,0
2026-05-05,Selasa,SKU004,Telur Ayam 1kg,Segar,kg,30000,0.0,30000,26000,0,19,0,0,0,0,0,0,0,2026-05-23,18,1,0
2026-05-06,Rabu,SKU004,Telur Ayam 1kg,Segar,kg,30000,12.27,26300,26000,21,0,552300,6300,110,110,89,0,0,2026-05-27,21,0,0
2026-05-07,Kamis,SKU004,Telur Ayam 1kg,Segar,kg,30000,0.0,30000,26000,20,0,600000,80000,89,0,69,0,0,2026-05-27,20,0,0
2026-05-08,Jumat,SKU004,Telur Ayam 1kg,Segar,kg,30000,5.0,28500,26000,40,0,1140000,100000,69,0,29,110,0,2026-05-27,19,0,0
2026-05-09,Sabtu,SKU004,Telur Ayam 1kg,Segar,kg,30000,0.0,30000,26000,29,4,870000,116000,29,0,0,0,0,2026-05-27,18,0,0
2026-05-10,Minggu,SKU004,Telur Ayam 1kg,Segar,kg,30000,0.0,30000,26000,0,28,0,0,0,0,0,0,0,2026-05-27,17,0,0
2026-05-11,Senin,SKU004,Telur Ayam 1kg,Segar,kg,30000,5.0,28500,26000,17,0,484500,42500,110,110,93,0,0,2026-06-01,21,0,0
2026-05-12,Selasa,SKU004,Telur Ayam 1kg,Segar,kg,30000,0.0,30000,26000,23,0,690000,92000,93,0,70,0,0,2026-06-01,20,0,0
2026-05-13,Rabu,SKU004,Telur Ayam 1kg,Segar,kg,30000,12.0,26400,26000,20,0,528000,8000,70,0,50,110,0,2026-06-01,19,0,0
2026-05-14,Kamis,SKU004,Telur Ayam 1kg,Segar,kg,30000,0.0,30000,26000,35,0,1050000,140000,50,0,15,0,0,2026-06-01,18,0,0
2026-05-15,Jumat,SKU004,Telur Ayam 1kg,Segar,kg,30000,12.27,26300,26000,15,12,394500,4500,15,0,0,0,0,2026-06-01,17,0,0
2026-05-16,Sabtu,SKU004,Telur Ayam 1kg,Segar,kg,30000,8.0,27600,26000,43,0,1186800,68800,110,110,67,0,0,2026-06-06,21,0,0
2026-05-17,Minggu,SKU004,Telur Ayam 1kg,Segar,kg,30000,0.0,30000,26000,18,0,540000,72000,67,0,49,110,0,2026-06-06,20,0,0
2026-05-18,Senin,SKU004,Telur Ayam 1kg,Segar,kg,30000,0.0,30000,26000,15,0,450000,60000,49,0,34,0,0,2026-06-06,19,0,0
2026-05-19,Selasa,SKU004,Telur Ayam 1kg,Segar,kg,30000,0.0,30000,26000,17,0,510000,68000,144,110,127,0,0,2026-06-09,21,0,0
2026-05-20,Rabu,SKU004,Telur Ayam 1kg,Segar,kg,30000,10.0,27000,26000,29,0,783000,29000,127,0,98,0,0,2026-06-09,20,0,0
2026-05-21,Kamis,SKU004,Telur Ayam 1kg,Segar,kg,30000,0.0,30000,26000,16,0,480000,64000,98,0,82,0,0,2026-06-09,19,0,0
2026-05-22,Jumat,SKU004,Telur Ayam 1kg,Segar,kg,30000,0.0,30000,26000,26,0,780000,104000,82,0,56,0,0,2026-06-09,18,0,0
2026-05-23,Sabtu,SKU004,Telur Ayam 1kg,Segar,kg,30000,0.0,30000,26000,29,0,870000,116000,56,0,27,242,0,2026-06-09,17,0,0
2026-05-24,Minggu,SKU004,Telur Ayam 1kg,Segar,kg,30000,12.27,26300,26000,27,4,710100,8100,27,0,0,0,0,2026-06-09,16,0,0
2026-05-25,Senin,SKU004,Telur Ayam 1kg,Segar,kg,30000,5.0,28500,26000,32,0,912000,80000,242,242,210,0,0,2026-06-15,21,1,0
2026-05-26,Selasa,SKU004,Telur Ayam 1kg,Segar,kg,30000,0.0,30000,26000,31,0,930000,124000,210,0,179,0,0,2026-06-15,20,1,0
2026-05-27,Rabu,SKU004,Telur Ayam 1kg,Segar,kg,30000,12.27,26300,26000,42,0,1104600,12600,179,0,137,0,0,2026-06-15,19,1,0
2026-05-28,Kamis,SKU004,Telur Ayam 1kg,Segar,kg,30000,12.27,26300,26000,34,0,894200,10200,137,0,103,0,0,2026-06-15,18,1,0
2026-05-29,Jumat,SKU004,Telur Ayam 1kg,Segar,kg,30000,8.0,27600,26000,38,0,1048800,60800,103,0,65,0,0,2026-06-15,17,1,0
2026-05-30,Sabtu,SKU004,Telur Ayam 1kg,Segar,kg,30000,0.0,30000,26000,34,0,1020000,136000,65,0,31,110,0,2026-06-15,16,1,0
2026-05-31,Minggu,SKU004,Telur Ayam 1kg,Segar,kg,30000,12.27,26300,26000,31,9,815300,9300,31,0,0,0,0,2026-06-15,15,1,0
2026-06-01,Senin,SKU004,Telur Ayam 1kg,Segar,kg,30000,12.27,26300,26000,24,0,631200,7200,110,110,86,0,0,2026-06-22,21,1,0
2026-06-02,Selasa,SKU004,Telur Ayam 1kg,Segar,kg,30000,0.0,30000,26000,31,0,930000,124000,86,0,55,0,0,2026-06-22,20,1,0
2026-06-03,Rabu,SKU004,Telur Ayam 1kg,Segar,kg,30000,12.0,26400,26000,37,0,976800,14800,55,0,18,242,0,2026-06-22,19,1,0
2026-06-04,Kamis,SKU004,Telur Ayam 1kg,Segar,kg,30000,12.27,26300,26000,18,9,473400,5400,18,0,0,0,0,2026-06-22,18,1,0
2026-06-05,Jumat,SKU004,Telur Ayam 1kg,Segar,kg,30000,0.0,30000,26000,0,24,0,0,0,0,0,0,0,2026-06-22,17,1,0
2026-06-06,Sabtu,SKU004,Telur Ayam 1kg,Segar,kg,30000,0.0,30000,26000,29,0,870000,116000,242,242,213,0,0,2026-06-27,21,0,0
2026-06-07,Minggu,SKU004,Telur Ayam 1kg,Segar,kg,30000,0.0,30000,26000,26,0,780000,104000,213,0,187,0,0,2026-06-27,20,0,0
2026-06-08,Senin,SKU004,Telur Ayam 1kg,Segar,kg,30000,10.0,27000,26000,21,0,567000,21000,187,0,166,0,0,2026-06-27,19,0,0
2026-06-09,Selasa,SKU004,Telur Ayam 1kg,Segar,kg,30000,8.0,27600,26000,29,0,800400,46400,166,0,137,0,0,2026-06-27,18,0,0
2026-06-10,Rabu,SKU004,Telur Ayam 1kg,Segar,kg,30000,12.27,26300,26000,26,0,683800,7800,137,0,111,0,0,2026-06-27,17,0,0
2026-06-11,Kamis,SKU004,Telur Ayam 1kg,Segar,kg,30000,0.0,30000,26000,26,0,780000,104000,111,0,85,0,0,2026-06-27,16,0,0
2026-06-12,Jumat,SKU004,Telur Ayam 1kg,Segar,kg,30000,10.0,27000,26000,30,0,810000,30000,85,0,55,0,0,2026-06-27,15,0,0
2026-06-13,Sabtu,SKU004,Telur Ayam 1kg,Segar,kg,30000,0.0,30000,26000,28,0,840000,112000,55,0,27,242,0,2026-06-27,14,0,0
2026-06-14,Minggu,SKU004,Telur Ayam 1kg,Segar,kg,30000,0.0,30000,26000,27,0,810000,108000,27,0,0,0,0,2026-06-27,13,0,0
2026-06-15,Senin,SKU004,Telur Ayam 1kg,Segar,kg,30000,0.0,30000,26000,16,0,480000,64000,242,242,226,0,0,2026-07-06,21,0,0
2026-06-16,Selasa,SKU004,Telur Ayam 1kg,Segar,kg,30000,0.0,30000,26000,23,0,690000,92000,226,0,203,0,0,2026-07-06,20,0,0
2026-06-17,Rabu,SKU004,Telur Ayam 1kg,Segar,kg,30000,0.0,30000,26000,23,0,690000,92000,203,0,180,0,0,2026-07-06,19,0,0
2026-06-18,Kamis,SKU004,Telur Ayam 1kg,Segar,kg,30000,12.27,26300,26000,26,0,683800,7800,180,0,154,0,0,2026-07-06,18,0,0
2026-06-19,Jumat,SKU004,Telur Ayam 1kg,Segar,kg,30000,0.0,30000,26000,19,0,570000,76000,154,0,135,0,0,2026-07-06,17,0,0
2026-06-20,Sabtu,SKU004,Telur Ayam 1kg,Segar,kg,30000,0.0,30000,26000,33,0,990000,132000,135,0,102,0,0,2026-07-06,16,0,0
2026-06-21,Minggu,SKU004,Telur Ayam 1kg,Segar,kg,30000,0.0,30000,26000,39,0,1170000,156000,102,0,63,0,0,2026-07-06,15,0,0
2026-06-22,Senin,SKU004,Telur Ayam 1kg,Segar,kg,30000,0.0,30000,26000,18,0,540000,72000,63,0,45,110,0,2026-07-06,14,0,0
2026-06-23,Selasa,SKU004,Telur Ayam 1kg,Segar,kg,30000,0.0,30000,26000,22,0,660000,88000,45,0,23,0,0,2026-07-06,13,0,0
2026-06-24,Rabu,SKU004,Telur Ayam 1kg,Segar,kg,30000,0.0,30000,26000,22,0,660000,88000,23,0,1,0,0,2026-07-06,12,0,0
2026-06-25,Kamis,SKU004,Telur Ayam 1kg,Segar,kg,30000,0.0,30000,26000,26,0,780000,104000,111,110,85,0,0,2026-07-16,21,1,0
2026-06-26,Jumat,SKU004,Telur Ayam 1kg,Segar,kg,30000,0.0,30000,26000,32,0,960000,128000,85,0,53,0,0,2026-07-16,20,1,0
2026-06-27,Sabtu,SKU004,Telur Ayam 1kg,Segar,kg,30000,12.27,26300,26000,53,5,1393900,15900,53,0,0,110,0,2026-07-16,19,1,0
2026-06-28,Minggu,SKU004,Telur Ayam 1kg,Segar,kg,30000,0.0,30000,26000,0,44,0,0,0,0,0,0,0,2026-07-16,18,1,0
2026-06-29,Senin,SKU004,Telur Ayam 1kg,Segar,kg,30000,0.0,30000,26000,0,25,0,0,0,0,0,0,0,2026-07-16,17,1,0
2026-06-30,Selasa,SKU004,Telur Ayam 1kg,Segar,kg,30000,0.0,30000,26000,26,0,780000,104000,110,110,84,0,0,2026-07-21,21,1,0
2026-07-01,Rabu,SKU004,Telur Ayam 1kg,Segar,kg,30000,0.0,30000,26000,27,0,810000,108000,84,0,57,0,0,2026-07-21,20,1,0
2026-07-02,Kamis,SKU004,Telur Ayam 1kg,Segar,kg,30000,0.0,30000,26000,25,0,750000,100000,57,0,32,110,0,2026-07-21,19,1,0
2026-07-03,Jumat,SKU004,Telur Ayam 1kg,Segar,kg,30000,0.0,30000,26000,27,0,810000,108000,32,0,5,0,0,2026-07-21,18,1,0
2026-07-04,Sabtu,SKU004,Telur Ayam 1kg,Segar,kg,30000,0.0,30000,26000,55,0,1650000,220000,115,110,60,0,0,2026-07-25,21,1,0
2026-07-05,Minggu,SKU004,Telur Ayam 1kg,Segar,kg,30000,0.0,30000,26000,35,0,1050000,140000,60,0,25,110,0,2026-07-25,20,1,0
2026-07-06,Senin,SKU004,Telur Ayam 1kg,Segar,kg,30000,0.0,30000,26000,30,0,900000,120000,135,110,105,0,0,2026-07-27,21,0,0
2026-07-07,Selasa,SKU004,Telur Ayam 1kg,Segar,kg,30000,10.0,27000,26000,23,0,621000,23000,105,0,82,0,0,2026-07-27,20,0,0
2026-07-08,Rabu,SKU004,Telur Ayam 1kg,Segar,kg,30000,12.0,26400,26000,27,0,712800,10800,82,0,55,0,0,2026-07-27,19,0,0
2026-07-09,Kamis,SKU004,Telur Ayam 1kg,Segar,kg,30000,12.27,26300,26000,28,0,736400,8400,55,0,27,110,0,2026-07-27,18,0,0
2026-07-10,Jumat,SKU004,Telur Ayam 1kg,Segar,kg,30000,0.0,30000,26000,21,0,630000,84000,27,0,6,0,0,2026-07-27,17,0,0
2026-07-11,Sabtu,SKU004,Telur Ayam 1kg,Segar,kg,30000,8.0,27600,26000,6,12,165600,9600,6,0,0,0,0,2026-07-27,16,0,0
2026-07-12,Minggu,SKU004,Telur Ayam 1kg,Segar,kg,30000,0.0,30000,26000,30,0,900000,120000,110,110,80,0,0,2026-08-02,21,0,0
2026-07-13,Senin,SKU004,Telur Ayam 1kg,Segar,kg,30000,0.0,30000,26000,25,0,750000,100000,80,0,55,0,0,2026-08-02,20,0,0
2026-07-14,Selasa,SKU004,Telur Ayam 1kg,Segar,kg,30000,12.27,26300,26000,20,0,526000,6000,55,0,35,110,0,2026-08-02,19,0,0
2026-07-15,Rabu,SKU004,Telur Ayam 1kg,Segar,kg,30000,0.0,30000,26000,19,0,570000,76000,35,0,16,0,0,2026-08-02,18,0,0
2026-07-16,Kamis,SKU004,Telur Ayam 1kg,Segar,kg,30000,12.27,26300,26000,16,24,420800,4800,16,0,0,0,0,2026-08-02,17,0,0
2026-07-17,Jumat,SKU004,Telur Ayam 1kg,Segar,kg,30000,0.0,30000,26000,18,0,540000,72000,110,110,92,0,0,2026-08-07,21,0,0
2026-07-18,Sabtu,SKU004,Telur Ayam 1kg,Segar,kg,30000,0.0,30000,26000,49,0,1470000,196000,92,0,43,110,0,2026-08-07,20,0,0
2026-07-19,Minggu,SKU004,Telur Ayam 1kg,Segar,kg,30000,0.0,30000,26000,29,0,870000,116000,43,0,14,0,0,2026-08-07,19,0,0
2026-07-20,Senin,SKU004,Telur Ayam 1kg,Segar,kg,30000,0.0,30000,26000,14,12,420000,56000,14,0,0,0,0,2026-08-07,18,0,0
2026-07-21,Selasa,SKU004,Telur Ayam 1kg,Segar,kg,30000,0.0,30000,26000,19,0,570000,76000,110,110,91,0,0,2026-08-11,21,0,0
2026-07-22,Rabu,SKU004,Telur Ayam 1kg,Segar,kg,30000,12.0,26400,26000,33,0,871200,13200,91,0,58,0,0,2026-08-11,20,0,0
2026-07-23,Kamis,SKU004,Telur Ayam 1kg,Segar,kg,30000,10.0,27000,26000,33,0,891000,33000,58,0,25,110,0,2026-08-11,19,0,0
2026-07-24,Jumat,SKU004,Telur Ayam 1kg,Segar,kg,30000,0.0,30000,26000,31,0,930000,124000,135,110,104,0,0,2026-08-14,21,0,0
2026-07-25,Sabtu,SKU004,Telur Ayam 1kg,Segar,kg,30000,12.27,26300,26000,43,0,1130900,12900,104,0,61,0,0,2026-08-14,20,1,0
2026-07-26,Minggu,SKU004,Telur Ayam 1kg,Segar,kg,30000,10.0,27000,26000,48,0,1296000,48000,61,0,13,110,0,2026-08-14,19,1,0
2026-07-27,Senin,SKU004,Telur Ayam 1kg,Segar,kg,30000,8.0,27600,26000,43,0,1186800,68800,123,110,80,0,0,2026-08-17,21,1,0
2026-07-28,Selasa,SKU004,Telur Ayam 1kg,Segar,kg,30000,0.0,30000,26000,31,0,930000,124000,80,0,49,110,0,2026-08-17,20,1,0
2026-07-29,Rabu,SKU004,Telur Ayam 1kg,Segar,kg,30000,0.0,30000,26000,25,0,750000,100000,49,0,24,0,0,2026-08-17,19,1,0
2026-07-30,Kamis,SKU004,Telur Ayam 1kg,Segar,kg,30000,0.0,30000,26000,27,0,810000,108000,134,110,107,0,0,2026-08-20,21,1,0
2026-07-31,Jumat,SKU004,Telur Ayam 1kg,Segar,kg,30000,0.0,30000,26000,39,0,1170000,156000,107,0,68,0,0,2026-08-20,20,1,0
2026-08-01,Sabtu,SKU004,Telur Ayam 1kg,Segar,kg,30000,0.0,30000,26000,60,0,1800000,240000,68,0,8,110,0,2026-08-20,19,1,0
2026-08-02,Minggu,SKU004,Telur Ayam 1kg,Segar,kg,30000,0.0,30000,26000,8,19,240000,32000,8,0,0,0,0,2026-08-20,18,1,0
2026-08-03,Senin,SKU004,Telur Ayam 1kg,Segar,kg,30000,8.0,27600,26000,0,21,0,0,0,0,0,0,0,2026-08-20,17,1,0
2026-08-04,Selasa,SKU004,Telur Ayam 1kg,Segar,kg,30000,0.0,30000,26000,23,0,690000,92000,110,110,87,0,0,2026-08-25,21,1,0
2026-08-05,Rabu,SKU004,Telur Ayam 1kg,Segar,kg,30000,5.0,28500,26000,37,0,1054500,92500,87,0,50,110,0,2026-08-25,20,1,0
2026-08-06,Kamis,SKU004,Telur Ayam 1kg,Segar,kg,30000,12.27,26300,26000,46,0,1209800,13800,160,110,114,0,0,2026-08-27,21,0,0
2026-08-07,Jumat,SKU004,Telur Ayam 1kg,Segar,kg,30000,12.27,26300,26000,41,0,1078300,12300,114,0,73,0,0,2026-08-27,20,0,0
2026-08-08,Sabtu,SKU004,Telur Ayam 1kg,Segar,kg,30000,12.27,26300,26000,42,0,1104600,12600,73,0,31,110,0,2026-08-27,19,0,0
2026-08-09,Minggu,SKU004,Telur Ayam 1kg,Segar,kg,30000,0.0,30000,26000,30,0,900000,120000,31,0,1,0,0,2026-08-27,18,0,0
2026-08-10,Senin,SKU004,Telur Ayam 1kg,Segar,kg,30000,0.0,30000,26000,1,12,30000,4000,1,0,0,0,0,2026-08-27,17,0,0
2026-08-11,Selasa,SKU004,Telur Ayam 1kg,Segar,kg,30000,12.27,26300,26000,27,0,710100,8100,110,110,83,0,0,2026-09-01,21,0,0
2026-08-12,Rabu,SKU004,Telur Ayam 1kg,Segar,kg,30000,0.0,30000,26000,24,0,720000,96000,83,0,59,0,0,2026-09-01,20,0,0
2026-08-13,Kamis,SKU004,Telur Ayam 1kg,Segar,kg,30000,0.0,30000,26000,31,0,930000,124000,59,0,28,110,0,2026-09-01,19,0,0
2026-08-14,Jumat,SKU004,Telur Ayam 1kg,Segar,kg,30000,0.0,30000,26000,21,0,630000,84000,138,110,117,0,0,2026-09-04,21,0,0
2026-08-15,Sabtu,SKU004,Telur Ayam 1kg,Segar,kg,30000,0.0,30000,26000,25,0,750000,100000,117,0,92,0,0,2026-09-04,20,0,0
2026-08-16,Minggu,SKU004,Telur Ayam 1kg,Segar,kg,30000,0.0,30000,26000,25,0,750000,100000,92,0,67,0,0,2026-09-04,19,0,0
2026-08-17,Senin,SKU004,Telur Ayam 1kg,Segar,kg,30000,0.0,30000,26000,18,0,540000,72000,67,0,49,110,0,2026-09-04,18,0,0
2025-08-18,Senin,SKU005,Indomie Goreng,Makanan Instan,pcs,3500,12.0,3100,2850,78,0,241800,19500,350,0,272,0,0,2025-12-27,131,0,0
2025-08-19,Selasa,SKU005,Indomie Goreng,Makanan Instan,pcs,3500,17.09,2900,2850,73,0,211700,3650,272,0,199,0,0,2025-12-27,130,0,0
2025-08-20,Rabu,SKU005,Indomie Goreng,Makanan Instan,pcs,3500,0.0,3500,2850,56,0,196000,36400,199,0,143,1100,0,2025-12-27,129,0,0
2025-08-21,Kamis,SKU005,Indomie Goreng,Makanan Instan,pcs,3500,0.0,3500,2850,69,0,241500,44850,143,0,74,0,0,2025-12-27,128,0,0
2025-08-22,Jumat,SKU005,Indomie Goreng,Makanan Instan,pcs,3500,0.0,3500,2850,57,0,199500,37050,74,0,17,0,0,2025-12-27,127,0,0
2025-08-23,Sabtu,SKU005,Indomie Goreng,Makanan Instan,pcs,3500,0.0,3500,2850,52,0,182000,33800,1117,1100,1065,0,0,2026-04-20,240,0,0
2025-08-24,Minggu,SKU005,Indomie Goreng,Makanan Instan,pcs,3500,17.09,2900,2850,100,0,290000,5000,1065,0,965,0,0,2026-04-20,239,0,0
2025-08-25,Senin,SKU005,Indomie Goreng,Makanan Instan,pcs,3500,8.0,3200,2850,103,0,329600,36050,965,0,862,0,0,2026-04-20,238,1,0
2025-08-26,Selasa,SKU005,Indomie Goreng,Makanan Instan,pcs,3500,0.0,3500,2850,99,0,346500,64350,862,0,763,0,0,2026-04-20,237,1,0
2025-08-27,Rabu,SKU005,Indomie Goreng,Makanan Instan,pcs,3500,5.0,3300,2850,73,0,240900,32850,763,0,690,0,0,2026-04-20,236,1,0
2025-08-28,Kamis,SKU005,Indomie Goreng,Makanan Instan,pcs,3500,0.0,3500,2850,60,0,210000,39000,690,0,630,0,0,2026-04-20,235,1,0
2025-08-29,Jumat,SKU005,Indomie Goreng,Makanan Instan,pcs,3500,0.0,3500,2850,106,0,371000,68900,630,0,524,0,0,2026-04-20,234,1,0
2025-08-30,Sabtu,SKU005,Indomie Goreng,Makanan Instan,pcs,3500,0.0,3500,2850,92,0,322000,59800,524,0,432,0,0,2026-04-20,233,1,0
2025-08-31,Minggu,SKU005,Indomie Goreng,Makanan Instan,pcs,3500,17.09,2900,2850,150,0,435000,7500,432,0,282,0,0,2026-04-20,232,1,0
2025-09-01,Senin,SKU005,Indomie Goreng,Makanan Instan,pcs,3500,15.0,3000,2850,75,0,225000,11250,282,0,207,0,0,2026-04-20,231,1,0
2025-09-02,Selasa,SKU005,Indomie Goreng,Makanan Instan,pcs,3500,0.0,3500,2850,74,0,259000,48100,207,0,133,500,0,2026-04-20,230,1,0
2025-09-03,Rabu,SKU005,Indomie Goreng,Makanan Instan,pcs,3500,0.0,3500,2850,92,0,322000,59800,133,0,41,0,0,2026-04-20,229,1,0
2025-09-04,Kamis,SKU005,Indomie Goreng,Makanan Instan,pcs,3500,10.0,3200,2850,70,0,224000,24500,541,500,471,0,0,2026-05-02,240,1,0
2025-09-05,Jumat,SKU005,Indomie Goreng,Makanan Instan,pcs,3500,0.0,3500,2850,102,0,357000,66300,471,0,369,0,0,2026-05-02,239,1,0
2025-09-06,Sabtu,SKU005,Indomie Goreng,Makanan Instan,pcs,3500,0.0,3500,2850,86,0,301000,55900,369,0,283,0,0,2026-05-02,238,0,0
2025-09-07,Minggu,SKU005,Indomie Goreng,Makanan Instan,pcs,3500,12.0,3100,2850,87,0,269700,21750,283,0,196,0,0,2026-05-02,237,0,0
2025-09-08,Senin,SKU005,Indomie Goreng,Makanan Instan,pcs,3500,0.0,3500,2850,73,0,255500,47450,196,0,123,500,0,2026-05-02,236,0,0
2025-09-09,Selasa,SKU005,Indomie Goreng,Makanan Instan,pcs,3500,0.0,3500,2850,49,0,171500,31850,623,500,574,0,0,2026-05-07,240,0,0
2025-09-10,Rabu,SKU005,Indomie Goreng,Makanan Instan,pcs,3500,0.0,3500,2850,65,0,227500,42250,574,0,509,0,0,2026-05-07,239,0,0
2025-09-11,Kamis,SKU005,Indomie Goreng,Makanan Instan,pcs,3500,0.0,3500,2850,80,0,280000,52000,509,0,429,0,0,2026-05-07,238,0,0
2025-09-12,Jumat,SKU005,Indomie Goreng,Makanan Instan,pcs,3500,12.0,3100,2850,80,0,248000,20000,429,0,349,0,0,2026-05-07,237,0,0
2025-09-13,Sabtu,SKU005,Indomie Goreng,Makanan Instan,pcs,3500,0.0,3500,2850,83,0,290500,53950,349,0,266,0,0,2026-05-07,236,0,0
2025-09-14,Minggu,SKU005,Indomie Goreng,Makanan Instan,pcs,3500,10.0,3200,2850,97,0,310400,33950,266,0,169,500,0,2026-05-07,235,0,0
2025-09-15,Senin,SKU005,Indomie Goreng,Makanan Instan,pcs,3500,5.0,3300,2850,73,0,240900,32850,169,0,96,0,0,2026-05-07,234,0,0
2025-09-16,Selasa,SKU005,Indomie Goreng,Makanan Instan,pcs,3500,0.0,3500,2850,53,0,185500,34450,96,0,43,0,0,2026-05-07,233,0,0
2025-09-17,Rabu,SKU005,Indomie Goreng,Makanan Instan,pcs,3500,17.09,2900,2850,74,0,214600,3700,543,500,469,0,0,2026-05-15,240,0,0
2025-09-18,Kamis,SKU005,Indomie Goreng,Makanan Instan,pcs,3500,0.0,3500,2850,50,0,175000,32500,469,0,419,0,0,2026-05-15,239,0,0
2025-09-19,Jumat,SKU005,Indomie Goreng,Makanan Instan,pcs,3500,5.0,3300,2850,90,0,297000,40500,419,0,329,0,0,2026-05-15,238,0,0
2025-09-20,Sabtu,SKU005,Indomie Goreng,Makanan Instan,pcs,3500,0.0,3500,2850,69,0,241500,44850,329,0,260,0,0,2026-05-15,237,0,0
2025-09-21,Minggu,SKU005,Indomie Goreng,Makanan Instan,pcs,3500,0.0,3500,2850,78,0,273000,50700,260,0,182,0,0,2026-05-15,236,0,0
2025-09-22,Senin,SKU005,Indomie Goreng,Makanan Instan,pcs,3500,0.0,3500,2850,55,0,192500,35750,182,0,127,500,0,2026-05-15,235,0,0
2025-09-23,Selasa,SKU005,Indomie Goreng,Makanan Instan,pcs,3500,0.0,3500,2850,65,0,227500,42250,627,500,562,0,0,2026-05-21,240,0,0
2025-09-24,Rabu,SKU005,Indomie Goreng,Makanan Instan,pcs,3500,0.0,3500,2850,59,0,206500,38350,562,0,503,0,0,2026-05-21,239,0,0
2025-09-25,Kamis,SKU005,Indomie Goreng,Makanan Instan,pcs,3500,0.0,3500,2850,80,0,280000,52000,503,0,423,0,0,2026-05-21,238,1,0
2025-09-26,Jumat,SKU005,Indomie Goreng,Makanan Instan,pcs,3500,8.0,3200,2850,170,0,544000,59500,423,0,253,0,0,2026-05-21,237,1,0
2025-09-27,Sabtu,SKU005,Indomie Goreng,Makanan Instan,pcs,3500,10.0,3200,2850,119,0,380800,41650,253,0,134,500,0,2026-05-21,236,1,0
2025-09-28,Minggu,SKU005,Indomie Goreng,Makanan Instan,pcs,3500,0.0,3500,2850,122,0,427000,79300,134,0,12,0,0,2026-05-21,235,1,0
2025-09-29,Senin,SKU005,Indomie Goreng,Makanan Instan,pcs,3500,17.09,2900,2850,12,70,34800,600,12,0,0,0,0,2026-05-21,234,1,0
2025-09-30,Selasa,SKU005,Indomie Goreng,Makanan Instan,pcs,3500,0.0,3500,2850,73,0,255500,47450,500,500,427,0,0,2026-05-28,240,1,0
2025-10-01,Rabu,SKU005,Indomie Goreng,Makanan Instan,pcs,3500,17.09,2900,2850,90,0,261000,4500,427,0,337,0,0,2026-05-28,239,1,0
2025-10-02,Kamis,SKU005,Indomie Goreng,Makanan Instan,pcs,3500,17.09,2900,2850,114,0,330600,5700,337,0,223,0,0,2026-05-28,238,1,0
2025-10-03,Jumat,SKU005,Indomie Goreng,Makanan Instan,pcs,3500,0.0,3500,2850,114,0,399000,74100,223,0,109,500,0,2026-05-28,237,1,0
2025-10-04,Sabtu,SKU005,Indomie Goreng,Makanan Instan,pcs,3500,17.09,2900,2850,109,11,316100,5450,109,0,0,0,0,2026-05-28,236,1,0
2025-10-05,Minggu,SKU005,Indomie Goreng,Makanan Instan,pcs,3500,0.0,3500,2850,98,0,343000,63700,500,500,402,0,0,2026-06-02,240,1,0
2025-10-06,Senin,SKU005,Indomie Goreng,Makanan Instan,pcs,3500,0.0,3500,2850,70,0,245000,45500,402,0,332,0,0,2026-06-02,239,0,0
2025-10-07,Selasa,SKU005,Indomie Goreng,Makanan Instan,pcs,3500,17.09,2900,2850,85,0,246500,4250,332,0,247,0,0,2026-06-02,238,0,0
2025-10-08,Rabu,SKU005,Indomie Goreng,Makanan Instan,pcs,3500,17.09,2900,2850,86,0,249400,4300,247,0,161,500,0,2026-06-02,237,0,0
2025-10-09,Kamis,SKU005,Indomie Goreng,Makanan Instan,pcs,3500,5.0,3300,2850,85,0,280500,38250,161,0,76,0,0,2026-06-02,236,0,0
2025-10-10,Jumat,SKU005,Indomie Goreng,Makanan Instan,pcs,3500,0.0,3500,2850,78,0,273000,50700,576,500,498,0,0,2026-06-07,240,0,0
2025-10-11,Sabtu,SKU005,Indomie Goreng,Makanan Instan,pcs,3500,0.0,3500,2850,92,0,322000,59800,498,0,406,0,0,2026-06-07,239,0,0
2025-10-12,Minggu,SKU005,Indomie Goreng,Makanan Instan,pcs,3500,0.0,3500,2850,74,0,259000,48100,406,0,332,0,0,2026-06-07,238,0,0
2025-10-13,Senin,SKU005,Indomie Goreng,Makanan Instan,pcs,3500,17.09,2900,2850,78,0,226200,3900,332,0,254,0,0,2026-06-07,237,0,0
2025-10-14,Selasa,SKU005,Indomie Goreng,Makanan Instan,pcs,3500,17.09,2900,2850,66,0,191400,3300,254,0,188,0,0,2026-06-07,236,0,0
2025-10-15,Rabu,SKU005,Indomie Goreng,Makanan Instan,pcs,3500,0.0,3500,2850,61,0,213500,39650,188,0,127,500,0,2026-06-07,235,0,0
2025-10-16,Kamis,SKU005,Indomie Goreng,Makanan Instan,pcs,3500,0.0,3500,2850,54,0,189000,35100,127,0,73,0,0,2026-06-07,234,0,0
2025-10-17,Jumat,SKU005,Indomie Goreng,Makanan Instan,pcs,3500,17.09,2900,2850,73,22,211700,3650,73,0,0,0,0,2026-06-07,233,0,0
2025-10-18,Sabtu,SKU005,Indomie Goreng,Makanan Instan,pcs,3500,0.0,3500,2850,72,0,252000,46800,500,500,428,0,0,2026-06-15,240,0,0
2025-10-19,Minggu,SKU005,Indomie Goreng,Makanan Instan,pcs,3500,0.0,3500,2850,69,0,241500,44850,428,0,359,0,0,2026-06-15,239,0,0
2025-10-20,Senin,SKU005,Indomie Goreng,Makanan Instan,pcs,3500,12.0,3100,2850,52,0,161200,13000,359,0,307,0,0,2026-06-15,238,0,0
2025-10-21,Selasa,SKU005,Indomie Goreng,Makanan Instan,pcs,3500,0.0,3500,2850,52,0,182000,33800,307,0,255,0,0,2026-06-15,237,0,0
2025-10-22,Rabu,SKU005,Indomie Goreng,Makanan Instan,pcs,3500,0.0,3500,2850,56,0,196000,36400,255,0,199,0,0,2026-06-15,236,0,0
2025-10-23,Kamis,SKU005,Indomie Goreng,Makanan Instan,pcs,3500,17.09,2900,2850,63,0,182700,3150,199,0,136,500,0,2026-06-15,235,0,0
2025-10-24,Jumat,SKU005,Indomie Goreng,Makanan Instan,pcs,3500,17.09,2900,2850,105,0,304500,5250,136,0,31,0,0,2026-06-15,234,0,0
2025-10-25,Sabtu,SKU005,Indomie Goreng,Makanan Instan,pcs,3500,0.0,3500,2850,31,73,108500,20150,31,0,0,0,0,2026-06-15,233,1,0
2025-10-26,Minggu,SKU005,Indomie Goreng,Makanan Instan,pcs,3500,0.0,3500,2850,93,0,325500,60450,500,500,407,0,0,2026-06-23,240,1,0
2025-10-27,Senin,SKU005,Indomie Goreng,Makanan Instan,pcs,3500,0.0,3500,2850,89,0,311500,57850,407,0,318,0,0,2026-06-23,239,1,0
2025-10-28,Selasa,SKU005,Indomie Goreng,Makanan Instan,pcs,3500,0.0,3500,2850,81,0,283500,52650,318,0,237,0,0,2026-06-23,238,1,0
2025-10-29,Rabu,SKU005,Indomie Goreng,Makanan Instan,pcs,3500,0.0,3500,2850,79,0,276500,51350,237,0,158,1100,0,2026-06-23,237,1,0
2025-10-30,Kamis,SKU005,Indomie Goreng,Makanan Instan,pcs,3500,0.0,3500,2850,89,0,311500,57850,1258,1100,1169,0,0,2026-06-27,240,1,0
2025-10-31,Jumat,SKU005,Indomie Goreng,Makanan Instan,pcs,3500,0.0,3500,2850,78,0,273000,50700,1169,0,1091,0,0,2026-06-27,239,1,0
2025-11-01,Sabtu,SKU005,Indomie Goreng,Makanan Instan,pcs,3500,0.0,3500,2850,100,0,350000,65000,1091,0,991,0,0,2026-06-27,238,1,0
2025-11-02,Minggu,SKU005,Indomie Goreng,Makanan Instan,pcs,3500,10.0,3200,2850,122,0,390400,42700,991,0,869,0,0,2026-06-27,237,1,0
2025-11-03,Senin,SKU005,Indomie Goreng,Makanan Instan,pcs,3500,0.0,3500,2850,81,0,283500,52650,869,0,788,0,0,2026-06-27,236,1,0
2025-11-04,Selasa,SKU005,Indomie Goreng,Makanan Instan,pcs,3500,0.0,3500,2850,70,0,245000,45500,788,0,718,0,0,2026-06-27,235,1,0
2025-11-05,Rabu,SKU005,Indomie Goreng,Makanan Instan,pcs,3500,0.0,3500,2850,73,0,255500,47450,718,0,645,0,0,2026-06-27,234,1,0
2025-11-06,Kamis,SKU005,Indomie Goreng,Makanan Instan,pcs,3500,0.0,3500,2850,76,0,266000,49400,645,0,569,0,0,2026-06-27,233,0,0
2025-11-07,Jumat,SKU005,Indomie Goreng,Makanan Instan,pcs,3500,0.0,3500,2850,83,0,290500,53950,569,0,486,0,0,2026-06-27,232,0,0
2025-11-08,Sabtu,SKU005,Indomie Goreng,Makanan Instan,pcs,3500,0.0,3500,2850,63,0,220500,40950,486,0,423,0,0,2026-06-27,231,0,0
2025-11-09,Minggu,SKU005,Indomie Goreng,Makanan Instan,pcs,3500,8.0,3200,2850,107,0,342400,37450,423,0,316,0,0,2026-06-27,230,0,0
2025-11-10,Senin,SKU005,Indomie Goreng,Makanan Instan,pcs,3500,5.0,3300,2850,69,0,227700,31050,316,0,247,0,0,2026-06-27,229,0,0
2025-11-11,Selasa,SKU005,Indomie Goreng,Makanan Instan,pcs,3500,15.0,3000,2850,59,0,177000,8850,247,0,188,0,0,2026-06-27,228,0,0
2025-11-12,Rabu,SKU005,Indomie Goreng,Makanan Instan,pcs,3500,0.0,3500,2850,63,0,220500,40950,188,0,125,500,0,2026-06-27,227,0,0
2025-11-13,Kamis,SKU005,Indomie Goreng,Makanan Instan,pcs,3500,17.09,2900,2850,66,0,191400,3300,125,0,59,0,0,2026-06-27,226,0,0
2025-11-14,Jumat,SKU005,Indomie Goreng,Makanan Instan,pcs,3500,5.0,3300,2850,78,0,257400,35100,559,500,481,0,0,2026-07-12,240,0,0
2025-11-15,Sabtu,SKU005,Indomie Goreng,Makanan Instan,pcs,3500,12.0,3100,2850,90,0,279000,22500,481,0,391,0,0,2026-07-12,239,0,0
2025-11-16,Minggu,SKU005,Indomie Goreng,Makanan Instan,pcs,3500,0.0,3500,2850,62,0,217000,40300,391,0,329,0,0,2026-07-12,238,0,0
2025-11-17,Senin,SKU005,Indomie Goreng,Makanan Instan,pcs,3500,0.0,3500,2850,47,0,164500,30550,329,0,282,0,0,2026-07-12,237,0,0
2025-11-18,Selasa,SKU005,Indomie Goreng,Makanan Instan,pcs,3500,8.0,3200,2850,56,0,179200,19600,282,0,226,0,0,2026-07-12,236,0,0
2025-11-19,Rabu,SKU005,Indomie Goreng,Makanan Instan,pcs,3500,0.0,3500,2850,64,0,224000,41600,226,0,162,500,0,2026-07-12,235,0,0
2025-11-20,Kamis,SKU005,Indomie Goreng,Makanan Instan,pcs,3500,17.09,2900,2850,62,0,179800,3100,162,0,100,0,0,2026-07-12,234,0,0
2025-11-21,Jumat,SKU005,Indomie Goreng,Makanan Instan,pcs,3500,0.0,3500,2850,79,0,276500,51350,100,0,21,0,0,2026-07-12,233,0,0
2025-11-22,Sabtu,SKU005,Indomie Goreng,Makanan Instan,pcs,3500,0.0,3500,2850,99,0,346500,64350,521,500,422,0,0,2026-07-20,240,0,0
2025-11-23,Minggu,SKU005,Indomie Goreng,Makanan Instan,pcs,3500,0.0,3500,2850,88,0,308000,57200,422,0,334,0,0,2026-07-20,239,0,0
2025-11-24,Senin,SKU005,Indomie Goreng,Makanan Instan,pcs,3500,15.0,3000,2850,55,0,165000,8250,334,0,279,0,0,2026-07-20,238,0,0
2025-11-25,Selasa,SKU005,Indomie Goreng,Makanan Instan,pcs,3500,8.0,3200,2850,86,0,275200,30100,279,0,193,0,0,2026-07-20,237,1,0
2025-11-26,Rabu,SKU005,Indomie Goreng,Makanan Instan,pcs,3500,0.0,3500,2850,77,0,269500,50050,193,0,116,500,0,2026-07-20,236,1,0
2025-11-27,Kamis,SKU005,Indomie Goreng,Makanan Instan,pcs,3500,0.0,3500,2850,66,0,231000,42900,116,0,50,0,0,2026-07-20,235,1,0
2025-11-28,Jumat,SKU005,Indomie Goreng,Makanan Instan,pcs,3500,0.0,3500,2850,68,0,238000,44200,550,500,482,0,0,2026-07-26,240,1,0
2025-11-29,Sabtu,SKU005,Indomie Goreng,Makanan Instan,pcs,3500,17.09,2900,2850,102,0,295800,5100,482,0,380,0,0,2026-07-26,239,1,0
2025-11-30,Minggu,SKU005,Indomie Goreng,Makanan Instan,pcs,3500,10.0,3200,2850,114,0,364800,39900,380,0,266,0,0,2026-07-26,238,1,0
2025-12-01,Senin,SKU005,Indomie Goreng,Makanan Instan,pcs,3500,0.0,3500,2850,78,0,273000,50700,266,0,188,0,0,2026-07-26,237,1,0
2025-12-02,Selasa,SKU005,Indomie Goreng,Makanan Instan,pcs,3500,0.0,3500,2850,52,0,182000,33800,188,0,136,500,0,2026-07-26,236,1,0
2025-12-03,Rabu,SKU005,Indomie Goreng,Makanan Instan,pcs,3500,0.0,3500,2850,68,0,238000,44200,136,0,68,0,0,2026-07-26,235,1,0
2025-12-04,Kamis,SKU005,Indomie Goreng,Makanan Instan,pcs,3500,12.0,3100,2850,103,0,319300,25750,568,500,465,0,0,2026-08-01,240,1,0
2025-12-05,Jumat,SKU005,Indomie Goreng,Makanan Instan,pcs,3500,0.0,3500,2850,80,0,280000,52000,465,0,385,0,0,2026-08-01,239,1,0
2025-12-06,Sabtu,SKU005,Indomie Goreng,Makanan Instan,pcs,3500,0.0,3500,2850,91,0,318500,59150,385,0,294,0,0,2026-08-01,238,0,0
2025-12-07,Minggu,SKU005,Indomie Goreng,Makanan Instan,pcs,3500,0.0,3500,2850,75,0,262500,48750,294,0,219,0,0,2026-08-01,237,0,0
2025-12-08,Senin,SKU005,Indomie Goreng,Makanan Instan,pcs,3500,0.0,3500,2850,25,0,87500,16250,219,0,194,0,0,2026-08-01,236,0,0
2025-12-09,Selasa,SKU005,Indomie Goreng,Makanan Instan,pcs,3500,17.09,2900,2850,63,0,182700,3150,194,0,131,500,0,2026-08-01,235,0,0
2025-12-10,Rabu,SKU005,Indomie Goreng,Makanan Instan,pcs,3500,17.09,2900,2850,84,0,243600,4200,631,500,547,0,0,2026-08-07,240,0,0
2025-12-11,Kamis,SKU005,Indomie Goreng,Makanan Instan,pcs,3500,17.09,2900,2850,83,0,240700,4150,547,0,464,0,0,2026-08-07,239,0,0
2025-12-12,Jumat,SKU005,Indomie Goreng,Makanan Instan,pcs,3500,0.0,3500,2850,56,0,196000,36400,464,0,408,0,0,2026-08-07,238,0,0
2025-12-13,Sabtu,SKU005,Indomie Goreng,Makanan Instan,pcs,3500,0.0,3500,2850,68,0,238000,44200,408,0,340,0,0,2026-08-07,237,0,0
2025-12-14,Minggu,SKU005,Indomie Goreng,Makanan Instan,pcs,3500,0.0,3500,2850,67,0,234500,43550,340,0,273,0,0,2026-08-07,236,0,0
2025-12-15,Senin,SKU005,Indomie Goreng,Makanan Instan,pcs,3500,0.0,3500,2850,49,0,171500,31850,273,0,224,0,0,2026-08-07,235,0,0
2025-12-16,Selasa,SKU005,Indomie Goreng,Makanan Instan,pcs,3500,0.0,3500,2850,51,0,178500,33150,224,0,173,0,0,2026-08-07,234,0,0
2025-12-17,Rabu,SKU005,Indomie Goreng,Makanan Instan,pcs,3500,0.0,3500,2850,75,0,262500,48750,173,0,98,500,0,2026-08-07,233,0,0
2025-12-18,Kamis,SKU005,Indomie Goreng,Makanan Instan,pcs,3500,17.09,2900,2850,83,0,240700,4150,98,0,15,0,0,2026-08-07,232,0,0
2025-12-19,Jumat,SKU005,Indomie Goreng,Makanan Instan,pcs,3500,0.0,3500,2850,107,0,374500,69550,515,500,408,0,0,2026-08-16,240,0,0
2025-12-20,Sabtu,SKU005,Indomie Goreng,Makanan Instan,pcs,3500,10.0,3200,2850,68,0,217600,23800,408,0,340,0,0,2026-08-16,239,0,0
2025-12-21,Minggu,SKU005,Indomie Goreng,Makanan Instan,pcs,3500,0.0,3500,2850,98,0,343000,63700,340,0,242,0,0,2026-08-16,238,0,0
2025-12-22,Senin,SKU005,Indomie Goreng,Makanan Instan,pcs,3500,0.0,3500,2850,40,0,140000,26000,242,0,202,0,0,2026-08-16,237,0,0
2025-12-23,Selasa,SKU005,Indomie Goreng,Makanan Instan,pcs,3500,17.09,2900,2850,80,0,232000,4000,202,0,122,500,0,2026-08-16,236,0,0
2025-12-24,Rabu,SKU005,Indomie Goreng,Makanan Instan,pcs,3500,0.0,3500,2850,67,0,234500,43550,622,500,555,0,0,2026-08-21,240,0,0
2025-12-25,Kamis,SKU005,Indomie Goreng,Makanan Instan,pcs,3500,0.0,3500,2850,68,0,238000,44200,555,0,487,0,0,2026-08-21,239,1,0
2025-12-26,Jumat,SKU005,Indomie Goreng,Makanan Instan,pcs,3500,0.0,3500,2850,90,0,315000,58500,487,0,397,0,0,2026-08-21,238,1,0
2025-12-27,Sabtu,SKU005,Indomie Goreng,Makanan Instan,pcs,3500,0.0,3500,2850,120,0,420000,78000,397,0,277,0,0,2026-08-21,237,1,0
2025-12-28,Minggu,SKU005,Indomie Goreng,Makanan Instan,pcs,3500,0.0,3500,2850,121,0,423500,78650,277,0,156,500,0,2026-08-21,236,1,0
2025-12-29,Senin,SKU005,Indomie Goreng,Makanan Instan,pcs,3500,0.0,3500,2850,64,0,224000,41600,156,0,92,0,0,2026-08-21,235,1,0
2025-12-30,Selasa,SKU005,Indomie Goreng,Makanan Instan,pcs,3500,17.09,2900,2850,92,10,266800,4600,92,0,0,0,0,2026-08-21,234,1,0
2025-12-31,Rabu,SKU005,Indomie Goreng,Makanan Instan,pcs,3500,0.0,3500,2850,79,0,276500,51350,500,500,421,0,0,2026-08-28,240,1,0
2026-01-01,Kamis,SKU005,Indomie Goreng,Makanan Instan,pcs,3500,10.0,3200,2850,92,0,294400,32200,421,0,329,0,0,2026-08-28,239,1,0
2026-01-02,Jumat,SKU005,Indomie Goreng,Makanan Instan,pcs,3500,0.0,3500,2850,75,0,262500,48750,329,0,254,0,0,2026-08-28,238,1,0
2026-01-03,Sabtu,SKU005,Indomie Goreng,Makanan Instan,pcs,3500,0.0,3500,2850,82,0,287000,53300,254,0,172,0,0,2026-08-28,237,1,0
2026-01-04,Minggu,SKU005,Indomie Goreng,Makanan Instan,pcs,3500,0.0,3500,2850,99,0,346500,64350,172,0,73,500,0,2026-08-28,236,1,0
2026-01-05,Senin,SKU005,Indomie Goreng,Makanan Instan,pcs,3500,0.0,3500,2850,61,0,213500,39650,73,0,12,0,0,2026-08-28,235,1,0
2026-01-06,Selasa,SKU005,Indomie Goreng,Makanan Instan,pcs,3500,0.0,3500,2850,12,76,42000,7800,12,0,0,0,0,2026-08-28,234,0,0
2026-01-07,Rabu,SKU005,Indomie Goreng,Makanan Instan,pcs,3500,0.0,3500,2850,75,0,262500,48750,500,500,425,0,0,2026-09-04,240,0,0
2026-01-08,Kamis,SKU005,Indomie Goreng,Makanan Instan,pcs,3500,17.09,2900,2850,109,0,316100,5450,425,0,316,0,0,2026-09-04,239,0,0
2026-01-09,Jumat,SKU005,Indomie Goreng,Makanan Instan,pcs,3500,0.0,3500,2850,77,0,269500,50050,316,0,239,0,0,2026-09-04,238,0,0
2026-01-10,Sabtu,SKU005,Indomie Goreng,Makanan Instan,pcs,3500,0.0,3500,2850,79,0,276500,51350,239,0,160,500,0,2026-09-04,237,0,0
2026-01-11,Minggu,SKU005,Indomie Goreng,Makanan Instan,pcs,3500,8.0,3200,2850,73,0,233600,25550,660,500,587,0,0,2026-09-08,240,0,0
2026-01-12,Senin,SKU005,Indomie Goreng,Makanan Instan,pcs,3500,0.0,3500,2850,66,0,231000,42900,587,0,521,0,0,2026-09-08,239,0,0
2026-01-13,Selasa,SKU005,Indomie Goreng,Makanan Instan,pcs,3500,0.0,3500,2850,49,0,171500,31850,521,0,472,0,0,2026-09-08,238,0,0
2026-01-14,Rabu,SKU005,Indomie Goreng,Makanan Instan,pcs,3500,12.0,3100,2850,52,0,161200,13000,472,0,420,0,0,2026-09-08,237,0,0
2026-01-15,Kamis,SKU005,Indomie Goreng,Makanan Instan,pcs,3500,0.0,3500,2850,75,0,262500,48750,420,0,345,0,0,2026-09-08,236,0,0
2026-01-16,Jumat,SKU005,Indomie Goreng,Makanan Instan,pcs,3500,17.09,2900,2850,116,0,336400,5800,345,0,229,0,0,2026-09-08,235,0,0
2026-01-17,Sabtu,SKU005,Indomie Goreng,Makanan Instan,pcs,3500,0.0,3500,2850,109,0,381500,70850,229,0,120,500,0,2026-09-08,234,0,0
2026-01-18,Minggu,SKU005,Indomie Goreng,Makanan Instan,pcs,3500,0.0,3500,2850,70,0,245000,45500,120,0,50,0,0,2026-09-08,233,0,0
2026-01-19,Senin,SKU005,Indomie Goreng,Makanan Instan,pcs,3500,0.0,3500,2850,63,0,220500,40950,550,500,487,0,0,2026-09-16,240,0,0
2026-01-20,Selasa,SKU005,Indomie Goreng,Makanan Instan,pcs,3500,12.0,3100,2850,67,0,207700,16750,487,0,420,0,0,2026-09-16,239,0,0
2026-01-21,Rabu,SKU005,Indomie Goreng,Makanan Instan,pcs,3500,0.0,3500,2850,62,0,217000,40300,420,0,358,0,0,2026-09-16,238,0,0
2026-01-22,Kamis,SKU005,Indomie Goreng,Makanan Instan,pcs,3500,0.0,3500,2850,57,0,199500,37050,358,0,301,0,0,2026-09-16,237,0,0
2026-01-23,Jumat,SKU005,Indomie Goreng,Makanan Instan,pcs,3500,0.0,3500,2850,83,0,290500,53950,301,0,218,0,0,2026-09-16,236,0,0
2026-01-24,Sabtu,SKU005,Indomie Goreng,Makanan Instan,pcs,3500,12.0,3100,2850,75,0,232500,18750,218,0,143,500,0,2026-09-16,235,0,0
2026-01-25,Minggu,SKU005,Indomie Goreng,Makanan Instan,pcs,3500,0.0,3500,2850,122,0,427000,79300,143,0,21,0,0,2026-09-16,234,1,0
2026-01-26,Senin,SKU005,Indomie Goreng,Makanan Instan,pcs,3500,17.09,2900,2850,75,0,217500,3750,521,500,446,0,0,2026-09-23,240,1,0
2026-01-27,Selasa,SKU005,Indomie Goreng,Makanan Instan,pcs,3500,0.0,3500,2850,59,0,206500,38350,446,0,387,0,0,2026-09-23,239,1,0
2026-01-28,Rabu,SKU005,Indomie Goreng,Makanan Instan,pcs,3500,0.0,3500,2850,77,0,269500,50050,387,0,310,0,0,2026-09-23,238,1,0
2026-01-29,Kamis,SKU005,Indomie Goreng,Makanan Instan,pcs,3500,0.0,3500,2850,98,0,343000,63700,310,0,212,0,0,2026-09-23,237,1,0
2026-01-30,Jumat,SKU005,Indomie Goreng,Makanan Instan,pcs,3500,17.09,2900,2850,107,0,310300,5350,212,0,105,500,0,2026-09-23,236,1,0
2026-01-31,Sabtu,SKU005,Indomie Goreng,Makanan Instan,pcs,3500,0.0,3500,2850,108,0,378000,70200,605,500,497,0,0,2026-09-28,240,1,0
2026-02-01,Minggu,SKU005,Indomie Goreng,Makanan Instan,pcs,3500,17.09,2900,2850,155,0,449500,7750,497,0,342,0,0,2026-09-28,239,1,0
2026-02-02,Senin,SKU005,Indomie Goreng,Makanan Instan,pcs,3500,0.0,3500,2850,66,0,231000,42900,342,0,276,0,0,2026-09-28,238,1,0
2026-02-03,Selasa,SKU005,Indomie Goreng,Makanan Instan,pcs,3500,0.0,3500,2850,87,0,304500,56550,276,0,189,0,0,2026-09-28,237,1,0
2026-02-04,Rabu,SKU005,Indomie Goreng,Makanan Instan,pcs,3500,0.0,3500,2850,89,0,311500,57850,189,0,100,500,0,2026-09-28,236,1,0
2026-02-05,Kamis,SKU005,Indomie Goreng,Makanan Instan,pcs,3500,0.0,3500,2850,65,0,227500,42250,600,500,535,0,0,2026-10-03,240,1,0
2026-02-06,Jumat,SKU005,Indomie Goreng,Makanan Instan,pcs,3500,8.0,3200,2850,78,0,249600,27300,535,0,457,0,0,2026-10-03,239,0,0
2026-02-07,Sabtu,SKU005,Indomie Goreng,Makanan Instan,pcs,3500,0.0,3500,2850,71,0,248500,46150,457,0,386,0,0,2026-10-03,238,0,0
2026-02-08,Minggu,SKU005,Indomie Goreng,Makanan Instan,pcs,3500,0.0,3500,2850,85,0,297500,55250,386,0,301,0,0,2026-10-03,237,0,0
2026-02-09,Senin,SKU005,Indomie Goreng,Makanan Instan,pcs,3500,0.0,3500,2850,58,0,203000,37700,301,0,243,0,0,2026-10-03,236,0,0
2026-02-10,Selasa,SKU005,Indomie Goreng,Makanan Instan,pcs,3500,0.0,3500,2850,71,0,248500,46150,243,0,172,0,0,2026-10-03,235,0,0
2026-02-11,Rabu,SKU005,Indomie Goreng,Makanan Instan,pcs,3500,0.0,3500,2850,47,0,164500,30550,172,0,125,500,0,2026-10-03,234,0,0
2026-02-12,Kamis,SKU005,Indomie Goreng,Makanan Instan,pcs,3500,5.0,3300,2850,70,0,231000,31500,125,0,55,0,0,2026-10-03,233,0,0
2026-02-13,Jumat,SKU005,Indomie Goreng,Makanan Instan,pcs,3500,0.0,3500,2850,75,0,262500,48750,555,500,480,0,0,2026-10-11,240,0,0
2026-02-14,Sabtu,SKU005,Indomie Goreng,Makanan Instan,pcs,3500,0.0,3500,2850,98,0,343000,63700,480,0,382,0,0,2026-10-11,239,0,0
2026-02-15,Minggu,SKU005,Indomie Goreng,Makanan Instan,pcs,3500,17.09,2900,2850,88,0,255200,4400,382,0,294,0,0,2026-10-11,238,0,0
2026-02-16,Senin,SKU005,Indomie Goreng,Makanan Instan,pcs,3500,0.0,3500,2850,66,0,231000,42900,294,0,228,0,0,2026-10-11,237,0,0
2026-02-17,Selasa,SKU005,Indomie Goreng,Makanan Instan,pcs,3500,0.0,3500,2850,38,0,133000,24700,228,0,190,0,0,2026-10-11,236,0,1
2026-02-18,Rabu,SKU005,Indomie Goreng,Makanan Instan,pcs,3500,10.0,3200,2850,59,0,188800,20650,190,0,131,500,0,2026-10-11,235,0,1
2026-02-19,Kamis,SKU005,Indomie Goreng,Makanan Instan,pcs,3500,15.0,3000,2850,75,0,225000,11250,631,500,556,0,0,2026-10-17,240,0,1
2026-02-20,Jumat,SKU005,Indomie Goreng,Makanan Instan,pcs,3500,0.0,3500,2850,78,0,273000,50700,556,0,478,0,0,2026-10-17,239,0,1
2026-02-21,Sabtu,SKU005,Indomie Goreng,Makanan Instan,pcs,3500,0.0,3500,2850,91,0,318500,59150,478,0,387,0,0,2026-10-17,238,0,1
2026-02-22,Minggu,SKU005,Indomie Goreng,Makanan Instan,pcs,3500,0.0,3500,2850,90,0,315000,58500,387,0,297,0,0,2026-10-17,237,0,1
2026-02-23,Senin,SKU005,Indomie Goreng,Makanan Instan,pcs,3500,12.0,3100,2850,58,0,179800,14500,297,0,239,0,0,2026-10-17,236,0,1
2026-02-24,Selasa,SKU005,Indomie Goreng,Makanan Instan,pcs,3500,17.09,2900,2850,74,0,214600,3700,239,0,165,500,0,2026-10-17,235,0,1
2026-02-25,Rabu,SKU005,Indomie Goreng,Makanan Instan,pcs,3500,0.0,3500,2850,78,0,273000,50700,165,0,87,0,0,2026-10-17,234,1,1
2026-02-26,Kamis,SKU005,Indomie Goreng,Makanan Instan,pcs,3500,17.09,2900,2850,87,46,252300,4350,87,0,0,0,0,2026-10-17,233,1,1
2026-02-27,Jumat,SKU005,Indomie Goreng,Makanan Instan,pcs,3500,0.0,3500,2850,112,0,392000,72800,500,500,388,0,0,2026-10-25,240,1,1
2026-02-28,Sabtu,SKU005,Indomie Goreng,Makanan Instan,pcs,3500,0.0,3500,2850,124,0,434000,80600,388,0,264,0,0,2026-10-25,239,1,1
2026-03-01,Minggu,SKU005,Indomie Goreng,Makanan Instan,pcs,3500,0.0,3500,2850,134,0,469000,87100,264,0,130,500,0,2026-10-25,238,1,1
2026-03-02,Senin,SKU005,Indomie Goreng,Makanan Instan,pcs,3500,0.0,3500,2850,64,0,224000,41600,130,0,66,0,0,2026-10-25,237,1,1
2026-03-03,Selasa,SKU005,Indomie Goreng,Makanan Instan,pcs,3500,17.09,2900,2850,66,76,191400,3300,66,0,0,0,0,2026-10-25,236,1,1
2026-03-04,Rabu,SKU005,Indomie Goreng,Makanan Instan,pcs,3500,0.0,3500,2850,118,0,413000,76700,500,500,382,0,0,2026-10-30,240,1,1
2026-03-05,Kamis,SKU005,Indomie Goreng,Makanan Instan,pcs,3500,0.0,3500,2850,89,0,311500,57850,382,0,293,0,0,2026-10-30,239,1,1
2026-03-06,Jumat,SKU005,Indomie Goreng,Makanan Instan,pcs,3500,10.0,3200,2850,105,0,336000,36750,293,0,188,0,0,2026-10-30,238,0,1
2026-03-07,Sabtu,SKU005,Indomie Goreng,Makanan Instan,pcs,3500,0.0,3500,2850,145,0,507500,94250,188,0,43,500,0,2026-10-30,237,0,1
2026-03-08,Minggu,SKU005,Indomie Goreng,Makanan Instan,pcs,3500,0.0,3500,2850,43,68,150500,27950,43,0,0,0,0,2026-10-30,236,0,1
2026-03-09,Senin,SKU005,Indomie Goreng,Makanan Instan,pcs,3500,0.0,3500,2850,77,0,269500,50050,500,500,423,0,0,2026-11-04,240,0,1
2026-03-10,Selasa,SKU005,Indomie Goreng,Makanan Instan,pcs,3500,8.0,3200,2850,67,0,214400,23450,423,0,356,0,0,2026-11-04,239,0,1
2026-03-11,Rabu,SKU005,Indomie Goreng,Makanan Instan,pcs,3500,0.0,3500,2850,72,0,252000,46800,356,0,284,0,0,2026-11-04,238,0,1
2026-03-12,Kamis,SKU005,Indomie Goreng,Makanan Instan,pcs,3500,17.09,2900,2850,78,0,226200,3900,284,0,206,0,0,2026-11-04,237,0,1
2026-03-13,Jumat,SKU005,Indomie Goreng,Makanan Instan,pcs,3500,0.0,3500,2850,80,0,280000,52000,206,0,126,500,0,2026-11-04,236,0,1
2026-03-14,Sabtu,SKU005,Indomie Goreng,Makanan Instan,pcs,3500,0.0,3500,2850,126,15,441000,81900,126,0,0,0,0,2026-11-04,235,0,1
2026-03-15,Minggu,SKU005,Indomie Goreng,Makanan Instan,pcs,3500,10.0,3200,2850,0,67,0,0,0,0,0,0,0,2026-11-04,234,0,1
2026-03-16,Senin,SKU005,Indomie Goreng,Makanan Instan,pcs,3500,17.09,2900,2850,85,0,246500,4250,500,500,415,0,0,2026-11-11,240,0,1
2026-03-17,Selasa,SKU005,Indomie Goreng,Makanan Instan,pcs,3500,17.09,2900,2850,80,0,232000,4000,415,0,335,0,0,2026-11-11,239,0,1
2026-03-18,Rabu,SKU005,Indomie Goreng,Makanan Instan,pcs,3500,0.0,3500,2850,64,0,224000,41600,335,0,271,0,0,2026-11-11,238,0,1
2026-03-19,Kamis,SKU005,Indomie Goreng,Makanan Instan,pcs,3500,17.09,2900,2850,67,0,194300,3350,271,0,204,0,0,2026-11-11,237,0,1
2026-03-20,Jumat,SKU005,Indomie Goreng,Makanan Instan,pcs,3500,0.0,3500,2850,54,0,189000,35100,204,0,150,1100,0,2026-11-11,236,0,0
2026-03-21,Sabtu,SKU005,Indomie Goreng,Makanan Instan,pcs,3500,0.0,3500,2850,33,0,115500,21450,150,0,117,0,0,2026-11-11,235,0,0
2026-03-22,Minggu,SKU005,Indomie Goreng,Makanan Instan,pcs,3500,0.0,3500,2850,36,0,126000,23400,1217,1100,1181,0,0,2026-11-17,240,0,0
2026-03-23,Senin,SKU005,Indomie Goreng,Makanan Instan,pcs,3500,0.0,3500,2850,25,0,87500,16250,1181,0,1156,0,0,2026-11-17,239,0,0
2026-03-24,Selasa,SKU005,Indomie Goreng,Makanan Instan,pcs,3500,0.0,3500,2850,45,0,157500,29250,1156,0,1111,0,0,2026-11-17,238,0,0
2026-03-25,Rabu,SKU005,Indomie Goreng,Makanan Instan,pcs,3500,0.0,3500,2850,65,0,227500,42250,1111,0,1046,0,0,2026-11-17,237,1,0
2026-03-26,Kamis,SKU005,Indomie Goreng,Makanan Instan,pcs,3500,0.0,3500,2850,54,0,189000,35100,1046,0,992,0,0,2026-11-17,236,1,0
2026-03-27,Jumat,SKU005,Indomie Goreng,Makanan Instan,pcs,3500,0.0,3500,2850,121,0,423500,78650,992,0,871,0,0,2026-11-17,235,1,0
2026-03-28,Sabtu,SKU005,Indomie Goreng,Makanan Instan,pcs,3500,5.0,3300,2850,115,0,379500,51750,871,0,756,0,0,2026-11-17,234,1,0
2026-03-29,Minggu,SKU005,Indomie Goreng,Makanan Instan,pcs,3500,0.0,3500,2850,111,0,388500,72150,756,0,645,0,0,2026-11-17,233,1,0
2026-03-30,Senin,SKU005,Indomie Goreng,Makanan Instan,pcs,3500,0.0,3500,2850,94,0,329000,61100,645,0,551,0,0,2026-11-17,232,1,0
2026-03-31,Selasa,SKU005,Indomie Goreng,Makanan Instan,pcs,3500,0.0,3500,2850,98,0,343000,63700,551,0,453,0,0,2026-11-17,231,1,0
2026-04-01,Rabu,SKU005,Indomie Goreng,Makanan Instan,pcs,3500,0.0,3500,2850,71,0,248500,46150,453,0,382,0,0,2026-11-17,230,1,0
2026-04-02,Kamis,SKU005,Indomie Goreng,Makanan Instan,pcs,3500,0.0,3500,2850,78,0,273000,50700,382,0,304,0,0,2026-11-17,229,1,0
2026-04-03,Jumat,SKU005,Indomie Goreng,Makanan Instan,pcs,3500,0.0,3500,2850,107,0,374500,69550,304,0,197,0,0,2026-11-17,228,1,0
2026-04-04,Sabtu,SKU005,Indomie Goreng,Makanan Instan,pcs,3500,17.09,2900,2850,149,0,432100,7450,197,0,48,500,0,2026-11-17,227,1,0
2026-04-05,Minggu,SKU005,Indomie Goreng,Makanan Instan,pcs,3500,0.0,3500,2850,95,0,332500,61750,548,500,453,0,0,2026-12-01,240,1,0
2026-04-06,Senin,SKU005,Indomie Goreng,Makanan Instan,pcs,3500,0.0,3500,2850,59,0,206500,38350,453,0,394,0,0,2026-12-01,239,0,0
2026-04-07,Selasa,SKU005,Indomie Goreng,Makanan Instan,pcs,3500,0.0,3500,2850,78,0,273000,50700,394,0,316,0,0,2026-12-01,238,0,0
2026-04-08,Rabu,SKU005,Indomie Goreng,Makanan Instan,pcs,3500,0.0,3500,2850,73,0,255500,47450,316,0,243,0,0,2026-12-01,237,0,0
2026-04-09,Kamis,SKU005,Indomie Goreng,Makanan Instan,pcs,3500,0.0,3500,2850,102,0,357000,66300,243,0,141,500,0,2026-12-01,236,0,0
2026-04-10,Jumat,SKU005,Indomie Goreng,Makanan Instan,pcs,3500,0.0,3500,2850,84,0,294000,54600,141,0,57,0,0,2026-12-01,235,0,0
2026-04-11,Sabtu,SKU005,Indomie Goreng,Makanan Instan,pcs,3500,0.0,3500,2850,103,0,360500,66950,557,500,454,0,0,2026-12-07,240,0,0
2026-04-12,Minggu,SKU005,Indomie Goreng,Makanan Instan,pcs,3500,17.09,2900,2850,94,0,272600,4700,454,0,360,0,0,2026-12-07,239,0,0
2026-04-13,Senin,SKU005,Indomie Goreng,Makanan Instan,pcs,3500,0.0,3500,2850,78,0,273000,50700,360,0,282,0,0,2026-12-07,238,0,0
2026-04-14,Selasa,SKU005,Indomie Goreng,Makanan Instan,pcs,3500,0.0,3500,2850,49,0,171500,31850,282,0,233,0,0,2026-12-07,237,0,0
2026-04-15,Rabu,SKU005,Indomie Goreng,Makanan Instan,pcs,3500,0.0,3500,2850,55,0,192500,35750,233,0,178,0,0,2026-12-07,236,0,0
2026-04-16,Kamis,SKU005,Indomie Goreng,Makanan Instan,pcs,3500,0.0,3500,2850,62,0,217000,40300,178,0,116,500,0,2026-12-07,235,0,0
2026-04-17,Jumat,SKU005,Indomie Goreng,Makanan Instan,pcs,3500,15.0,3000,2850,82,0,246000,12300,116,0,34,0,0,2026-12-07,234,0,0
2026-04-18,Sabtu,SKU005,Indomie Goreng,Makanan Instan,pcs,3500,0.0,3500,2850,34,61,119000,22100,34,0,0,0,0,2026-12-07,233,0,0
2026-04-19,Minggu,SKU005,Indomie Goreng,Makanan Instan,pcs,3500,5.0,3300,2850,57,0,188100,25650,500,500,443,0,0,2026-12-15,240,0,0
2026-04-20,Senin,SKU005,Indomie Goreng,Makanan Instan,pcs,3500,0.0,3500,2850,55,0,192500,35750,443,0,388,0,0,2026-12-15,239,0,0
2026-04-21,Selasa,SKU005,Indomie Goreng,Makanan Instan,pcs,3500,8.0,3200,2850,51,0,163200,17850,388,0,337,0,0,2026-12-15,238,0,0
2026-04-22,Rabu,SKU005,Indomie Goreng,Makanan Instan,pcs,3500,0.0,3500,2850,73,0,255500,47450,337,0,264,0,0,2026-12-15,237,0,0
2026-04-23,Kamis,SKU005,Indomie Goreng,Makanan Instan,pcs,3500,0.0,3500,2850,94,0,329000,61100,264,0,170,500,0,2026-12-15,236,0,0
2026-04-24,Jumat,SKU005,Indomie Goreng,Makanan Instan,pcs,3500,0.0,3500,2850,79,0,276500,51350,170,0,91,0,0,2026-12-15,235,0,0
2026-04-25,Sabtu,SKU005,Indomie Goreng,Makanan Instan,pcs,3500,0.0,3500,2850,91,28,318500,59150,91,0,0,0,0,2026-12-15,234,1,0
2026-04-26,Minggu,SKU005,Indomie Goreng,Makanan Instan,pcs,3500,17.09,2900,2850,104,0,301600,5200,500,500,396,0,0,2026-12-22,240,1,0
2026-04-27,Senin,SKU005,Indomie Goreng,Makanan Instan,pcs,3500,0.0,3500,2850,70,0,245000,45500,396,0,326,0,0,2026-12-22,239,1,0
2026-04-28,Selasa,SKU005,Indomie Goreng,Makanan Instan,pcs,3500,0.0,3500,2850,65,0,227500,42250,326,0,261,0,0,2026-12-22,238,1,0
2026-04-29,Rabu,SKU005,Indomie Goreng,Makanan Instan,pcs,3500,8.0,3200,2850,92,0,294400,32200,261,0,169,500,0,2026-12-22,237,1,0
2026-04-30,Kamis,SKU005,Indomie Goreng,Makanan Instan,pcs,3500,0.0,3500,2850,85,0,297500,55250,169,0,84,0,0,2026-12-22,236,1,0
2026-05-01,Jumat,SKU005,Indomie Goreng,Makanan Instan,pcs,3500,17.09,2900,2850,102,0,295800,5100,584,500,482,0,0,2026-12-27,240,1,0
2026-05-02,Sabtu,SKU005,Indomie Goreng,Makanan Instan,pcs,3500,0.0,3500,2850,108,0,378000,70200,482,0,374,0,0,2026-12-27,239,1,0
2026-05-03,Minggu,SKU005,Indomie Goreng,Makanan Instan,pcs,3500,0.0,3500,2850,129,0,451500,83850,374,0,245,0,0,2026-12-27,238,1,0
2026-05-04,Senin,SKU005,Indomie Goreng,Makanan Instan,pcs,3500,0.0,3500,2850,61,0,213500,39650,245,0,184,0,0,2026-12-27,237,1,0
2026-05-05,Selasa,SKU005,Indomie Goreng,Makanan Instan,pcs,3500,0.0,3500,2850,68,0,238000,44200,184,0,116,500,0,2026-12-27,236,1,0
2026-05-06,Rabu,SKU005,Indomie Goreng,Makanan Instan,pcs,3500,10.0,3200,2850,68,0,217600,23800,116,0,48,0,0,2026-12-27,235,0,0
2026-05-07,Kamis,SKU005,Indomie Goreng,Makanan Instan,pcs,3500,0.0,3500,2850,48,10,168000,31200,48,0,0,0,0,2026-12-27,234,0,0
2026-05-08,Jumat,SKU005,Indomie Goreng,Makanan Instan,pcs,3500,17.09,2900,2850,104,0,301600,5200,500,500,396,0,0,2027-01-03,240,0,0
2026-05-09,Sabtu,SKU005,Indomie Goreng,Makanan Instan,pcs,3500,0.0,3500,2850,92,0,322000,59800,396,0,304,0,0,2027-01-03,239,0,0
2026-05-10,Minggu,SKU005,Indomie Goreng,Makanan Instan,pcs,3500,15.0,3000,2850,102,0,306000,15300,304,0,202,0,0,2027-01-03,238,0,0
2026-05-11,Senin,SKU005,Indomie Goreng,Makanan Instan,pcs,3500,0.0,3500,2850,57,0,199500,37050,202,0,145,500,0,2027-01-03,237,0,0
2026-05-12,Selasa,SKU005,Indomie Goreng,Makanan Instan,pcs,3500,0.0,3500,2850,34,0,119000,22100,145,0,111,0,0,2027-01-03,236,0,0
2026-05-13,Rabu,SKU005,Indomie Goreng,Makanan Instan,pcs,3500,8.0,3200,2850,86,0,275200,30100,611,500,525,0,0,2027-01-08,240,0,0
2026-05-14,Kamis,SKU005,Indomie Goreng,Makanan Instan,pcs,3500,17.09,2900,2850,101,0,292900,5050,525,0,424,0,0,2027-01-08,239,0,0
2026-05-15,Jumat,SKU005,Indomie Goreng,Makanan Instan,pcs,3500,0.0,3500,2850,84,0,294000,54600,424,0,340,0,0,2027-01-08,238,0,0
2026-05-16,Sabtu,SKU005,Indomie Goreng,Makanan Instan,pcs,3500,17.09,2900,2850,131,0,379900,6550,340,0,209,0,0,2027-01-08,237,0,0
2026-05-17,Minggu,SKU005,Indomie Goreng,Makanan Instan,pcs,3500,0.0,3500,2850,77,0,269500,50050,209,0,132,500,0,2027-01-08,236,0,0
2026-05-18,Senin,SKU005,Indomie Goreng,Makanan Instan,pcs,3500,0.0,3500,2850,70,0,245000,45500,132,0,62,0,0,2027-01-08,235,0,0
2026-05-19,Selasa,SKU005,Indomie Goreng,Makanan Instan,pcs,3500,17.09,2900,2850,62,7,179800,3100,62,0,0,0,0,2027-01-08,234,0,0
2026-05-20,Rabu,SKU005,Indomie Goreng,Makanan Instan,pcs,3500,0.0,3500,2850,56,0,196000,36400,500,500,444,0,0,2027-01-15,240,0,0
2026-05-21,Kamis,SKU005,Indomie Goreng,Makanan Instan,pcs,3500,0.0,3500,2850,67,0,234500,43550,444,0,377,0,0,2027-01-15,239,0,0
2026-05-22,Jumat,SKU005,Indomie Goreng,Makanan Instan,pcs,3500,17.09,2900,2850,112,0,324800,5600,377,0,265,0,0,2027-01-15,238,0,0
2026-05-23,Sabtu,SKU005,Indomie Goreng,Makanan Instan,pcs,3500,5.0,3300,2850,84,0,277200,37800,265,0,181,0,0,2027-01-15,237,0,0
2026-05-24,Minggu,SKU005,Indomie Goreng,Makanan Instan,pcs,3500,0.0,3500,2850,99,0,346500,64350,181,0,82,1100,0,2027-01-15,236,0,0
2026-05-25,Senin,SKU005,Indomie Goreng,Makanan Instan,pcs,3500,0.0,3500,2850,82,14,287000,53300,82,0,0,0,0,2027-01-15,235,1,0
2026-05-26,Selasa,SKU005,Indomie Goreng,Makanan Instan,pcs,3500,0.0,3500,2850,91,0,318500,59150,1100,1100,1009,0,0,2027-01-21,240,1,0
2026-05-27,Rabu,SKU005,Indomie Goreng,Makanan Instan,pcs,3500,0.0,3500,2850,112,0,392000,72800,1009,0,897,0,0,2027-01-21,239,1,0
2026-05-28,Kamis,SKU005,Indomie Goreng,Makanan Instan,pcs,3500,5.0,3300,2850,95,0,313500,42750,897,0,802,0,0,2027-01-21,238,1,0
2026-05-29,Jumat,SKU005,Indomie Goreng,Makanan Instan,pcs,3500,0.0,3500,2850,98,0,343000,63700,802,0,704,0,0,2027-01-21,237,1,0
2026-05-30,Sabtu,SKU005,Indomie Goreng,Makanan Instan,pcs,3500,15.0,3000,2850,124,0,372000,18600,704,0,580,0,0,2027-01-21,236,1,0
2026-05-31,Minggu,SKU005,Indomie Goreng,Makanan Instan,pcs,3500,0.0,3500,2850,119,0,416500,77350,580,0,461,0,0,2027-01-21,235,1,0
2026-06-01,Senin,SKU005,Indomie Goreng,Makanan Instan,pcs,3500,0.0,3500,2850,101,0,353500,65650,461,0,360,0,0,2027-01-21,234,1,0
2026-06-02,Selasa,SKU005,Indomie Goreng,Makanan Instan,pcs,3500,0.0,3500,2850,67,0,234500,43550,360,0,293,0,0,2027-01-21,233,1,0
2026-06-03,Rabu,SKU005,Indomie Goreng,Makanan Instan,pcs,3500,8.0,3200,2850,104,0,332800,36400,293,0,189,0,0,2027-01-21,232,1,0
2026-06-04,Kamis,SKU005,Indomie Goreng,Makanan Instan,pcs,3500,0.0,3500,2850,102,0,357000,66300,189,0,87,500,0,2027-01-21,231,1,0
2026-06-05,Jumat,SKU005,Indomie Goreng,Makanan Instan,pcs,3500,15.0,3000,2850,80,0,240000,12000,87,0,7,0,0,2027-01-21,230,1,0
2026-06-06,Sabtu,SKU005,Indomie Goreng,Makanan Instan,pcs,3500,0.0,3500,2850,93,0,325500,60450,507,500,414,0,0,2027-02-01,240,0,0
2026-06-07,Minggu,SKU005,Indomie Goreng,Makanan Instan,pcs,3500,0.0,3500,2850,88,0,308000,57200,414,0,326,0,0,2027-02-01,239,0,0
2026-06-08,Senin,SKU005,Indomie Goreng,Makanan Instan,pcs,3500,17.09,2900,2850,51,0,147900,2550,326,0,275,0,0,2027-02-01,238,0,0
2026-06-09,Selasa,SKU005,Indomie Goreng,Makanan Instan,pcs,3500,0.0,3500,2850,58,0,203000,37700,275,0,217,0,0,2027-02-01,237,0,0
2026-06-10,Rabu,SKU005,Indomie Goreng,Makanan Instan,pcs,3500,0.0,3500,2850,73,0,255500,47450,217,0,144,500,0,2027-02-01,236,0,0
2026-06-11,Kamis,SKU005,Indomie Goreng,Makanan Instan,pcs,3500,0.0,3500,2850,66,0,231000,42900,144,0,78,0,0,2027-02-01,235,0,0
2026-06-12,Jumat,SKU005,Indomie Goreng,Makanan Instan,pcs,3500,0.0,3500,2850,72,0,252000,46800,578,500,506,0,0,2027-02-07,240,0,0
2026-06-13,Sabtu,SKU005,Indomie Goreng,Makanan Instan,pcs,3500,0.0,3500,2850,66,0,231000,42900,506,0,440,0,0,2027-02-07,239,0,0
2026-06-14,Minggu,SKU005,Indomie Goreng,Makanan Instan,pcs,3500,0.0,3500,2850,70,0,245000,45500,440,0,370,0,0,2027-02-07,238,0,0
2026-06-15,Senin,SKU005,Indomie Goreng,Makanan Instan,pcs,3500,0.0,3500,2850,47,0,164500,30550,370,0,323,0,0,2027-02-07,237,0,0
2026-06-16,Selasa,SKU005,Indomie Goreng,Makanan Instan,pcs,3500,12.0,3100,2850,67,0,207700,16750,323,0,256,0,0,2027-02-07,236,0,0
2026-06-17,Rabu,SKU005,Indomie Goreng,Makanan Instan,pcs,3500,0.0,3500,2850,65,0,227500,42250,256,0,191,0,0,2027-02-07,235,0,0
2026-06-18,Kamis,SKU005,Indomie Goreng,Makanan Instan,pcs,3500,0.0,3500,2850,74,0,259000,48100,191,0,117,500,0,2027-02-07,234,0,0
2026-06-19,Jumat,SKU005,Indomie Goreng,Makanan Instan,pcs,3500,0.0,3500,2850,73,0,255500,47450,117,0,44,0,0,2027-02-07,233,0,0
2026-06-20,Sabtu,SKU005,Indomie Goreng,Makanan Instan,pcs,3500,0.0,3500,2850,82,0,287000,53300,544,500,462,0,0,2027-02-15,240,0,0
2026-06-21,Minggu,SKU005,Indomie Goreng,Makanan Instan,pcs,3500,8.0,3200,2850,125,0,400000,43750,462,0,337,0,0,2027-02-15,239,0,0
2026-06-22,Senin,SKU005,Indomie Goreng,Makanan Instan,pcs,3500,0.0,3500,2850,60,0,210000,39000,337,0,277,0,0,2027-02-15,238,0,0
2026-06-23,Selasa,SKU005,Indomie Goreng,Makanan Instan,pcs,3500,17.09,2900,2850,55,0,159500,2750,277,0,222,0,0,2027-02-15,237,0,0
2026-06-24,Rabu,SKU005,Indomie Goreng,Makanan Instan,pcs,3500,0.0,3500,2850,57,0,199500,37050,222,0,165,500,0,2027-02-15,236,0,0
2026-06-25,Kamis,SKU005,Indomie Goreng,Makanan Instan,pcs,3500,10.0,3200,2850,106,0,339200,37100,165,0,59,0,0,2027-02-15,235,1,0
2026-06-26,Jumat,SKU005,Indomie Goreng,Makanan Instan,pcs,3500,0.0,3500,2850,91,0,318500,59150,559,500,468,0,0,2027-02-21,240,1,0
2026-06-27,Sabtu,SKU005,Indomie Goreng,Makanan Instan,pcs,3500,0.0,3500,2850,140,0,490000,91000,468,0,328,0,0,2027-02-21,239,1,0
2026-06-28,Minggu,SKU005,Indomie Goreng,Makanan Instan,pcs,3500,0.0,3500,2850,70,0,245000,45500,328,0,258,0,0,2027-02-21,238,1,0
2026-06-29,Senin,SKU005,Indomie Goreng,Makanan Instan,pcs,3500,17.09,2900,2850,119,0,345100,5950,258,0,139,500,0,2027-02-21,237,1,0
2026-06-30,Selasa,SKU005,Indomie Goreng,Makanan Instan,pcs,3500,0.0,3500,2850,93,0,325500,60450,139,0,46,0,0,2027-02-21,236,1,0
2026-07-01,Rabu,SKU005,Indomie Goreng,Makanan Instan,pcs,3500,0.0,3500,2850,46,34,161000,29900,46,0,0,0,0,2027-02-21,235,1,0
2026-07-02,Kamis,SKU005,Indomie Goreng,Makanan Instan,pcs,3500,5.0,3300,2850,107,0,353100,48150,500,500,393,0,0,2027-02-27,240,1,0
2026-07-03,Jumat,SKU005,Indomie Goreng,Makanan Instan,pcs,3500,0.0,3500,2850,87,0,304500,56550,393,0,306,0,0,2027-02-27,239,1,0
2026-07-04,Sabtu,SKU005,Indomie Goreng,Makanan Instan,pcs,3500,17.09,2900,2850,140,0,406000,7000,306,0,166,500,0,2027-02-27,238,1,0
2026-07-05,Minggu,SKU005,Indomie Goreng,Makanan Instan,pcs,3500,17.09,2900,2850,140,0,406000,7000,166,0,26,0,0,2027-02-27,237,1,0
2026-07-06,Senin,SKU005,Indomie Goreng,Makanan Instan,pcs,3500,0.0,3500,2850,84,0,294000,54600,526,500,442,0,0,2027-03-03,240,0,0
2026-07-07,Selasa,SKU005,Indomie Goreng,Makanan Instan,pcs,3500,17.09,2900,2850,93,0,269700,4650,442,0,349,0,0,2027-03-03,239,0,0
2026-07-08,Rabu,SKU005,Indomie Goreng,Makanan Instan,pcs,3500,17.09,2900,2850,73,0,211700,3650,349,0,276,0,0,2027-03-03,238,0,0
2026-07-09,Kamis,SKU005,Indomie Goreng,Makanan Instan,pcs,3500,0.0,3500,2850,79,0,276500,51350,276,0,197,0,0,2027-03-03,237,0,0
2026-07-10,Jumat,SKU005,Indomie Goreng,Makanan Instan,pcs,3500,17.09,2900,2850,108,0,313200,5400,197,0,89,500,0,2027-03-03,236,0,0
2026-07-11,Sabtu,SKU005,Indomie Goreng,Makanan Instan,pcs,3500,0.0,3500,2850,89,5,311500,57850,89,0,0,0,0,2027-03-03,235,0,0
2026-07-12,Minggu,SKU005,Indomie Goreng,Makanan Instan,pcs,3500,0.0,3500,2850,66,0,231000,42900,500,500,434,0,0,2027-03-09,240,0,0
2026-07-13,Senin,SKU005,Indomie Goreng,Makanan Instan,pcs,3500,0.0,3500,2850,62,0,217000,40300,434,0,372,0,0,2027-03-09,239,0,0
2026-07-14,Selasa,SKU005,Indomie Goreng,Makanan Instan,pcs,3500,15.0,3000,2850,55,0,165000,8250,372,0,317,0,0,2027-03-09,238,0,0
2026-07-15,Rabu,SKU005,Indomie Goreng,Makanan Instan,pcs,3500,0.0,3500,2850,64,0,224000,41600,317,0,253,0,0,2027-03-09,237,0,0
2026-07-16,Kamis,SKU005,Indomie Goreng,Makanan Instan,pcs,3500,17.09,2900,2850,84,0,243600,4200,253,0,169,500,0,2027-03-09,236,0,0
2026-07-17,Jumat,SKU005,Indomie Goreng,Makanan Instan,pcs,3500,0.0,3500,2850,101,0,353500,65650,169,0,68,0,0,2027-03-09,235,0,0
2026-07-18,Sabtu,SKU005,Indomie Goreng,Makanan Instan,pcs,3500,0.0,3500,2850,103,0,360500,66950,568,500,465,0,0,2027-03-15,240,0,0
2026-07-19,Minggu,SKU005,Indomie Goreng,Makanan Instan,pcs,3500,0.0,3500,2850,91,0,318500,59150,465,0,374,0,0,2027-03-15,239,0,0
2026-07-20,Senin,SKU005,Indomie Goreng,Makanan Instan,pcs,3500,0.0,3500,2850,60,0,210000,39000,374,0,314,0,0,2027-03-15,238,0,0
2026-07-21,Selasa,SKU005,Indomie Goreng,Makanan Instan,pcs,3500,0.0,3500,2850,96,0,336000,62400,314,0,218,0,0,2027-03-15,237,0,0
2026-07-22,Rabu,SKU005,Indomie Goreng,Makanan Instan,pcs,3500,0.0,3500,2850,80,0,280000,52000,218,0,138,500,0,2027-03-15,236,0,0
2026-07-23,Kamis,SKU005,Indomie Goreng,Makanan Instan,pcs,3500,17.09,2900,2850,92,0,266800,4600,138,0,46,0,0,2027-03-15,235,0,0
2026-07-24,Jumat,SKU005,Indomie Goreng,Makanan Instan,pcs,3500,0.0,3500,2850,46,22,161000,29900,46,0,0,0,0,2027-03-15,234,0,0
2026-07-25,Sabtu,SKU005,Indomie Goreng,Makanan Instan,pcs,3500,0.0,3500,2850,111,0,388500,72150,500,500,389,0,0,2027-03-22,240,1,0
2026-07-26,Minggu,SKU005,Indomie Goreng,Makanan Instan,pcs,3500,0.0,3500,2850,118,0,413000,76700,389,0,271,0,0,2027-03-22,239,1,0
2026-07-27,Senin,SKU005,Indomie Goreng,Makanan Instan,pcs,3500,0.0,3500,2850,90,0,315000,58500,271,0,181,0,0,2027-03-22,238,1,0
2026-07-28,Selasa,SKU005,Indomie Goreng,Makanan Instan,pcs,3500,8.0,3200,2850,106,0,339200,37100,181,0,75,500,0,2027-03-22,237,1,0
2026-07-29,Rabu,SKU005,Indomie Goreng,Makanan Instan,pcs,3500,17.09,2900,2850,87,0,252300,4350,575,500,488,0,0,2027-03-26,240,1,0
2026-07-30,Kamis,SKU005,Indomie Goreng,Makanan Instan,pcs,3500,0.0,3500,2850,76,0,266000,49400,488,0,412,0,0,2027-03-26,239,1,0
2026-07-31,Jumat,SKU005,Indomie Goreng,Makanan Instan,pcs,3500,17.09,2900,2850,174,0,504600,8700,412,0,238,0,0,2027-03-26,238,1,0
2026-08-01,Sabtu,SKU005,Indomie Goreng,Makanan Instan,pcs,3500,0.0,3500,2850,112,0,392000,72800,238,0,126,500,0,2027-03-26,237,1,0
2026-08-02,Minggu,SKU005,Indomie Goreng,Makanan Instan,pcs,3500,0.0,3500,2850,88,0,308000,57200,626,500,538,0,0,2027-03-30,240,1,0
2026-08-03,Senin,SKU005,Indomie Goreng,Makanan Instan,pcs,3500,12.0,3100,2850,87,0,269700,21750,538,0,451,0,0,2027-03-30,239,1,0
2026-08-04,Selasa,SKU005,Indomie Goreng,Makanan Instan,pcs,3500,0.0,3500,2850,68,0,238000,44200,451,0,383,0,0,2027-03-30,238,1,0
2026-08-05,Rabu,SKU005,Indomie Goreng,Makanan Instan,pcs,3500,0.0,3500,2850,53,0,185500,34450,383,0,330,0,0,2027-03-30,237,1,0
2026-08-06,Kamis,SKU005,Indomie Goreng,Makanan Instan,pcs,3500,17.09,2900,2850,118,0,342200,5900,330,0,212,0,0,2027-03-30,236,0,0
2026-08-07,Jumat,SKU005,Indomie Goreng,Makanan Instan,pcs,3500,0.0,3500,2850,119,0,416500,77350,212,0,93,500,0,2027-03-30,235,0,0
2026-08-08,Sabtu,SKU005,Indomie Goreng,Makanan Instan,pcs,3500,15.0,3000,2850,65,0,195000,9750,593,500,528,0,0,2027-04-05,240,0,0
2026-08-09,Minggu,SKU005,Indomie Goreng,Makanan Instan,pcs,3500,0.0,3500,2850,65,0,227500,42250,528,0,463,0,0,2027-04-05,239,0,0
2026-08-10,Senin,SKU005,Indomie Goreng,Makanan Instan,pcs,3500,0.0,3500,2850,55,0,192500,35750,463,0,408,0,0,2027-04-05,238,0,0
2026-08-11,Selasa,SKU005,Indomie Goreng,Makanan Instan,pcs,3500,12.0,3100,2850,65,0,201500,16250,408,0,343,0,0,2027-04-05,237,0,0
2026-08-12,Rabu,SKU005,Indomie Goreng,Makanan Instan,pcs,3500,0.0,3500,2850,65,0,227500,42250,343,0,278,0,0,2027-04-05,236,0,0
2026-08-13,Kamis,SKU005,Indomie Goreng,Makanan Instan,pcs,3500,0.0,3500,2850,53,0,185500,34450,278,0,225,0,0,2027-04-05,235,0,0
2026-08-14,Jumat,SKU005,Indomie Goreng,Makanan Instan,pcs,3500,0.0,3500,2850,85,0,297500,55250,225,0,140,500,0,2027-04-05,234,0,0
2026-08-15,Sabtu,SKU005,Indomie Goreng,Makanan Instan,pcs,3500,0.0,3500,2850,72,0,252000,46800,140,0,68,0,0,2027-04-05,233,0,0
2026-08-16,Minggu,SKU005,Indomie Goreng,Makanan Instan,pcs,3500,0.0,3500,2850,68,15,238000,44200,68,0,0,0,0,2027-04-05,232,0,0
2026-08-17,Senin,SKU005,Indomie Goreng,Makanan Instan,pcs,3500,0.0,3500,2850,57,0,199500,37050,500,500,443,0,0,2027-04-14,240,0,0
2025-08-18,Senin,SKU006,Susu UHT Full Cream 1L,Minuman,kotak,21000,0.0,21000,17500,5,0,105000,17500,62,0,57,0,0,2025-10-27,70,0,0
2025-08-19,Selasa,SKU006,Susu UHT Full Cream 1L,Minuman,kotak,21000,10.0,18900,17500,10,0,189000,14000,57,0,47,0,0,2025-10-27,69,0,0
2025-08-20,Rabu,SKU006,Susu UHT Full Cream 1L,Minuman,kotak,21000,15.33,17800,17500,21,0,373800,6300,47,0,26,90,0,2025-10-27,68,0,0
2025-08-21,Kamis,SKU006,Susu UHT Full Cream 1L,Minuman,kotak,21000,10.0,18900,17500,10,0,189000,14000,116,90,106,0,0,2025-11-19,90,0,0
2025-08-22,Jumat,SKU006,Susu UHT Full Cream 1L,Minuman,kotak,21000,0.0,21000,17500,11,0,231000,38500,106,0,95,0,0,2025-11-19,89,0,0
2025-08-23,Sabtu,SKU006,Susu UHT Full Cream 1L,Minuman,kotak,21000,15.33,17800,17500,18,0,320400,5400,95,0,77,0,0,2025-11-19,88,0,0
2025-08-24,Minggu,SKU006,Susu UHT Full Cream 1L,Minuman,kotak,21000,0.0,21000,17500,16,0,336000,56000,77,0,61,0,0,2025-11-19,87,0,0
2025-08-25,Senin,SKU006,Susu UHT Full Cream 1L,Minuman,kotak,21000,5.0,20000,17500,18,0,360000,45000,61,0,43,0,0,2025-11-19,86,1,0
2025-08-26,Selasa,SKU006,Susu UHT Full Cream 1L,Minuman,kotak,21000,0.0,21000,17500,13,0,273000,45500,43,0,30,90,0,2025-11-19,85,1,0
2025-08-27,Rabu,SKU006,Susu UHT Full Cream 1L,Minuman,kotak,21000,15.0,17800,17500,19,0,338200,5700,30,0,11,0,0,2025-11-19,84,1,0
2025-08-28,Kamis,SKU006,Susu UHT Full Cream 1L,Minuman,kotak,21000,0.0,21000,17500,11,9,231000,38500,11,0,0,0,0,2025-11-19,83,1,0
2025-08-29,Jumat,SKU006,Susu UHT Full Cream 1L,Minuman,kotak,21000,15.33,17800,17500,35,0,623000,10500,90,90,55,0,0,2025-11-27,90,1,0
2025-08-30,Sabtu,SKU006,Susu UHT Full Cream 1L,Minuman,kotak,21000,0.0,21000,17500,13,0,273000,45500,55,0,42,0,0,2025-11-27,89,1,0
2025-08-31,Minggu,SKU006,Susu UHT Full Cream 1L,Minuman,kotak,21000,0.0,21000,17500,18,0,378000,63000,42,0,24,90,0,2025-11-27,88,1,0
2025-09-01,Senin,SKU006,Susu UHT Full Cream 1L,Minuman,kotak,21000,15.0,17800,17500,18,0,320400,5400,114,90,96,0,0,2025-11-30,90,1,0
2025-09-02,Selasa,SKU006,Susu UHT Full Cream 1L,Minuman,kotak,21000,12.0,18500,17500,10,0,185000,10000,96,0,86,0,0,2025-11-30,89,1,0
2025-09-03,Rabu,SKU006,Susu UHT Full Cream 1L,Minuman,kotak,21000,0.0,21000,17500,16,0,336000,56000,86,0,70,0,0,2025-11-30,88,1,0
2025-09-04,Kamis,SKU006,Susu UHT Full Cream 1L,Minuman,kotak,21000,0.0,21000,17500,20,0,420000,70000,70,0,50,0,0,2025-11-30,87,1,0
2025-09-05,Jumat,SKU006,Susu UHT Full Cream 1L,Minuman,kotak,21000,0.0,21000,17500,11,0,231000,38500,50,0,39,0,0,2025-11-30,86,1,0
2025-09-06,Sabtu,SKU006,Susu UHT Full Cream 1L,Minuman,kotak,21000,0.0,21000,17500,14,0,294000,49000,39,0,25,90,0,2025-11-30,85,0,0
2025-09-07,Minggu,SKU006,Susu UHT Full Cream 1L,Minuman,kotak,21000,0.0,21000,17500,12,0,252000,42000,115,90,103,0,0,2025-12-06,90,0,0
2025-09-08,Senin,SKU006,Susu UHT Full Cream 1L,Minuman,kotak,21000,0.0,21000,17500,12,0,252000,42000,103,0,91,0,0,2025-12-06,89,0,0
2025-09-09,Selasa,SKU006,Susu UHT Full Cream 1L,Minuman,kotak,21000,0.0,21000,17500,17,0,357000,59500,91,0,74,0,0,2025-12-06,88,0,0
2025-09-10,Rabu,SKU006,Susu UHT Full Cream 1L,Minuman,kotak,21000,15.33,17800,17500,17,0,302600,5100,74,0,57,0,0,2025-12-06,87,0,0
2025-09-11,Kamis,SKU006,Susu UHT Full Cream 1L,Minuman,kotak,21000,0.0,21000,17500,4,0,84000,14000,57,0,53,0,0,2025-12-06,86,0,0
2025-09-12,Jumat,SKU006,Susu UHT Full Cream 1L,Minuman,kotak,21000,0.0,21000,17500,12,0,252000,42000,53,0,41,0,0,2025-12-06,85,0,0
2025-09-13,Sabtu,SKU006,Susu UHT Full Cream 1L,Minuman,kotak,21000,0.0,21000,17500,18,0,378000,63000,41,0,23,198,0,2025-12-06,84,0,0
2025-09-14,Minggu,SKU006,Susu UHT Full Cream 1L,Minuman,kotak,21000,0.0,21000,17500,17,0,357000,59500,23,0,6,0,0,2025-12-06,83,0,0
2025-09-15,Senin,SKU006,Susu UHT Full Cream 1L,Minuman,kotak,21000,0.0,21000,17500,6,7,126000,21000,6,0,0,0,0,2025-12-06,82,0,0
2025-09-16,Selasa,SKU006,Susu UHT Full Cream 1L,Minuman,kotak,21000,0.0,21000,17500,13,0,273000,45500,198,198,185,0,0,2025-12-15,90,0,0
2025-09-17,Rabu,SKU006,Susu UHT Full Cream 1L,Minuman,kotak,21000,15.33,17800,17500,17,0,302600,5100,185,0,168,0,0,2025-12-15,89,0,0
2025-09-18,Kamis,SKU006,Susu UHT Full Cream 1L,Minuman,kotak,21000,0.0,21000,17500,14,0,294000,49000,168,0,154,0,0,2025-12-15,88,0,0
2025-09-19,Jumat,SKU006,Susu UHT Full Cream 1L,Minuman,kotak,21000,0.0,21000,17500,19,0,399000,66500,154,0,135,0,0,2025-12-15,87,0,0
2025-09-20,Sabtu,SKU006,Susu UHT Full Cream 1L,Minuman,kotak,21000,10.0,18900,17500,24,0,453600,33600,135,0,111,0,0,2025-12-15,86,0,0
2025-09-21,Minggu,SKU006,Susu UHT Full Cream 1L,Minuman,kotak,21000,0.0,21000,17500,16,0,336000,56000,111,0,95,0,0,2025-12-15,85,0,0
2025-09-22,Senin,SKU006,Susu UHT Full Cream 1L,Minuman,kotak,21000,0.0,21000,17500,10,0,210000,35000,95,0,85,0,0,2025-12-15,84,0,0
2025-09-23,Selasa,SKU006,Susu UHT Full Cream 1L,Minuman,kotak,21000,12.0,18500,17500,15,0,277500,15000,85,0,70,0,0,2025-12-15,83,0,0
2025-09-24,Rabu,SKU006,Susu UHT Full Cream 1L,Minuman,kotak,21000,0.0,21000,17500,11,0,231000,38500,70,0,59,0,0,2025-12-15,82,0,0
2025-09-25,Kamis,SKU006,Susu UHT Full Cream 1L,Minuman,kotak,21000,0.0,21000,17500,12,0,252000,42000,59,0,47,0,0,2025-12-15,81,1,0
2025-09-26,Jumat,SKU006,Susu UHT Full Cream 1L,Minuman,kotak,21000,5.0,20000,17500,18,0,360000,45000,47,0,29,90,0,2025-12-15,80,1,0
2025-09-27,Sabtu,SKU006,Susu UHT Full Cream 1L,Minuman,kotak,21000,0.0,21000,17500,16,0,336000,56000,29,0,13,0,0,2025-12-15,79,1,0
2025-09-28,Minggu,SKU006,Susu UHT Full Cream 1L,Minuman,kotak,21000,0.0,21000,17500,17,0,357000,59500,103,90,86,0,0,2025-12-27,90,1,0
2025-09-29,Senin,SKU006,Susu UHT Full Cream 1L,Minuman,kotak,21000,15.33,17800,17500,24,0,427200,7200,86,0,62,0,0,2025-12-27,89,1,0
2025-09-30,Selasa,SKU006,Susu UHT Full Cream 1L,Minuman,kotak,21000,0.0,21000,17500,8,0,168000,28000,62,0,54,0,0,2025-12-27,88,1,0
2025-10-01,Rabu,SKU006,Susu UHT Full Cream 1L,Minuman,kotak,21000,0.0,21000,17500,19,0,399000,66500,54,0,35,0,0,2025-12-27,87,1,0
2025-10-02,Kamis,SKU006,Susu UHT Full Cream 1L,Minuman,kotak,21000,0.0,21000,17500,18,0,378000,63000,35,0,17,90,0,2025-12-27,86,1,0
2025-10-03,Jumat,SKU006,Susu UHT Full Cream 1L,Minuman,kotak,21000,0.0,21000,17500,13,0,273000,45500,107,90,94,0,0,2026-01-01,90,1,0
2025-10-04,Sabtu,SKU006,Susu UHT Full Cream 1L,Minuman,kotak,21000,0.0,21000,17500,16,0,336000,56000,94,0,78,0,0,2026-01-01,89,1,0
2025-10-05,Minggu,SKU006,Susu UHT Full Cream 1L,Minuman,kotak,21000,0.0,21000,17500,25,0,525000,87500,78,0,53,0,0,2026-01-01,88,1,0
2025-10-06,Senin,SKU006,Susu UHT Full Cream 1L,Minuman,kotak,21000,0.0,21000,17500,18,0,378000,63000,53,0,35,0,0,2026-01-01,87,0,0
2025-10-07,Selasa,SKU006,Susu UHT Full Cream 1L,Minuman,kotak,21000,10.0,18900,17500,10,0,189000,14000,35,0,25,90,0,2026-01-01,86,0,0
2025-10-08,Rabu,SKU006,Susu UHT Full Cream 1L,Minuman,kotak,21000,0.0,21000,17500,9,0,189000,31500,115,90,106,0,0,2026-01-06,90,0,0
2025-10-09,Kamis,SKU006,Susu UHT Full Cream 1L,Minuman,kotak,21000,12.0,18500,17500,13,0,240500,13000,106,0,93,0,0,2026-01-06,89,0,0
2025-10-10,Jumat,SKU006,Susu UHT Full Cream 1L,Minuman,kotak,21000,0.0,21000,17500,13,0,273000,45500,93,0,80,0,0,2026-01-06,88,0,0
2025-10-11,Sabtu,SKU006,Susu UHT Full Cream 1L,Minuman,kotak,21000,0.0,21000,17500,13,0,273000,45500,80,0,67,0,0,2026-01-06,87,0,0
2025-10-12,Minggu,SKU006,Susu UHT Full Cream 1L,Minuman,kotak,21000,0.0,21000,17500,9,0,189000,31500,67,0,58,0,0,2026-01-06,86,0,0
2025-10-13,Senin,SKU006,Susu UHT Full Cream 1L,Minuman,kotak,21000,0.0,21000,17500,9,0,189000,31500,58,0,49,0,0,2026-01-06,85,0,0
2025-10-14,Selasa,SKU006,Susu UHT Full Cream 1L,Minuman,kotak,21000,12.0,18500,17500,15,0,277500,15000,49,0,34,90,0,2026-01-06,84,0,0
2025-10-15,Rabu,SKU006,Susu UHT Full Cream 1L,Minuman,kotak,21000,0.0,21000,17500,13,0,273000,45500,34,0,21,0,0,2026-01-06,83,0,0
2025-10-16,Kamis,SKU006,Susu UHT Full Cream 1L,Minuman,kotak,21000,0.0,21000,17500,7,0,147000,24500,111,90,104,0,0,2026-01-14,90,0,0
2025-10-17,Jumat,SKU006,Susu UHT Full Cream 1L,Minuman,kotak,21000,15.33,17800,17500,17,0,302600,5100,104,0,87,0,0,2026-01-14,89,0,0
2025-10-18,Sabtu,SKU006,Susu UHT Full Cream 1L,Minuman,kotak,21000,0.0,21000,17500,13,0,273000,45500,87,0,74,0,0,2026-01-14,88,0,0
2025-10-19,Minggu,SKU006,Susu UHT Full Cream 1L,Minuman,kotak,21000,0.0,21000,17500,9,0,189000,31500,74,0,65,0,0,2026-01-14,87,0,0
2025-10-20,Senin,SKU006,Susu UHT Full Cream 1L,Minuman,kotak,21000,8.0,19300,17500,15,0,289500,27000,65,0,50,0,0,2026-01-14,86,0,0
2025-10-21,Selasa,SKU006,Susu UHT Full Cream 1L,Minuman,kotak,21000,0.0,21000,17500,8,0,168000,28000,50,0,42,0,0,2026-01-14,85,0,0
2025-10-22,Rabu,SKU006,Susu UHT Full Cream 1L,Minuman,kotak,21000,0.0,21000,17500,8,0,168000,28000,42,0,34,90,0,2026-01-14,84,0,0
2025-10-23,Kamis,SKU006,Susu UHT Full Cream 1L,Minuman,kotak,21000,0.0,21000,17500,11,0,231000,38500,34,0,23,0,0,2026-01-14,83,0,0
2025-10-24,Jumat,SKU006,Susu UHT Full Cream 1L,Minuman,kotak,21000,0.0,21000,17500,8,0,168000,28000,113,90,105,0,0,2026-01-22,90,0,0
2025-10-25,Sabtu,SKU006,Susu UHT Full Cream 1L,Minuman,kotak,21000,0.0,21000,17500,19,0,399000,66500,105,0,86,0,0,2026-01-22,89,1,0
2025-10-26,Minggu,SKU006,Susu UHT Full Cream 1L,Minuman,kotak,21000,0.0,21000,17500,15,0,315000,52500,86,0,71,0,0,2026-01-22,88,1,0
2025-10-27,Senin,SKU006,Susu UHT Full Cream 1L,Minuman,kotak,21000,15.33,17800,17500,21,0,373800,6300,71,0,50,0,0,2026-01-22,87,1,0
2025-10-28,Selasa,SKU006,Susu UHT Full Cream 1L,Minuman,kotak,21000,0.0,21000,17500,10,0,210000,35000,50,0,40,0,0,2026-01-22,86,1,0
2025-10-29,Rabu,SKU006,Susu UHT Full Cream 1L,Minuman,kotak,21000,0.0,21000,17500,12,0,252000,42000,40,0,28,90,0,2026-01-22,85,1,0
2025-10-30,Kamis,SKU006,Susu UHT Full Cream 1L,Minuman,kotak,21000,0.0,21000,17500,17,0,357000,59500,28,0,11,0,0,2026-01-22,84,1,0
2025-10-31,Jumat,SKU006,Susu UHT Full Cream 1L,Minuman,kotak,21000,0.0,21000,17500,11,9,231000,38500,11,0,0,0,0,2026-01-22,83,1,0
2025-11-01,Sabtu,SKU006,Susu UHT Full Cream 1L,Minuman,kotak,21000,0.0,21000,17500,17,0,357000,59500,90,90,73,0,0,2026-01-30,90,1,0
2025-11-02,Minggu,SKU006,Susu UHT Full Cream 1L,Minuman,kotak,21000,0.0,21000,17500,17,0,357000,59500,73,0,56,0,0,2026-01-30,89,1,0
2025-11-03,Senin,SKU006,Susu UHT Full Cream 1L,Minuman,kotak,21000,15.33,17800,17500,7,0,124600,2100,56,0,49,0,0,2026-01-30,88,1,0
2025-11-04,Selasa,SKU006,Susu UHT Full Cream 1L,Minuman,kotak,21000,15.0,17800,17500,23,0,409400,6900,49,0,26,90,0,2026-01-30,87,1,0
2025-11-05,Rabu,SKU006,Susu UHT Full Cream 1L,Minuman,kotak,21000,0.0,21000,17500,10,0,210000,35000,26,0,16,0,0,2026-01-30,86,1,0
2025-11-06,Kamis,SKU006,Susu UHT Full Cream 1L,Minuman,kotak,21000,0.0,21000,17500,8,0,168000,28000,106,90,98,0,0,2026-02-04,90,0,0
2025-11-07,Jumat,SKU006,Susu UHT Full Cream 1L,Minuman,kotak,21000,12.0,18500,17500,26,0,481000,26000,98,0,72,0,0,2026-02-04,89,0,0
2025-11-08,Sabtu,SKU006,Susu UHT Full Cream 1L,Minuman,kotak,21000,15.33,17800,17500,27,0,480600,8100,72,0,45,0,0,2026-02-04,88,0,0
2025-11-09,Minggu,SKU006,Susu UHT Full Cream 1L,Minuman,kotak,21000,0.0,21000,17500,20,0,420000,70000,45,0,25,90,0,2026-02-04,87,0,0
2025-11-10,Senin,SKU006,Susu UHT Full Cream 1L,Minuman,kotak,21000,8.0,19300,17500,13,0,250900,23400,115,90,102,0,0,2026-02-08,90,0,0
2025-11-11,Selasa,SKU006,Susu UHT Full Cream 1L,Minuman,kotak,21000,0.0,21000,17500,14,0,294000,49000,102,0,88,0,0,2026-02-08,89,0,0
2025-11-12,Rabu,SKU006,Susu UHT Full Cream 1L,Minuman,kotak,21000,12.0,18500,17500,16,0,296000,16000,88,0,72,0,0,2026-02-08,88,0,0
2025-11-13,Kamis,SKU006,Susu UHT Full Cream 1L,Minuman,kotak,21000,5.0,20000,17500,18,0,360000,45000,72,0,54,0,0,2026-02-08,87,0,0
2025-11-14,Jumat,SKU006,Susu UHT Full Cream 1L,Minuman,kotak,21000,12.0,18500,17500,25,0,462500,25000,54,0,29,90,0,2026-02-08,86,0,0
2025-11-15,Sabtu,SKU006,Susu UHT Full Cream 1L,Minuman,kotak,21000,0.0,21000,17500,8,0,168000,28000,29,0,21,0,0,2026-02-08,85,0,0
2025-11-16,Minggu,SKU006,Susu UHT Full Cream 1L,Minuman,kotak,21000,0.0,21000,17500,13,0,273000,45500,111,90,98,0,0,2026-02-14,90,0,0
2025-11-17,Senin,SKU006,Susu UHT Full Cream 1L,Minuman,kotak,21000,15.33,17800,17500,21,0,373800,6300,98,0,77,0,0,2026-02-14,89,0,0
2025-11-18,Selasa,SKU006,Susu UHT Full Cream 1L,Minuman,kotak,21000,0.0,21000,17500,12,0,252000,42000,77,0,65,0,0,2026-02-14,88,0,0
2025-11-19,Rabu,SKU006,Susu UHT Full Cream 1L,Minuman,kotak,21000,0.0,21000,17500,10,0,210000,35000,65,0,55,0,0,2026-02-14,87,0,0
2025-11-20,Kamis,SKU006,Susu UHT Full Cream 1L,Minuman,kotak,21000,0.0,21000,17500,20,0,420000,70000,55,0,35,0,0,2026-02-14,86,0,0
2025-11-21,Jumat,SKU006,Susu UHT Full Cream 1L,Minuman,kotak,21000,0.0,21000,17500,11,0,231000,38500,35,0,24,90,0,2026-02-14,85,0,0
2025-11-22,Sabtu,SKU006,Susu UHT Full Cream 1L,Minuman,kotak,21000,0.0,21000,17500,14,0,294000,49000,24,0,10,0,0,2026-02-14,84,0,0
2025-11-23,Minggu,SKU006,Susu UHT Full Cream 1L,Minuman,kotak,21000,0.0,21000,17500,15,0,315000,52500,100,90,85,0,0,2026-02-21,90,0,0
2025-11-24,Senin,SKU006,Susu UHT Full Cream 1L,Minuman,kotak,21000,0.0,21000,17500,10,0,210000,35000,85,0,75,0,0,2026-02-21,89,0,0
2025-11-25,Selasa,SKU006,Susu UHT Full Cream 1L,Minuman,kotak,21000,0.0,21000,17500,17,0,357000,59500,75,0,58,0,0,2026-02-21,88,1,0
2025-11-26,Rabu,SKU006,Susu UHT Full Cream 1L,Minuman,kotak,21000,15.0,17800,17500,30,0,534000,9000,58,0,28,90,0,2026-02-21,87,1,0
2025-11-27,Kamis,SKU006,Susu UHT Full Cream 1L,Minuman,kotak,21000,8.0,19300,17500,20,0,386000,36000,28,0,8,0,0,2026-02-21,86,1,0
2025-11-28,Jumat,SKU006,Susu UHT Full Cream 1L,Minuman,kotak,21000,15.33,17800,17500,24,0,427200,7200,98,90,74,0,0,2026-02-26,90,1,0
2025-11-29,Sabtu,SKU006,Susu UHT Full Cream 1L,Minuman,kotak,21000,0.0,21000,17500,18,0,378000,63000,74,0,56,0,0,2026-02-26,89,1,0
2025-11-30,Minggu,SKU006,Susu UHT Full Cream 1L,Minuman,kotak,21000,15.33,17800,17500,39,0,694200,11700,56,0,17,90,0,2026-02-26,88,1,0
2025-12-01,Senin,SKU006,Susu UHT Full Cream 1L,Minuman,kotak,21000,0.0,21000,17500,15,0,315000,52500,107,90,92,0,0,2026-03-01,90,1,0
2025-12-02,Selasa,SKU006,Susu UHT Full Cream 1L,Minuman,kotak,21000,0.0,21000,17500,13,0,273000,45500,92,0,79,0,0,2026-03-01,89,1,0
2025-12-03,Rabu,SKU006,Susu UHT Full Cream 1L,Minuman,kotak,21000,0.0,21000,17500,15,0,315000,52500,79,0,64,0,0,2026-03-01,88,1,0
2025-12-04,Kamis,SKU006,Susu UHT Full Cream 1L,Minuman,kotak,21000,0.0,21000,17500,10,0,210000,35000,64,0,54,0,0,2026-03-01,87,1,0
2025-12-05,Jumat,SKU006,Susu UHT Full Cream 1L,Minuman,kotak,21000,0.0,21000,17500,20,0,420000,70000,54,0,34,90,0,2026-03-01,86,1,0
2025-12-06,Sabtu,SKU006,Susu UHT Full Cream 1L,Minuman,kotak,21000,0.0,21000,17500,17,0,357000,59500,34,0,17,0,0,2026-03-01,85,0,0
2025-12-07,Minggu,SKU006,Susu UHT Full Cream 1L,Minuman,kotak,21000,10.0,18900,17500,12,0,226800,16800,17,0,5,0,0,2026-03-01,84,0,0
2025-12-08,Senin,SKU006,Susu UHT Full Cream 1L,Minuman,kotak,21000,15.33,17800,17500,9,0,160200,2700,95,90,86,0,0,2026-03-08,90,0,0
2025-12-09,Selasa,SKU006,Susu UHT Full Cream 1L,Minuman,kotak,21000,0.0,21000,17500,11,0,231000,38500,86,0,75,0,0,2026-03-08,89,0,0
2025-12-10,Rabu,SKU006,Susu UHT Full Cream 1L,Minuman,kotak,21000,0.0,21000,17500,13,0,273000,45500,75,0,62,0,0,2026-03-08,88,0,0
2025-12-11,Kamis,SKU006,Susu UHT Full Cream 1L,Minuman,kotak,21000,0.0,21000,17500,14,0,294000,49000,62,0,48,0,0,2026-03-08,87,0,0
2025-12-12,Jumat,SKU006,Susu UHT Full Cream 1L,Minuman,kotak,21000,0.0,21000,17500,20,0,420000,70000,48,0,28,90,0,2026-03-08,86,0,0
2025-12-13,Sabtu,SKU006,Susu UHT Full Cream 1L,Minuman,kotak,21000,0.0,21000,17500,8,0,168000,28000,118,90,110,0,0,2026-03-13,90,0,0
2025-12-14,Minggu,SKU006,Susu UHT Full Cream 1L,Minuman,kotak,21000,0.0,21000,17500,12,0,252000,42000,110,0,98,0,0,2026-03-13,89,0,0
2025-12-15,Senin,SKU006,Susu UHT Full Cream 1L,Minuman,kotak,21000,0.0,21000,17500,13,0,273000,45500,98,0,85,0,0,2026-03-13,88,0,0
2025-12-16,Selasa,SKU006,Susu UHT Full Cream 1L,Minuman,kotak,21000,0.0,21000,17500,11,0,231000,38500,85,0,74,0,0,2026-03-13,87,0,0
2025-12-17,Rabu,SKU006,Susu UHT Full Cream 1L,Minuman,kotak,21000,12.0,18500,17500,15,0,277500,15000,74,0,59,0,0,2026-03-13,86,0,0
2025-12-18,Kamis,SKU006,Susu UHT Full Cream 1L,Minuman,kotak,21000,15.33,17800,17500,16,0,284800,4800,59,0,43,0,0,2026-03-13,85,0,0
2025-12-19,Jumat,SKU006,Susu UHT Full Cream 1L,Minuman,kotak,21000,0.0,21000,17500,13,0,273000,45500,43,0,30,90,0,2026-03-13,84,0,0
2025-12-20,Sabtu,SKU006,Susu UHT Full Cream 1L,Minuman,kotak,21000,0.0,21000,17500,16,0,336000,56000,120,90,104,0,0,2026-03-20,90,0,0
2025-12-21,Minggu,SKU006,Susu UHT Full Cream 1L,Minuman,kotak,21000,0.0,21000,17500,13,0,273000,45500,104,0,91,0,0,2026-03-20,89,0,0
2025-12-22,Senin,SKU006,Susu UHT Full Cream 1L,Minuman,kotak,21000,0.0,21000,17500,7,0,147000,24500,91,0,84,0,0,2026-03-20,88,0,0
2025-12-23,Selasa,SKU006,Susu UHT Full Cream 1L,Minuman,kotak,21000,15.33,17800,17500,13,0,231400,3900,84,0,71,0,0,2026-03-20,87,0,0
2025-12-24,Rabu,SKU006,Susu UHT Full Cream 1L,Minuman,kotak,21000,0.0,21000,17500,19,0,399000,66500,71,0,52,0,0,2026-03-20,86,0,0
2025-12-25,Kamis,SKU006,Susu UHT Full Cream 1L,Minuman,kotak,21000,0.0,21000,17500,17,0,357000,59500,52,0,35,0,0,2026-03-20,85,1,0
2025-12-26,Jumat,SKU006,Susu UHT Full Cream 1L,Minuman,kotak,21000,15.33,17800,17500,31,0,551800,9300,35,0,4,90,0,2026-03-20,84,1,0
2025-12-27,Sabtu,SKU006,Susu UHT Full Cream 1L,Minuman,kotak,21000,0.0,21000,17500,21,0,441000,73500,94,90,73,0,0,2026-03-27,90,1,0
2025-12-28,Minggu,SKU006,Susu UHT Full Cream 1L,Minuman,kotak,21000,0.0,21000,17500,26,0,546000,91000,73,0,47,0,0,2026-03-27,89,1,0
2025-12-29,Senin,SKU006,Susu UHT Full Cream 1L,Minuman,kotak,21000,15.33,17800,17500,30,0,534000,9000,47,0,17,198,0,2026-03-27,88,1,0
2025-12-30,Selasa,SKU006,Susu UHT Full Cream 1L,Minuman,kotak,21000,5.0,20000,17500,9,0,180000,22500,17,0,8,0,0,2026-03-27,87,1,0
2025-12-31,Rabu,SKU006,Susu UHT Full Cream 1L,Minuman,kotak,21000,15.33,17800,17500,8,27,142400,2400,8,0,0,0,0,2026-03-27,86,1,0
2026-01-01,Kamis,SKU006,Susu UHT Full Cream 1L,Minuman,kotak,21000,15.33,17800,17500,10,0,178000,3000,198,198,188,0,0,2026-04-01,90,1,0
2026-01-02,Jumat,SKU006,Susu UHT Full Cream 1L,Minuman,kotak,21000,0.0,21000,17500,14,0,294000,49000,188,0,174,0,0,2026-04-01,89,1,0
2026-01-03,Sabtu,SKU006,Susu UHT Full Cream 1L,Minuman,kotak,21000,0.0,21000,17500,21,0,441000,73500,174,0,153,0,0,2026-04-01,88,1,0
2026-01-04,Minggu,SKU006,Susu UHT Full Cream 1L,Minuman,kotak,21000,0.0,21000,17500,9,0,189000,31500,153,0,144,0,0,2026-04-01,87,1,0
2026-01-05,Senin,SKU006,Susu UHT Full Cream 1L,Minuman,kotak,21000,0.0,21000,17500,7,0,147000,24500,144,0,137,0,0,2026-04-01,86,1,0
2026-01-06,Selasa,SKU006,Susu UHT Full Cream 1L,Minuman,kotak,21000,0.0,21000,17500,13,0,273000,45500,137,0,124,0,0,2026-04-01,85,0,0
2026-01-07,Rabu,SKU006,Susu UHT Full Cream 1L,Minuman,kotak,21000,0.0,21000,17500,14,0,294000,49000,124,0,110,0,0,2026-04-01,84,0,0
2026-01-08,Kamis,SKU006,Susu UHT Full Cream 1L,Minuman,kotak,21000,10.0,18900,17500,20,0,378000,28000,110,0,90,0,0,2026-04-01,83,0,0
2026-01-09,Jumat,SKU006,Susu UHT Full Cream 1L,Minuman,kotak,21000,15.33,17800,17500,18,0,320400,5400,90,0,72,0,0,2026-04-01,82,0,0
2026-01-10,Sabtu,SKU006,Susu UHT Full Cream 1L,Minuman,kotak,21000,0.0,21000,17500,14,0,294000,49000,72,0,58,0,0,2026-04-01,81,0,0
2026-01-11,Minggu,SKU006,Susu UHT Full Cream 1L,Minuman,kotak,21000,12.0,18500,17500,23,0,425500,23000,58,0,35,0,0,2026-04-01,80,0,0
2026-01-12,Senin,SKU006,Susu UHT Full Cream 1L,Minuman,kotak,21000,0.0,21000,17500,10,0,210000,35000,35,0,25,90,0,2026-04-01,79,0,0
2026-01-13,Selasa,SKU006,Susu UHT Full Cream 1L,Minuman,kotak,21000,0.0,21000,17500,11,0,231000,38500,115,90,104,0,0,2026-04-13,90,0,0
2026-01-14,Rabu,SKU006,Susu UHT Full Cream 1L,Minuman,kotak,21000,0.0,21000,17500,12,0,252000,42000,104,0,92,0,0,2026-04-13,89,0,0
2026-01-15,Kamis,SKU006,Susu UHT Full Cream 1L,Minuman,kotak,21000,15.33,17800,17500,14,0,249200,4200,92,0,78,0,0,2026-04-13,88,0,0
2026-01-16,Jumat,SKU006,Susu UHT Full Cream 1L,Minuman,kotak,21000,5.0,20000,17500,13,0,260000,32500,78,0,65,0,0,2026-04-13,87,0,0
2026-01-17,Sabtu,SKU006,Susu UHT Full Cream 1L,Minuman,kotak,21000,0.0,21000,17500,21,0,441000,73500,65,0,44,0,0,2026-04-13,86,0,0
2026-01-18,Minggu,SKU006,Susu UHT Full Cream 1L,Minuman,kotak,21000,0.0,21000,17500,11,0,231000,38500,44,0,33,90,0,2026-04-13,85,0,0
2026-01-19,Senin,SKU006,Susu UHT Full Cream 1L,Minuman,kotak,21000,0.0,21000,17500,9,0,189000,31500,123,90,114,0,0,2026-04-19,90,0,0
2026-01-20,Selasa,SKU006,Susu UHT Full Cream 1L,Minuman,kotak,21000,15.0,17800,17500,16,0,284800,4800,114,0,98,0,0,2026-04-19,89,0,0
2026-01-21,Rabu,SKU006,Susu UHT Full Cream 1L,Minuman,kotak,21000,10.0,18900,17500,20,0,378000,28000,98,0,78,0,0,2026-04-19,88,0,0
2026-01-22,Kamis,SKU006,Susu UHT Full Cream 1L,Minuman,kotak,21000,0.0,21000,17500,22,0,462000,77000,78,0,56,0,0,2026-04-19,87,0,0
2026-01-23,Jumat,SKU006,Susu UHT Full Cream 1L,Minuman,kotak,21000,0.0,21000,17500,14,0,294000,49000,56,0,42,0,0,2026-04-19,86,0,0
2026-01-24,Sabtu,SKU006,Susu UHT Full Cream 1L,Minuman,kotak,21000,0.0,21000,17500,10,0,210000,35000,42,0,32,90,0,2026-04-19,85,0,0
2026-01-25,Minggu,SKU006,Susu UHT Full Cream 1L,Minuman,kotak,21000,0.0,21000,17500,24,0,504000,84000,122,90,98,0,0,2026-04-25,90,1,0
2026-01-26,Senin,SKU006,Susu UHT Full Cream 1L,Minuman,kotak,21000,0.0,21000,17500,9,0,189000,31500,98,0,89,0,0,2026-04-25,89,1,0
2026-01-27,Selasa,SKU006,Susu UHT Full Cream 1L,Minuman,kotak,21000,0.0,21000,17500,21,0,441000,73500,89,0,68,0,0,2026-04-25,88,1,0
2026-01-28,Rabu,SKU006,Susu UHT Full Cream 1L,Minuman,kotak,21000,0.0,21000,17500,12,0,252000,42000,68,0,56,0,0,2026-04-25,87,1,0
2026-01-29,Kamis,SKU006,Susu UHT Full Cream 1L,Minuman,kotak,21000,0.0,21000,17500,24,0,504000,84000,56,0,32,90,0,2026-04-25,86,1,0
2026-01-30,Jumat,SKU006,Susu UHT Full Cream 1L,Minuman,kotak,21000,0.0,21000,17500,20,0,420000,70000,32,0,12,0,0,2026-04-25,85,1,0
2026-01-31,Sabtu,SKU006,Susu UHT Full Cream 1L,Minuman,kotak,21000,0.0,21000,17500,12,27,252000,42000,12,0,0,0,0,2026-04-25,84,1,0
2026-02-01,Minggu,SKU006,Susu UHT Full Cream 1L,Minuman,kotak,21000,0.0,21000,17500,17,0,357000,59500,90,90,73,0,0,2026-05-02,90,1,0
2026-02-02,Senin,SKU006,Susu UHT Full Cream 1L,Minuman,kotak,21000,0.0,21000,17500,12,0,252000,42000,73,0,61,0,0,2026-05-02,89,1,0
2026-02-03,Selasa,SKU006,Susu UHT Full Cream 1L,Minuman,kotak,21000,0.0,21000,17500,14,0,294000,49000,61,0,47,0,0,2026-05-02,88,1,0
2026-02-04,Rabu,SKU006,Susu UHT Full Cream 1L,Minuman,kotak,21000,0.0,21000,17500,21,0,441000,73500,47,0,26,90,0,2026-05-02,87,1,0
2026-02-05,Kamis,SKU006,Susu UHT Full Cream 1L,Minuman,kotak,21000,0.0,21000,17500,18,0,378000,63000,26,0,8,0,0,2026-05-02,86,1,0
2026-02-06,Jumat,SKU006,Susu UHT Full Cream 1L,Minuman,kotak,21000,0.0,21000,17500,10,0,210000,35000,98,90,88,0,0,2026-05-07,90,0,0
2026-02-07,Sabtu,SKU006,Susu UHT Full Cream 1L,Minuman,kotak,21000,0.0,21000,17500,12,0,252000,42000,88,0,76,0,0,2026-05-07,89,0,0
2026-02-08,Minggu,SKU006,Susu UHT Full Cream 1L,Minuman,kotak,21000,0.0,21000,17500,21,0,441000,73500,76,0,55,0,0,2026-05-07,88,0,0
2026-02-09,Senin,SKU006,Susu UHT Full Cream 1L,Minuman,kotak,21000,0.0,21000,17500,12,0,252000,42000,55,0,43,0,0,2026-05-07,87,0,0
2026-02-10,Selasa,SKU006,Susu UHT Full Cream 1L,Minuman,kotak,21000,0.0,21000,17500,15,0,315000,52500,43,0,28,90,0,2026-05-07,86,0,0
2026-02-11,Rabu,SKU006,Susu UHT Full Cream 1L,Minuman,kotak,21000,0.0,21000,17500,12,0,252000,42000,118,90,106,0,0,2026-05-12,90,0,0
2026-02-12,Kamis,SKU006,Susu UHT Full Cream 1L,Minuman,kotak,21000,0.0,21000,17500,11,0,231000,38500,106,0,95,0,0,2026-05-12,89,0,0
2026-02-13,Jumat,SKU006,Susu UHT Full Cream 1L,Minuman,kotak,21000,0.0,21000,17500,28,0,588000,98000,95,0,67,0,0,2026-05-12,88,0,0
2026-02-14,Sabtu,SKU006,Susu UHT Full Cream 1L,Minuman,kotak,21000,0.0,21000,17500,16,0,336000,56000,67,0,51,0,0,2026-05-12,87,0,0
2026-02-15,Minggu,SKU006,Susu UHT Full Cream 1L,Minuman,kotak,21000,0.0,21000,17500,14,0,294000,49000,51,0,37,0,0,2026-05-12,86,0,0
2026-02-16,Senin,SKU006,Susu UHT Full Cream 1L,Minuman,kotak,21000,5.0,20000,17500,9,0,180000,22500,37,0,28,90,0,2026-05-12,85,0,0
2026-02-17,Selasa,SKU006,Susu UHT Full Cream 1L,Minuman,kotak,21000,5.0,20000,17500,13,0,260000,32500,28,0,15,0,0,2026-05-12,84,0,1
2026-02-18,Rabu,SKU006,Susu UHT Full Cream 1L,Minuman,kotak,21000,0.0,21000,17500,12,0,252000,42000,105,90,93,0,0,2026-05-19,90,0,1
2026-02-19,Kamis,SKU006,Susu UHT Full Cream 1L,Minuman,kotak,21000,0.0,21000,17500,10,0,210000,35000,93,0,83,0,0,2026-05-19,89,0,1
2026-02-20,Jumat,SKU006,Susu UHT Full Cream 1L,Minuman,kotak,21000,0.0,21000,17500,25,0,525000,87500,83,0,58,0,0,2026-05-19,88,0,1
2026-02-21,Sabtu,SKU006,Susu UHT Full Cream 1L,Minuman,kotak,21000,0.0,21000,17500,20,0,420000,70000,58,0,38,0,0,2026-05-19,87,0,1
2026-02-22,Minggu,SKU006,Susu UHT Full Cream 1L,Minuman,kotak,21000,0.0,21000,17500,16,0,336000,56000,38,0,22,90,0,2026-05-19,86,0,1
2026-02-23,Senin,SKU006,Susu UHT Full Cream 1L,Minuman,kotak,21000,0.0,21000,17500,6,0,126000,21000,22,0,16,0,0,2026-05-19,85,0,1
2026-02-24,Selasa,SKU006,Susu UHT Full Cream 1L,Minuman,kotak,21000,0.0,21000,17500,9,0,189000,31500,106,90,97,0,0,2026-05-25,90,0,1
2026-02-25,Rabu,SKU006,Susu UHT Full Cream 1L,Minuman,kotak,21000,0.0,21000,17500,11,0,231000,38500,97,0,86,0,0,2026-05-25,89,1,1
2026-02-26,Kamis,SKU006,Susu UHT Full Cream 1L,Minuman,kotak,21000,0.0,21000,17500,21,0,441000,73500,86,0,65,0,0,2026-05-25,88,1,1
2026-02-27,Jumat,SKU006,Susu UHT Full Cream 1L,Minuman,kotak,21000,0.0,21000,17500,18,0,378000,63000,65,0,47,0,0,2026-05-25,87,1,1
2026-02-28,Sabtu,SKU006,Susu UHT Full Cream 1L,Minuman,kotak,21000,0.0,21000,17500,25,0,525000,87500,47,0,22,90,0,2026-05-25,86,1,1
2026-03-01,Minggu,SKU006,Susu UHT Full Cream 1L,Minuman,kotak,21000,0.0,21000,17500,22,1,462000,77000,22,0,0,0,0,2026-05-25,85,1,1
2026-03-02,Senin,SKU006,Susu UHT Full Cream 1L,Minuman,kotak,21000,15.33,17800,17500,23,0,409400,6900,90,90,67,0,0,2026-05-31,90,1,1
2026-03-03,Selasa,SKU006,Susu UHT Full Cream 1L,Minuman,kotak,21000,15.33,17800,17500,19,0,338200,5700,67,0,48,0,0,2026-05-31,89,1,1
2026-03-04,Rabu,SKU006,Susu UHT Full Cream 1L,Minuman,kotak,21000,0.0,21000,17500,23,0,483000,80500,48,0,25,90,0,2026-05-31,88,1,1
2026-03-05,Kamis,SKU006,Susu UHT Full Cream 1L,Minuman,kotak,21000,0.0,21000,17500,6,0,126000,21000,115,90,109,0,0,2026-06-03,90,1,1
2026-03-06,Jumat,SKU006,Susu UHT Full Cream 1L,Minuman,kotak,21000,0.0,21000,17500,13,0,273000,45500,109,0,96,0,0,2026-06-03,89,0,1
2026-03-07,Sabtu,SKU006,Susu UHT Full Cream 1L,Minuman,kotak,21000,0.0,21000,17500,32,0,672000,112000,96,0,64,0,0,2026-06-03,88,0,1
2026-03-08,Minggu,SKU006,Susu UHT Full Cream 1L,Minuman,kotak,21000,15.33,17800,17500,32,0,569600,9600,64,0,32,198,0,2026-06-03,87,0,1
2026-03-09,Senin,SKU006,Susu UHT Full Cream 1L,Minuman,kotak,21000,0.0,21000,17500,14,0,294000,49000,230,198,216,0,0,2026-06-07,90,0,1
2026-03-10,Selasa,SKU006,Susu UHT Full Cream 1L,Minuman,kotak,21000,0.0,21000,17500,26,0,546000,91000,216,0,190,0,0,2026-06-07,89,0,1
2026-03-11,Rabu,SKU006,Susu UHT Full Cream 1L,Minuman,kotak,21000,0.0,21000,17500,18,0,378000,63000,190,0,172,0,0,2026-06-07,88,0,1
2026-03-12,Kamis,SKU006,Susu UHT Full Cream 1L,Minuman,kotak,21000,15.0,17800,17500,19,0,338200,5700,172,0,153,0,0,2026-06-07,87,0,1
2026-03-13,Jumat,SKU006,Susu UHT Full Cream 1L,Minuman,kotak,21000,0.0,21000,17500,14,0,294000,49000,153,0,139,0,0,2026-06-07,86,0,1
2026-03-14,Sabtu,SKU006,Susu UHT Full Cream 1L,Minuman,kotak,21000,0.0,21000,17500,25,0,525000,87500,139,0,114,0,0,2026-06-07,85,0,1
2026-03-15,Minggu,SKU006,Susu UHT Full Cream 1L,Minuman,kotak,21000,0.0,21000,17500,10,0,210000,35000,114,0,104,0,0,2026-06-07,84,0,1
2026-03-16,Senin,SKU006,Susu UHT Full Cream 1L,Minuman,kotak,21000,0.0,21000,17500,21,0,441000,73500,104,0,83,0,0,2026-06-07,83,0,1
2026-03-17,Selasa,SKU006,Susu UHT Full Cream 1L,Minuman,kotak,21000,15.33,17800,17500,24,0,427200,7200,83,0,59,0,0,2026-06-07,82,0,1
2026-03-18,Rabu,SKU006,Susu UHT Full Cream 1L,Minuman,kotak,21000,0.0,21000,17500,16,0,336000,56000,59,0,43,0,0,2026-06-07,81,0,1
2026-03-19,Kamis,SKU006,Susu UHT Full Cream 1L,Minuman,kotak,21000,12.0,18500,17500,18,0,333000,18000,43,0,25,90,0,2026-06-07,80,0,1
2026-03-20,Jumat,SKU006,Susu UHT Full Cream 1L,Minuman,kotak,21000,0.0,21000,17500,6,0,126000,21000,115,90,109,0,0,2026-06-18,90,0,0
2026-03-21,Sabtu,SKU006,Susu UHT Full Cream 1L,Minuman,kotak,21000,0.0,21000,17500,10,0,210000,35000,109,0,99,0,0,2026-06-18,89,0,0
2026-03-22,Minggu,SKU006,Susu UHT Full Cream 1L,Minuman,kotak,21000,0.0,21000,17500,9,0,189000,31500,99,0,90,0,0,2026-06-18,88,0,0
2026-03-23,Senin,SKU006,Susu UHT Full Cream 1L,Minuman,kotak,21000,0.0,21000,17500,8,0,168000,28000,90,0,82,0,0,2026-06-18,87,0,0
2026-03-24,Selasa,SKU006,Susu UHT Full Cream 1L,Minuman,kotak,21000,15.33,17800,17500,6,0,106800,1800,82,0,76,0,0,2026-06-18,86,0,0
2026-03-25,Rabu,SKU006,Susu UHT Full Cream 1L,Minuman,kotak,21000,0.0,21000,17500,6,0,126000,21000,76,0,70,0,0,2026-06-18,85,1,0
2026-03-26,Kamis,SKU006,Susu UHT Full Cream 1L,Minuman,kotak,21000,15.33,17800,17500,20,0,356000,6000,70,0,50,0,0,2026-06-18,84,1,0
2026-03-27,Jumat,SKU006,Susu UHT Full Cream 1L,Minuman,kotak,21000,15.33,17800,17500,31,0,551800,9300,50,0,19,90,0,2026-06-18,83,1,0
2026-03-28,Sabtu,SKU006,Susu UHT Full Cream 1L,Minuman,kotak,21000,0.0,21000,17500,19,6,399000,66500,19,0,0,0,0,2026-06-18,82,1,0
2026-03-29,Minggu,SKU006,Susu UHT Full Cream 1L,Minuman,kotak,21000,0.0,21000,17500,0,31,0,0,0,0,0,0,0,2026-06-18,81,1,0
2026-03-30,Senin,SKU006,Susu UHT Full Cream 1L,Minuman,kotak,21000,0.0,21000,17500,19,0,399000,66500,90,90,71,0,0,2026-06-28,90,1,0
2026-03-31,Selasa,SKU006,Susu UHT Full Cream 1L,Minuman,kotak,21000,0.0,21000,17500,20,0,420000,70000,71,0,51,0,0,2026-06-28,89,1,0
2026-04-01,Rabu,SKU006,Susu UHT Full Cream 1L,Minuman,kotak,21000,15.33,17800,17500,19,0,338200,5700,51,0,32,90,0,2026-06-28,88,1,0
2026-04-02,Kamis,SKU006,Susu UHT Full Cream 1L,Minuman,kotak,21000,8.0,19300,17500,22,0,424600,39600,32,0,10,0,0,2026-06-28,87,1,0
2026-04-03,Jumat,SKU006,Susu UHT Full Cream 1L,Minuman,kotak,21000,0.0,21000,17500,15,0,315000,52500,100,90,85,0,0,2026-07-02,90,1,0
2026-04-04,Sabtu,SKU006,Susu UHT Full Cream 1L,Minuman,kotak,21000,12.0,18500,17500,27,0,499500,27000,85,0,58,0,0,2026-07-02,89,1,0
2026-04-05,Minggu,SKU006,Susu UHT Full Cream 1L,Minuman,kotak,21000,0.0,21000,17500,24,0,504000,84000,58,0,34,90,0,2026-07-02,88,1,0
2026-04-06,Senin,SKU006,Susu UHT Full Cream 1L,Minuman,kotak,21000,5.0,20000,17500,19,0,380000,47500,34,0,15,0,0,2026-07-02,87,0,0
2026-04-07,Selasa,SKU006,Susu UHT Full Cream 1L,Minuman,kotak,21000,0.0,21000,17500,11,0,231000,38500,105,90,94,0,0,2026-07-06,90,0,0
2026-04-08,Rabu,SKU006,Susu UHT Full Cream 1L,Minuman,kotak,21000,0.0,21000,17500,16,0,336000,56000,94,0,78,0,0,2026-07-06,89,0,0
2026-04-09,Kamis,SKU006,Susu UHT Full Cream 1L,Minuman,kotak,21000,0.0,21000,17500,7,0,147000,24500,78,0,71,0,0,2026-07-06,88,0,0
2026-04-10,Jumat,SKU006,Susu UHT Full Cream 1L,Minuman,kotak,21000,12.0,18500,17500,12,0,222000,12000,71,0,59,0,0,2026-07-06,87,0,0
2026-04-11,Sabtu,SKU006,Susu UHT Full Cream 1L,Minuman,kotak,21000,0.0,21000,17500,18,0,378000,63000,59,0,41,0,0,2026-07-06,86,0,0
2026-04-12,Minggu,SKU006,Susu UHT Full Cream 1L,Minuman,kotak,21000,8.0,19300,17500,25,0,482500,45000,41,0,16,90,0,2026-07-06,85,0,0
2026-04-13,Senin,SKU006,Susu UHT Full Cream 1L,Minuman,kotak,21000,0.0,21000,17500,12,0,252000,42000,16,0,4,0,0,2026-07-06,84,0,0
2026-04-14,Selasa,SKU006,Susu UHT Full Cream 1L,Minuman,kotak,21000,0.0,21000,17500,9,0,189000,31500,94,90,85,0,0,2026-07-13,90,0,0
2026-04-15,Rabu,SKU006,Susu UHT Full Cream 1L,Minuman,kotak,21000,15.33,17800,17500,21,0,373800,6300,85,0,64,0,0,2026-07-13,89,0,0
2026-04-16,Kamis,SKU006,Susu UHT Full Cream 1L,Minuman,kotak,21000,15.33,17800,17500,17,0,302600,5100,64,0,47,0,0,2026-07-13,88,0,0
2026-04-17,Jumat,SKU006,Susu UHT Full Cream 1L,Minuman,kotak,21000,0.0,21000,17500,17,0,357000,59500,47,0,30,90,0,2026-07-13,87,0,0
2026-04-18,Sabtu,SKU006,Susu UHT Full Cream 1L,Minuman,kotak,21000,0.0,21000,17500,18,0,378000,63000,30,0,12,0,0,2026-07-13,86,0,0
2026-04-19,Minggu,SKU006,Susu UHT Full Cream 1L,Minuman,kotak,21000,15.33,17800,17500,22,0,391600,6600,102,90,80,0,0,2026-07-18,90,0,0
2026-04-20,Senin,SKU006,Susu UHT Full Cream 1L,Minuman,kotak,21000,0.0,21000,17500,11,0,231000,38500,80,0,69,0,0,2026-07-18,89,0,0
2026-04-21,Selasa,SKU006,Susu UHT Full Cream 1L,Minuman,kotak,21000,0.0,21000,17500,10,0,210000,35000,69,0,59,0,0,2026-07-18,88,0,0
2026-04-22,Rabu,SKU006,Susu UHT Full Cream 1L,Minuman,kotak,21000,0.0,21000,17500,7,0,147000,24500,59,0,52,0,0,2026-07-18,87,0,0
2026-04-23,Kamis,SKU006,Susu UHT Full Cream 1L,Minuman,kotak,21000,0.0,21000,17500,11,0,231000,38500,52,0,41,0,0,2026-07-18,86,0,0
2026-04-24,Jumat,SKU006,Susu UHT Full Cream 1L,Minuman,kotak,21000,0.0,21000,17500,11,0,231000,38500,41,0,30,90,0,2026-07-18,85,0,0
2026-04-25,Sabtu,SKU006,Susu UHT Full Cream 1L,Minuman,kotak,21000,12.0,18500,17500,30,4,555000,30000,30,0,0,0,0,2026-07-18,84,1,0
2026-04-26,Minggu,SKU006,Susu UHT Full Cream 1L,Minuman,kotak,21000,0.0,21000,17500,17,0,357000,59500,90,90,73,0,0,2026-07-25,90,1,0
2026-04-27,Senin,SKU006,Susu UHT Full Cream 1L,Minuman,kotak,21000,0.0,21000,17500,11,0,231000,38500,73,0,62,0,0,2026-07-25,89,1,0
2026-04-28,Selasa,SKU006,Susu UHT Full Cream 1L,Minuman,kotak,21000,0.0,21000,17500,15,0,315000,52500,62,0,47,0,0,2026-07-25,88,1,0
2026-04-29,Rabu,SKU006,Susu UHT Full Cream 1L,Minuman,kotak,21000,0.0,21000,17500,20,0,420000,70000,47,0,27,90,0,2026-07-25,87,1,0
2026-04-30,Kamis,SKU006,Susu UHT Full Cream 1L,Minuman,kotak,21000,0.0,21000,17500,18,0,378000,63000,117,90,99,0,0,2026-07-29,90,1,0
2026-05-01,Jumat,SKU006,Susu UHT Full Cream 1L,Minuman,kotak,21000,0.0,21000,17500,12,0,252000,42000,99,0,87,0,0,2026-07-29,89,1,0
2026-05-02,Sabtu,SKU006,Susu UHT Full Cream 1L,Minuman,kotak,21000,15.33,17800,17500,44,0,783200,13200,87,0,43,0,0,2026-07-29,88,1,0
2026-05-03,Minggu,SKU006,Susu UHT Full Cream 1L,Minuman,kotak,21000,8.0,19300,17500,17,0,328100,30600,43,0,26,90,0,2026-07-29,87,1,0
2026-05-04,Senin,SKU006,Susu UHT Full Cream 1L,Minuman,kotak,21000,15.33,17800,17500,20,0,356000,6000,26,0,6,0,0,2026-07-29,86,1,0
2026-05-05,Selasa,SKU006,Susu UHT Full Cream 1L,Minuman,kotak,21000,15.33,17800,17500,6,9,106800,1800,6,0,0,0,0,2026-07-29,85,1,0
2026-05-06,Rabu,SKU006,Susu UHT Full Cream 1L,Minuman,kotak,21000,0.0,21000,17500,11,0,231000,38500,90,90,79,0,0,2026-08-04,90,0,0
2026-05-07,Kamis,SKU006,Susu UHT Full Cream 1L,Minuman,kotak,21000,0.0,21000,17500,10,0,210000,35000,79,0,69,0,0,2026-08-04,89,0,0
2026-05-08,Jumat,SKU006,Susu UHT Full Cream 1L,Minuman,kotak,21000,8.0,19300,17500,19,0,366700,34200,69,0,50,0,0,2026-08-04,88,0,0
2026-05-09,Sabtu,SKU006,Susu UHT Full Cream 1L,Minuman,kotak,21000,15.33,17800,17500,24,0,427200,7200,50,0,26,90,0,2026-08-04,87,0,0
2026-05-10,Minggu,SKU006,Susu UHT Full Cream 1L,Minuman,kotak,21000,0.0,21000,17500,22,0,462000,77000,26,0,4,0,0,2026-08-04,86,0,0
2026-05-11,Senin,SKU006,Susu UHT Full Cream 1L,Minuman,kotak,21000,0.0,21000,17500,16,0,336000,56000,94,90,78,0,0,2026-08-09,90,0,0
2026-05-12,Selasa,SKU006,Susu UHT Full Cream 1L,Minuman,kotak,21000,0.0,21000,17500,7,0,147000,24500,78,0,71,0,0,2026-08-09,89,0,0
2026-05-13,Rabu,SKU006,Susu UHT Full Cream 1L,Minuman,kotak,21000,0.0,21000,17500,15,0,315000,52500,71,0,56,0,0,2026-08-09,88,0,0
2026-05-14,Kamis,SKU006,Susu UHT Full Cream 1L,Minuman,kotak,21000,0.0,21000,17500,13,0,273000,45500,56,0,43,0,0,2026-08-09,87,0,0
2026-05-15,Jumat,SKU006,Susu UHT Full Cream 1L,Minuman,kotak,21000,0.0,21000,17500,14,0,294000,49000,43,0,29,90,0,2026-08-09,86,0,0
2026-05-16,Sabtu,SKU006,Susu UHT Full Cream 1L,Minuman,kotak,21000,0.0,21000,17500,16,0,336000,56000,119,90,103,0,0,2026-08-14,90,0,0
2026-05-17,Minggu,SKU006,Susu UHT Full Cream 1L,Minuman,kotak,21000,15.33,17800,17500,20,0,356000,6000,103,0,83,0,0,2026-08-14,89,0,0
2026-05-18,Senin,SKU006,Susu UHT Full Cream 1L,Minuman,kotak,21000,0.0,21000,17500,13,0,273000,45500,83,0,70,0,0,2026-08-14,88,0,0
2026-05-19,Selasa,SKU006,Susu UHT Full Cream 1L,Minuman,kotak,21000,0.0,21000,17500,14,0,294000,49000,70,0,56,0,0,2026-08-14,87,0,0
2026-05-20,Rabu,SKU006,Susu UHT Full Cream 1L,Minuman,kotak,21000,0.0,21000,17500,10,0,210000,35000,56,0,46,0,0,2026-08-14,86,0,0
2026-05-21,Kamis,SKU006,Susu UHT Full Cream 1L,Minuman,kotak,21000,0.0,21000,17500,9,0,189000,31500,46,0,37,0,0,2026-08-14,85,0,0
2026-05-22,Jumat,SKU006,Susu UHT Full Cream 1L,Minuman,kotak,21000,0.0,21000,17500,15,0,315000,52500,37,0,22,90,0,2026-08-14,84,0,0
2026-05-23,Sabtu,SKU006,Susu UHT Full Cream 1L,Minuman,kotak,21000,8.0,19300,17500,12,0,231600,21600,22,0,10,0,0,2026-08-14,83,0,0
2026-05-24,Minggu,SKU006,Susu UHT Full Cream 1L,Minuman,kotak,21000,0.0,21000,17500,9,0,189000,31500,10,0,1,0,0,2026-08-14,82,0,0
2026-05-25,Senin,SKU006,Susu UHT Full Cream 1L,Minuman,kotak,21000,10.0,18900,17500,15,0,283500,21000,91,90,76,0,0,2026-08-23,90,1,0
2026-05-26,Selasa,SKU006,Susu UHT Full Cream 1L,Minuman,kotak,21000,15.0,17800,17500,18,0,320400,5400,76,0,58,0,0,2026-08-23,89,1,0
2026-05-27,Rabu,SKU006,Susu UHT Full Cream 1L,Minuman,kotak,21000,0.0,21000,17500,11,0,231000,38500,58,0,47,0,0,2026-08-23,88,1,0
2026-05-28,Kamis,SKU006,Susu UHT Full Cream 1L,Minuman,kotak,21000,0.0,21000,17500,18,0,378000,63000,47,0,29,90,0,2026-08-23,87,1,0
2026-05-29,Jumat,SKU006,Susu UHT Full Cream 1L,Minuman,kotak,21000,10.0,18900,17500,22,0,415800,30800,119,90,97,0,0,2026-08-27,90,1,0
2026-05-30,Sabtu,SKU006,Susu UHT Full Cream 1L,Minuman,kotak,21000,0.0,21000,17500,13,0,273000,45500,97,0,84,0,0,2026-08-27,89,1,0
2026-05-31,Minggu,SKU006,Susu UHT Full Cream 1L,Minuman,kotak,21000,0.0,21000,17500,14,0,294000,49000,84,0,70,0,0,2026-08-27,88,1,0
2026-06-01,Senin,SKU006,Susu UHT Full Cream 1L,Minuman,kotak,21000,0.0,21000,17500,16,0,336000,56000,70,0,54,0,0,2026-08-27,87,1,0
2026-06-02,Selasa,SKU006,Susu UHT Full Cream 1L,Minuman,kotak,21000,0.0,21000,17500,12,0,252000,42000,54,0,42,0,0,2026-08-27,86,1,0
2026-06-03,Rabu,SKU006,Susu UHT Full Cream 1L,Minuman,kotak,21000,0.0,21000,17500,19,0,399000,66500,42,0,23,90,0,2026-08-27,85,1,0
2026-06-04,Kamis,SKU006,Susu UHT Full Cream 1L,Minuman,kotak,21000,0.0,21000,17500,15,0,315000,52500,23,0,8,0,0,2026-08-27,84,1,0
2026-06-05,Jumat,SKU006,Susu UHT Full Cream 1L,Minuman,kotak,21000,0.0,21000,17500,8,14,168000,28000,8,0,0,0,0,2026-08-27,83,1,0
2026-06-06,Sabtu,SKU006,Susu UHT Full Cream 1L,Minuman,kotak,21000,0.0,21000,17500,17,0,357000,59500,90,90,73,0,0,2026-09-04,90,0,0
2026-06-07,Minggu,SKU006,Susu UHT Full Cream 1L,Minuman,kotak,21000,15.33,17800,17500,17,0,302600,5100,73,0,56,0,0,2026-09-04,89,0,0
2026-06-08,Senin,SKU006,Susu UHT Full Cream 1L,Minuman,kotak,21000,0.0,21000,17500,12,0,252000,42000,56,0,44,0,0,2026-09-04,88,0,0
2026-06-09,Selasa,SKU006,Susu UHT Full Cream 1L,Minuman,kotak,21000,8.0,19300,17500,16,0,308800,28800,44,0,28,90,0,2026-09-04,87,0,0
2026-06-10,Rabu,SKU006,Susu UHT Full Cream 1L,Minuman,kotak,21000,0.0,21000,17500,17,0,357000,59500,118,90,101,0,0,2026-09-08,90,0,0
2026-06-11,Kamis,SKU006,Susu UHT Full Cream 1L,Minuman,kotak,21000,0.0,21000,17500,14,0,294000,49000,101,0,87,0,0,2026-09-08,89,0,0
2026-06-12,Jumat,SKU006,Susu UHT Full Cream 1L,Minuman,kotak,21000,12.0,18500,17500,22,0,407000,22000,87,0,65,0,0,2026-09-08,88,0,0
2026-06-13,Sabtu,SKU006,Susu UHT Full Cream 1L,Minuman,kotak,21000,15.0,17800,17500,18,0,320400,5400,65,0,47,0,0,2026-09-08,87,0,0
2026-06-14,Minggu,SKU006,Susu UHT Full Cream 1L,Minuman,kotak,21000,0.0,21000,17500,13,0,273000,45500,47,0,34,90,0,2026-09-08,86,0,0
2026-06-15,Senin,SKU006,Susu UHT Full Cream 1L,Minuman,kotak,21000,10.0,18900,17500,12,0,226800,16800,124,90,112,0,0,2026-09-13,90,0,0
2026-06-16,Selasa,SKU006,Susu UHT Full Cream 1L,Minuman,kotak,21000,0.0,21000,17500,16,0,336000,56000,112,0,96,0,0,2026-09-13,89,0,0
2026-06-17,Rabu,SKU006,Susu UHT Full Cream 1L,Minuman,kotak,21000,15.33,17800,17500,23,0,409400,6900,96,0,73,0,0,2026-09-13,88,0,0
2026-06-18,Kamis,SKU006,Susu UHT Full Cream 1L,Minuman,kotak,21000,0.0,21000,17500,15,0,315000,52500,73,0,58,0,0,2026-09-13,87,0,0
2026-06-19,Jumat,SKU006,Susu UHT Full Cream 1L,Minuman,kotak,21000,0.0,21000,17500,10,0,210000,35000,58,0,48,0,0,2026-09-13,86,0,0
2026-06-20,Sabtu,SKU006,Susu UHT Full Cream 1L,Minuman,kotak,21000,0.0,21000,17500,10,0,210000,35000,48,0,38,0,0,2026-09-13,85,0,0
2026-06-21,Minggu,SKU006,Susu UHT Full Cream 1L,Minuman,kotak,21000,0.0,21000,17500,18,0,378000,63000,38,0,20,198,0,2026-09-13,84,0,0
2026-06-22,Senin,SKU006,Susu UHT Full Cream 1L,Minuman,kotak,21000,15.33,17800,17500,14,0,249200,4200,218,198,204,0,0,2026-09-20,90,0,0
2026-06-23,Selasa,SKU006,Susu UHT Full Cream 1L,Minuman,kotak,21000,12.0,18500,17500,7,0,129500,7000,204,0,197,0,0,2026-09-20,89,0,0
2026-06-24,Rabu,SKU006,Susu UHT Full Cream 1L,Minuman,kotak,21000,0.0,21000,17500,12,0,252000,42000,197,0,185,0,0,2026-09-20,88,0,0
2026-06-25,Kamis,SKU006,Susu UHT Full Cream 1L,Minuman,kotak,21000,0.0,21000,17500,19,0,399000,66500,185,0,166,0,0,2026-09-20,87,1,0
2026-06-26,Jumat,SKU006,Susu UHT Full Cream 1L,Minuman,kotak,21000,0.0,21000,17500,22,0,462000,77000,166,0,144,0,0,2026-09-20,86,1,0
2026-06-27,Sabtu,SKU006,Susu UHT Full Cream 1L,Minuman,kotak,21000,0.0,21000,17500,26,0,546000,91000,144,0,118,0,0,2026-09-20,85,1,0
2026-06-28,Minggu,SKU006,Susu UHT Full Cream 1L,Minuman,kotak,21000,15.0,17800,17500,30,0,534000,9000,118,0,88,0,0,2026-09-20,84,1,0
2026-06-29,Senin,SKU006,Susu UHT Full Cream 1L,Minuman,kotak,21000,0.0,21000,17500,19,0,399000,66500,88,0,69,0,0,2026-09-20,83,1,0
2026-06-30,Selasa,SKU006,Susu UHT Full Cream 1L,Minuman,kotak,21000,0.0,21000,17500,13,0,273000,45500,69,0,56,0,0,2026-09-20,82,1,0
2026-07-01,Rabu,SKU006,Susu UHT Full Cream 1L,Minuman,kotak,21000,0.0,21000,17500,21,0,441000,73500,56,0,35,0,0,2026-09-20,81,1,0
2026-07-02,Kamis,SKU006,Susu UHT Full Cream 1L,Minuman,kotak,21000,10.0,18900,17500,22,0,415800,30800,35,0,13,90,0,2026-09-20,80,1,0
2026-07-03,Jumat,SKU006,Susu UHT Full Cream 1L,Minuman,kotak,21000,0.0,21000,17500,17,0,357000,59500,103,90,86,0,0,2026-10-01,90,1,0
2026-07-04,Sabtu,SKU006,Susu UHT Full Cream 1L,Minuman,kotak,21000,15.33,17800,17500,22,0,391600,6600,86,0,64,0,0,2026-10-01,89,1,0
2026-07-05,Minggu,SKU006,Susu UHT Full Cream 1L,Minuman,kotak,21000,0.0,21000,17500,18,0,378000,63000,64,0,46,0,0,2026-10-01,88,1,0
2026-07-06,Senin,SKU006,Susu UHT Full Cream 1L,Minuman,kotak,21000,0.0,21000,17500,15,0,315000,52500,46,0,31,90,0,2026-10-01,87,0,0
2026-07-07,Selasa,SKU006,Susu UHT Full Cream 1L,Minuman,kotak,21000,0.0,21000,17500,13,0,273000,45500,121,90,108,0,0,2026-10-05,90,0,0
2026-07-08,Rabu,SKU006,Susu UHT Full Cream 1L,Minuman,kotak,21000,0.0,21000,17500,9,0,189000,31500,108,0,99,0,0,2026-10-05,89,0,0
2026-07-09,Kamis,SKU006,Susu UHT Full Cream 1L,Minuman,kotak,21000,15.33,17800,17500,19,0,338200,5700,99,0,80,0,0,2026-10-05,88,0,0
2026-07-10,Jumat,SKU006,Susu UHT Full Cream 1L,Minuman,kotak,21000,15.0,17800,17500,27,0,480600,8100,80,0,53,0,0,2026-10-05,87,0,0
2026-07-11,Sabtu,SKU006,Susu UHT Full Cream 1L,Minuman,kotak,21000,0.0,21000,17500,25,0,525000,87500,53,0,28,90,0,2026-10-05,86,0,0
2026-07-12,Minggu,SKU006,Susu UHT Full Cream 1L,Minuman,kotak,21000,0.0,21000,17500,9,0,189000,31500,118,90,109,0,0,2026-10-10,90,0,0
2026-07-13,Senin,SKU006,Susu UHT Full Cream 1L,Minuman,kotak,21000,10.0,18900,17500,15,0,283500,21000,109,0,94,0,0,2026-10-10,89,0,0
2026-07-14,Selasa,SKU006,Susu UHT Full Cream 1L,Minuman,kotak,21000,15.33,17800,17500,17,0,302600,5100,94,0,77,0,0,2026-10-10,88,0,0
2026-07-15,Rabu,SKU006,Susu UHT Full Cream 1L,Minuman,kotak,21000,0.0,21000,17500,21,0,441000,73500,77,0,56,0,0,2026-10-10,87,0,0
2026-07-16,Kamis,SKU006,Susu UHT Full Cream 1L,Minuman,kotak,21000,0.0,21000,17500,11,0,231000,38500,56,0,45,0,0,2026-10-10,86,0,0
2026-07-17,Jumat,SKU006,Susu UHT Full Cream 1L,Minuman,kotak,21000,0.0,21000,17500,9,0,189000,31500,45,0,36,0,0,2026-10-10,85,0,0
2026-07-18,Sabtu,SKU006,Susu UHT Full Cream 1L,Minuman,kotak,21000,15.33,17800,17500,14,0,249200,4200,36,0,22,90,0,2026-10-10,84,0,0
2026-07-19,Minggu,SKU006,Susu UHT Full Cream 1L,Minuman,kotak,21000,15.33,17800,17500,21,0,373800,6300,22,0,1,0,0,2026-10-10,83,0,0
2026-07-20,Senin,SKU006,Susu UHT Full Cream 1L,Minuman,kotak,21000,0.0,21000,17500,19,0,399000,66500,91,90,72,0,0,2026-10-18,90,0,0
2026-07-21,Selasa,SKU006,Susu UHT Full Cream 1L,Minuman,kotak,21000,0.0,21000,17500,6,0,126000,21000,72,0,66,0,0,2026-10-18,89,0,0
2026-07-22,Rabu,SKU006,Susu UHT Full Cream 1L,Minuman,kotak,21000,0.0,21000,17500,11,0,231000,38500,66,0,55,0,0,2026-10-18,88,0,0
2026-07-23,Kamis,SKU006,Susu UHT Full Cream 1L,Minuman,kotak,21000,0.0,21000,17500,9,0,189000,31500,55,0,46,0,0,2026-10-18,87,0,0
2026-07-24,Jumat,SKU006,Susu UHT Full Cream 1L,Minuman,kotak,21000,10.0,18900,17500,13,0,245700,18200,46,0,33,90,0,2026-10-18,86,0,0
2026-07-25,Sabtu,SKU006,Susu UHT Full Cream 1L,Minuman,kotak,21000,0.0,21000,17500,33,3,693000,115500,33,0,0,0,0,2026-10-18,85,1,0
2026-07-26,Minggu,SKU006,Susu UHT Full Cream 1L,Minuman,kotak,21000,0.0,21000,17500,25,0,525000,87500,90,90,65,0,0,2026-10-24,90,1,0
2026-07-27,Senin,SKU006,Susu UHT Full Cream 1L,Minuman,kotak,21000,0.0,21000,17500,19,0,399000,66500,65,0,46,0,0,2026-10-24,89,1,0
2026-07-28,Selasa,SKU006,Susu UHT Full Cream 1L,Minuman,kotak,21000,12.0,18500,17500,19,0,351500,19000,46,0,27,90,0,2026-10-24,88,1,0
2026-07-29,Rabu,SKU006,Susu UHT Full Cream 1L,Minuman,kotak,21000,0.0,21000,17500,29,0,609000,101500,117,90,88,0,0,2026-10-27,90,1,0
2026-07-30,Kamis,SKU006,Susu UHT Full Cream 1L,Minuman,kotak,21000,10.0,18900,17500,12,0,226800,16800,88,0,76,0,0,2026-10-27,89,1,0
2026-07-31,Jumat,SKU006,Susu UHT Full Cream 1L,Minuman,kotak,21000,15.33,17800,17500,24,0,427200,7200,76,0,52,0,0,2026-10-27,88,1,0
2026-08-01,Sabtu,SKU006,Susu UHT Full Cream 1L,Minuman,kotak,21000,15.33,17800,17500,31,0,551800,9300,52,0,21,90,0,2026-10-27,87,1,0
2026-08-02,Minggu,SKU006,Susu UHT Full Cream 1L,Minuman,kotak,21000,0.0,21000,17500,15,0,315000,52500,21,0,6,0,0,2026-10-27,86,1,0
2026-08-03,Senin,SKU006,Susu UHT Full Cream 1L,Minuman,kotak,21000,0.0,21000,17500,18,0,378000,63000,96,90,78,0,0,2026-11-01,90,1,0
2026-08-04,Selasa,SKU006,Susu UHT Full Cream 1L,Minuman,kotak,21000,0.0,21000,17500,21,0,441000,73500,78,0,57,0,0,2026-11-01,89,1,0
2026-08-05,Rabu,SKU006,Susu UHT Full Cream 1L,Minuman,kotak,21000,0.0,21000,17500,11,0,231000,38500,57,0,46,0,0,2026-11-01,88,1,0
2026-08-06,Kamis,SKU006,Susu UHT Full Cream 1L,Minuman,kotak,21000,0.0,21000,17500,6,0,126000,21000,46,0,40,0,0,2026-11-01,87,0,0
2026-08-07,Jumat,SKU006,Susu UHT Full Cream 1L,Minuman,kotak,21000,15.33,17800,17500,40,4,712000,12000,40,0,0,90,0,2026-11-01,86,0,0
2026-08-08,Sabtu,SKU006,Susu UHT Full Cream 1L,Minuman,kotak,21000,0.0,21000,17500,0,22,0,0,0,0,0,0,0,2026-11-01,85,0,0
2026-08-09,Minggu,SKU006,Susu UHT Full Cream 1L,Minuman,kotak,21000,0.0,21000,17500,0,13,0,0,0,0,0,0,0,2026-11-01,84,0,0
2026-08-10,Senin,SKU006,Susu UHT Full Cream 1L,Minuman,kotak,21000,0.0,21000,17500,8,0,168000,28000,90,90,82,0,0,2026-11-08,90,0,0
2026-08-11,Selasa,SKU006,Susu UHT Full Cream 1L,Minuman,kotak,21000,0.0,21000,17500,12,0,252000,42000,82,0,70,0,0,2026-11-08,89,0,0
2026-08-12,Rabu,SKU006,Susu UHT Full Cream 1L,Minuman,kotak,21000,0.0,21000,17500,6,0,126000,21000,70,0,64,0,0,2026-11-08,88,0,0
2026-08-13,Kamis,SKU006,Susu UHT Full Cream 1L,Minuman,kotak,21000,0.0,21000,17500,9,0,189000,31500,64,0,55,0,0,2026-11-08,87,0,0
2026-08-14,Jumat,SKU006,Susu UHT Full Cream 1L,Minuman,kotak,21000,0.0,21000,17500,9,0,189000,31500,55,0,46,0,0,2026-11-08,86,0,0
2026-08-15,Sabtu,SKU006,Susu UHT Full Cream 1L,Minuman,kotak,21000,0.0,21000,17500,16,0,336000,56000,46,0,30,90,0,2026-11-08,85,0,0
2026-08-16,Minggu,SKU006,Susu UHT Full Cream 1L,Minuman,kotak,21000,0.0,21000,17500,10,0,210000,35000,120,90,110,0,0,2026-11-14,90,0,0
2026-08-17,Senin,SKU006,Susu UHT Full Cream 1L,Minuman,kotak,21000,0.0,21000,17500,10,0,210000,35000,110,0,100,0,0,2026-11-14,89,0,0
2025-08-18,Senin,SKU007,Kopi Sachet Isi 10,Minuman,renceng,12000,21.47,9400,9200,12,0,112800,2400,62,0,50,0,0,2026-05-25,280,0,0
2025-08-19,Selasa,SKU007,Kopi Sachet Isi 10,Minuman,renceng,12000,18.0,9800,9200,16,0,156800,9600,50,0,34,110,0,2026-05-25,279,0,0
2025-08-20,Rabu,SKU007,Kopi Sachet Isi 10,Minuman,renceng,12000,0.0,12000,9200,17,0,204000,47600,144,110,127,0,0,2026-06-16,300,0,0
2025-08-21,Kamis,SKU007,Kopi Sachet Isi 10,Minuman,renceng,12000,10.0,10800,9200,15,0,162000,24000,127,0,112,0,0,2026-06-16,299,0,0
2025-08-22,Jumat,SKU007,Kopi Sachet Isi 10,Minuman,renceng,12000,18.0,9800,9200,24,0,235200,14400,112,0,88,0,0,2026-06-16,298,0,0
2025-08-23,Sabtu,SKU007,Kopi Sachet Isi 10,Minuman,renceng,12000,0.0,12000,9200,22,0,264000,61600,88,0,66,0,0,2026-06-16,297,0,0
2025-08-24,Minggu,SKU007,Kopi Sachet Isi 10,Minuman,renceng,12000,10.0,10800,9200,18,0,194400,28800,66,0,48,0,0,2026-06-16,296,0,0
2025-08-25,Senin,SKU007,Kopi Sachet Isi 10,Minuman,renceng,12000,0.0,12000,9200,20,0,240000,56000,48,0,28,110,0,2026-06-16,295,1,0
2025-08-26,Selasa,SKU007,Kopi Sachet Isi 10,Minuman,renceng,12000,0.0,12000,9200,23,0,276000,64400,138,110,115,0,0,2026-06-22,300,1,0
2025-08-27,Rabu,SKU007,Kopi Sachet Isi 10,Minuman,renceng,12000,0.0,12000,9200,17,0,204000,47600,115,0,98,0,0,2026-06-22,299,1,0
2025-08-28,Kamis,SKU007,Kopi Sachet Isi 10,Minuman,renceng,12000,5.0,11400,9200,17,0,193800,37400,98,0,81,0,0,2026-06-22,298,1,0
2025-08-29,Jumat,SKU007,Kopi Sachet Isi 10,Minuman,renceng,12000,20.0,9600,9200,36,0,345600,14400,81,0,45,0,0,2026-06-22,297,1,0
2025-08-30,Sabtu,SKU007,Kopi Sachet Isi 10,Minuman,renceng,12000,0.0,12000,9200,30,0,360000,84000,45,0,15,110,0,2026-06-22,296,1,0
2025-08-31,Minggu,SKU007,Kopi Sachet Isi 10,Minuman,renceng,12000,0.0,12000,9200,15,14,180000,42000,15,0,0,0,0,2026-06-22,295,1,0
2025-09-01,Senin,SKU007,Kopi Sachet Isi 10,Minuman,renceng,12000,0.0,12000,9200,0,15,0,0,0,0,0,0,0,2026-06-22,294,1,0
2025-09-02,Selasa,SKU007,Kopi Sachet Isi 10,Minuman,renceng,12000,0.0,12000,9200,16,0,192000,44800,110,110,94,0,0,2026-06-29,300,1,0
2025-09-03,Rabu,SKU007,Kopi Sachet Isi 10,Minuman,renceng,12000,0.0,12000,9200,13,0,156000,36400,94,0,81,0,0,2026-06-29,299,1,0
2025-09-04,Kamis,SKU007,Kopi Sachet Isi 10,Minuman,renceng,12000,15.0,10200,9200,27,0,275400,27000,81,0,54,0,0,2026-06-29,298,1,0
2025-09-05,Jumat,SKU007,Kopi Sachet Isi 10,Minuman,renceng,12000,21.47,9400,9200,40,0,376000,8000,54,0,14,110,0,2026-06-29,297,1,0
2025-09-06,Sabtu,SKU007,Kopi Sachet Isi 10,Minuman,renceng,12000,0.0,12000,9200,24,0,288000,67200,124,110,100,0,0,2026-07-03,300,0,0
2025-09-07,Minggu,SKU007,Kopi Sachet Isi 10,Minuman,renceng,12000,5.0,11400,9200,27,0,307800,59400,100,0,73,0,0,2026-07-03,299,0,0
2025-09-08,Senin,SKU007,Kopi Sachet Isi 10,Minuman,renceng,12000,0.0,12000,9200,12,0,144000,33600,73,0,61,0,0,2026-07-03,298,0,0
2025-09-09,Selasa,SKU007,Kopi Sachet Isi 10,Minuman,renceng,12000,0.0,12000,9200,12,0,144000,33600,61,0,49,0,0,2026-07-03,297,0,0
2025-09-10,Rabu,SKU007,Kopi Sachet Isi 10,Minuman,renceng,12000,0.0,12000,9200,20,0,240000,56000,49,0,29,110,0,2026-07-03,296,0,0
2025-09-11,Kamis,SKU007,Kopi Sachet Isi 10,Minuman,renceng,12000,5.0,11400,9200,10,0,114000,22000,139,110,129,0,0,2026-07-08,300,0,0
2025-09-12,Jumat,SKU007,Kopi Sachet Isi 10,Minuman,renceng,12000,18.0,9800,9200,19,0,186200,11400,129,0,110,0,0,2026-07-08,299,0,0
2025-09-13,Sabtu,SKU007,Kopi Sachet Isi 10,Minuman,renceng,12000,5.0,11400,9200,22,0,250800,48400,110,0,88,0,0,2026-07-08,298,0,0
2025-09-14,Minggu,SKU007,Kopi Sachet Isi 10,Minuman,renceng,12000,0.0,12000,9200,19,0,228000,53200,88,0,69,0,0,2026-07-08,297,0,0
2025-09-15,Senin,SKU007,Kopi Sachet Isi 10,Minuman,renceng,12000,0.0,12000,9200,12,0,144000,33600,69,0,57,0,0,2026-07-08,296,0,0
2025-09-16,Selasa,SKU007,Kopi Sachet Isi 10,Minuman,renceng,12000,0.0,12000,9200,16,0,192000,44800,57,0,41,110,0,2026-07-08,295,0,0
2025-09-17,Rabu,SKU007,Kopi Sachet Isi 10,Minuman,renceng,12000,0.0,12000,9200,12,0,144000,33600,41,0,29,0,0,2026-07-08,294,0,0
2025-09-18,Kamis,SKU007,Kopi Sachet Isi 10,Minuman,renceng,12000,0.0,12000,9200,16,0,192000,44800,29,0,13,0,0,2026-07-08,293,0,0
2025-09-19,Jumat,SKU007,Kopi Sachet Isi 10,Minuman,renceng,12000,0.0,12000,9200,11,0,132000,30800,123,110,112,0,0,2026-07-16,300,0,0
2025-09-20,Sabtu,SKU007,Kopi Sachet Isi 10,Minuman,renceng,12000,21.47,9400,9200,36,0,338400,7200,112,0,76,0,0,2026-07-16,299,0,0
2025-09-21,Minggu,SKU007,Kopi Sachet Isi 10,Minuman,renceng,12000,0.0,12000,9200,12,0,144000,33600,76,0,64,0,0,2026-07-16,298,0,0
2025-09-22,Senin,SKU007,Kopi Sachet Isi 10,Minuman,renceng,12000,0.0,12000,9200,16,0,192000,44800,64,0,48,0,0,2026-07-16,297,0,0
2025-09-23,Selasa,SKU007,Kopi Sachet Isi 10,Minuman,renceng,12000,0.0,12000,9200,16,0,192000,44800,48,0,32,110,0,2026-07-16,296,0,0
2025-09-24,Rabu,SKU007,Kopi Sachet Isi 10,Minuman,renceng,12000,0.0,12000,9200,17,0,204000,47600,32,0,15,0,0,2026-07-16,295,0,0
2025-09-25,Kamis,SKU007,Kopi Sachet Isi 10,Minuman,renceng,12000,0.0,12000,9200,15,0,180000,42000,15,0,0,0,0,2026-07-16,294,1,0
2025-09-26,Jumat,SKU007,Kopi Sachet Isi 10,Minuman,renceng,12000,0.0,12000,9200,28,0,336000,78400,110,110,82,0,0,2026-07-23,300,1,0
2025-09-27,Sabtu,SKU007,Kopi Sachet Isi 10,Minuman,renceng,12000,21.47,9400,9200,38,0,357200,7600,82,0,44,0,0,2026-07-23,299,1,0
2025-09-28,Minggu,SKU007,Kopi Sachet Isi 10,Minuman,renceng,12000,0.0,12000,9200,32,0,384000,89600,44,0,12,110,0,2026-07-23,298,1,0
2025-09-29,Senin,SKU007,Kopi Sachet Isi 10,Minuman,renceng,12000,8.0,11000,9200,12,16,132000,21600,12,0,0,0,0,2026-07-23,297,1,0
2025-09-30,Selasa,SKU007,Kopi Sachet Isi 10,Minuman,renceng,12000,8.0,11000,9200,0,17,0,0,0,0,0,0,0,2026-07-23,296,1,0
2025-10-01,Rabu,SKU007,Kopi Sachet Isi 10,Minuman,renceng,12000,0.0,12000,9200,21,0,252000,58800,110,110,89,0,0,2026-07-28,300,1,0
2025-10-02,Kamis,SKU007,Kopi Sachet Isi 10,Minuman,renceng,12000,0.0,12000,9200,13,0,156000,36400,89,0,76,0,0,2026-07-28,299,1,0
2025-10-03,Jumat,SKU007,Kopi Sachet Isi 10,Minuman,renceng,12000,8.0,11000,9200,18,0,198000,32400,76,0,58,0,0,2026-07-28,298,1,0
2025-10-04,Sabtu,SKU007,Kopi Sachet Isi 10,Minuman,renceng,12000,0.0,12000,9200,32,0,384000,89600,58,0,26,110,0,2026-07-28,297,1,0
2025-10-05,Minggu,SKU007,Kopi Sachet Isi 10,Minuman,renceng,12000,21.47,9400,9200,22,0,206800,4400,26,0,4,0,0,2026-07-28,296,1,0
2025-10-06,Senin,SKU007,Kopi Sachet Isi 10,Minuman,renceng,12000,0.0,12000,9200,14,0,168000,39200,114,110,100,0,0,2026-08-02,300,0,0
2025-10-07,Selasa,SKU007,Kopi Sachet Isi 10,Minuman,renceng,12000,0.0,12000,9200,21,0,252000,58800,100,0,79,0,0,2026-08-02,299,0,0
2025-10-08,Rabu,SKU007,Kopi Sachet Isi 10,Minuman,renceng,12000,0.0,12000,9200,15,0,180000,42000,79,0,64,0,0,2026-08-02,298,0,0
2025-10-09,Kamis,SKU007,Kopi Sachet Isi 10,Minuman,renceng,12000,0.0,12000,9200,14,0,168000,39200,64,0,50,0,0,2026-08-02,297,0,0
2025-10-10,Jumat,SKU007,Kopi Sachet Isi 10,Minuman,renceng,12000,0.0,12000,9200,27,0,324000,75600,50,0,23,110,0,2026-08-02,296,0,0
2025-10-11,Sabtu,SKU007,Kopi Sachet Isi 10,Minuman,renceng,12000,0.0,12000,9200,15,0,180000,42000,133,110,118,0,0,2026-08-07,300,0,0
2025-10-12,Minggu,SKU007,Kopi Sachet Isi 10,Minuman,renceng,12000,5.0,11400,9200,21,0,239400,46200,118,0,97,0,0,2026-08-07,299,0,0
2025-10-13,Senin,SKU007,Kopi Sachet Isi 10,Minuman,renceng,12000,0.0,12000,9200,12,0,144000,33600,97,0,85,0,0,2026-08-07,298,0,0
2025-10-14,Selasa,SKU007,Kopi Sachet Isi 10,Minuman,renceng,12000,0.0,12000,9200,11,0,132000,30800,85,0,74,0,0,2026-08-07,297,0,0
2025-10-15,Rabu,SKU007,Kopi Sachet Isi 10,Minuman,renceng,12000,0.0,12000,9200,11,0,132000,30800,74,0,63,0,0,2026-08-07,296,0,0
2025-10-16,Kamis,SKU007,Kopi Sachet Isi 10,Minuman,renceng,12000,0.0,12000,9200,11,0,132000,30800,63,0,52,0,0,2026-08-07,295,0,0
2025-10-17,Jumat,SKU007,Kopi Sachet Isi 10,Minuman,renceng,12000,0.0,12000,9200,16,0,192000,44800,52,0,36,110,0,2026-08-07,294,0,0
2025-10-18,Sabtu,SKU007,Kopi Sachet Isi 10,Minuman,renceng,12000,0.0,12000,9200,13,0,156000,36400,36,0,23,0,0,2026-08-07,293,0,0
2025-10-19,Minggu,SKU007,Kopi Sachet Isi 10,Minuman,renceng,12000,21.47,9400,9200,20,0,188000,4000,133,110,113,0,0,2026-08-15,300,0,0
2025-10-20,Senin,SKU007,Kopi Sachet Isi 10,Minuman,renceng,12000,18.0,9800,9200,21,0,205800,12600,113,0,92,0,0,2026-08-15,299,0,0
2025-10-21,Selasa,SKU007,Kopi Sachet Isi 10,Minuman,renceng,12000,0.0,12000,9200,16,0,192000,44800,92,0,76,0,0,2026-08-15,298,0,0
2025-10-22,Rabu,SKU007,Kopi Sachet Isi 10,Minuman,renceng,12000,0.0,12000,9200,10,0,120000,28000,76,0,66,0,0,2026-08-15,297,0,0
2025-10-23,Kamis,SKU007,Kopi Sachet Isi 10,Minuman,renceng,12000,0.0,12000,9200,13,0,156000,36400,66,0,53,0,0,2026-08-15,296,0,0
2025-10-24,Jumat,SKU007,Kopi Sachet Isi 10,Minuman,renceng,12000,0.0,12000,9200,11,0,132000,30800,53,0,42,110,0,2026-08-15,295,0,0
2025-10-25,Sabtu,SKU007,Kopi Sachet Isi 10,Minuman,renceng,12000,0.0,12000,9200,30,0,360000,84000,152,110,122,0,0,2026-08-21,300,1,0
2025-10-26,Minggu,SKU007,Kopi Sachet Isi 10,Minuman,renceng,12000,0.0,12000,9200,22,0,264000,61600,122,0,100,0,0,2026-08-21,299,1,0
2025-10-27,Senin,SKU007,Kopi Sachet Isi 10,Minuman,renceng,12000,0.0,12000,9200,13,0,156000,36400,100,0,87,0,0,2026-08-21,298,1,0
2025-10-28,Selasa,SKU007,Kopi Sachet Isi 10,Minuman,renceng,12000,0.0,12000,9200,29,0,348000,81200,87,0,58,0,0,2026-08-21,297,1,0
2025-10-29,Rabu,SKU007,Kopi Sachet Isi 10,Minuman,renceng,12000,0.0,12000,9200,15,0,180000,42000,58,0,43,0,0,2026-08-21,296,1,0
2025-10-30,Kamis,SKU007,Kopi Sachet Isi 10,Minuman,renceng,12000,21.47,9400,9200,25,0,235000,5000,43,0,18,110,0,2026-08-21,295,1,0
2025-10-31,Jumat,SKU007,Kopi Sachet Isi 10,Minuman,renceng,12000,0.0,12000,9200,17,0,204000,47600,18,0,1,0,0,2026-08-21,294,1,0
2025-11-01,Sabtu,SKU007,Kopi Sachet Isi 10,Minuman,renceng,12000,0.0,12000,9200,28,0,336000,78400,111,110,83,0,0,2026-08-28,300,1,0
2025-11-02,Minggu,SKU007,Kopi Sachet Isi 10,Minuman,renceng,12000,21.47,9400,9200,38,0,357200,7600,83,0,45,0,0,2026-08-28,299,1,0
2025-11-03,Senin,SKU007,Kopi Sachet Isi 10,Minuman,renceng,12000,0.0,12000,9200,13,0,156000,36400,45,0,32,110,0,2026-08-28,298,1,0
2025-11-04,Selasa,SKU007,Kopi Sachet Isi 10,Minuman,renceng,12000,0.0,12000,9200,18,0,216000,50400,32,0,14,0,0,2026-08-28,297,1,0
2025-11-05,Rabu,SKU007,Kopi Sachet Isi 10,Minuman,renceng,12000,0.0,12000,9200,20,0,240000,56000,124,110,104,0,0,2026-09-01,300,1,0
2025-11-06,Kamis,SKU007,Kopi Sachet Isi 10,Minuman,renceng,12000,0.0,12000,9200,21,0,252000,58800,104,0,83,0,0,2026-09-01,299,0,0
2025-11-07,Jumat,SKU007,Kopi Sachet Isi 10,Minuman,renceng,12000,0.0,12000,9200,10,0,120000,28000,83,0,73,0,0,2026-09-01,298,0,0
2025-11-08,Sabtu,SKU007,Kopi Sachet Isi 10,Minuman,renceng,12000,0.0,12000,9200,19,0,228000,53200,73,0,54,0,0,2026-09-01,297,0,0
2025-11-09,Minggu,SKU007,Kopi Sachet Isi 10,Minuman,renceng,12000,20.0,9600,9200,17,0,163200,6800,54,0,37,242,0,2026-09-01,296,0,0
2025-11-10,Senin,SKU007,Kopi Sachet Isi 10,Minuman,renceng,12000,0.0,12000,9200,18,0,216000,50400,279,242,261,0,0,2026-09-06,300,0,0
2025-11-11,Selasa,SKU007,Kopi Sachet Isi 10,Minuman,renceng,12000,0.0,12000,9200,15,0,180000,42000,261,0,246,0,0,2026-09-06,299,0,0
2025-11-12,Rabu,SKU007,Kopi Sachet Isi 10,Minuman,renceng,12000,20.0,9600,9200,30,0,288000,12000,246,0,216,0,0,2026-09-06,298,0,0
2025-11-13,Kamis,SKU007,Kopi Sachet Isi 10,Minuman,renceng,12000,0.0,12000,9200,11,0,132000,30800,216,0,205,0,0,2026-09-06,297,0,0
2025-11-14,Jumat,SKU007,Kopi Sachet Isi 10,Minuman,renceng,12000,21.47,9400,9200,39,0,366600,7800,205,0,166,0,0,2026-09-06,296,0,0
2025-11-15,Sabtu,SKU007,Kopi Sachet Isi 10,Minuman,renceng,12000,0.0,12000,9200,18,0,216000,50400,166,0,148,0,0,2026-09-06,295,0,0
2025-11-16,Minggu,SKU007,Kopi Sachet Isi 10,Minuman,renceng,12000,21.47,9400,9200,25,0,235000,5000,148,0,123,0,0,2026-09-06,294,0,0
2025-11-17,Senin,SKU007,Kopi Sachet Isi 10,Minuman,renceng,12000,0.0,12000,9200,10,0,120000,28000,123,0,113,0,0,2026-09-06,293,0,0
2025-11-18,Selasa,SKU007,Kopi Sachet Isi 10,Minuman,renceng,12000,0.0,12000,9200,10,0,120000,28000,113,0,103,0,0,2026-09-06,292,0,0
2025-11-19,Rabu,SKU007,Kopi Sachet Isi 10,Minuman,renceng,12000,20.0,9600,9200,17,0,163200,6800,103,0,86,0,0,2026-09-06,291,0,0
2025-11-20,Kamis,SKU007,Kopi Sachet Isi 10,Minuman,renceng,12000,0.0,12000,9200,15,0,180000,42000,86,0,71,0,0,2026-09-06,290,0,0
2025-11-21,Jumat,SKU007,Kopi Sachet Isi 10,Minuman,renceng,12000,0.0,12000,9200,20,0,240000,56000,71,0,51,0,0,2026-09-06,289,0,0
2025-11-22,Sabtu,SKU007,Kopi Sachet Isi 10,Minuman,renceng,12000,18.0,9800,9200,27,0,264600,16200,51,0,24,110,0,2026-09-06,288,0,0
2025-11-23,Minggu,SKU007,Kopi Sachet Isi 10,Minuman,renceng,12000,8.0,11000,9200,21,0,231000,37800,24,0,3,0,0,2026-09-06,287,0,0
2025-11-24,Senin,SKU007,Kopi Sachet Isi 10,Minuman,renceng,12000,0.0,12000,9200,15,0,180000,42000,113,110,98,0,0,2026-09-20,300,0,0
2025-11-25,Selasa,SKU007,Kopi Sachet Isi 10,Minuman,renceng,12000,0.0,12000,9200,13,0,156000,36400,98,0,85,0,0,2026-09-20,299,1,0
2025-11-26,Rabu,SKU007,Kopi Sachet Isi 10,Minuman,renceng,12000,0.0,12000,9200,20,0,240000,56000,85,0,65,0,0,2026-09-20,298,1,0
2025-11-27,Kamis,SKU007,Kopi Sachet Isi 10,Minuman,renceng,12000,0.0,12000,9200,17,0,204000,47600,65,0,48,0,0,2026-09-20,297,1,0
2025-11-28,Jumat,SKU007,Kopi Sachet Isi 10,Minuman,renceng,12000,15.0,10200,9200,31,0,316200,31000,48,0,17,110,0,2026-09-20,296,1,0
2025-11-29,Sabtu,SKU007,Kopi Sachet Isi 10,Minuman,renceng,12000,0.0,12000,9200,17,2,204000,47600,17,0,0,0,0,2026-09-20,295,1,0
2025-11-30,Minggu,SKU007,Kopi Sachet Isi 10,Minuman,renceng,12000,0.0,12000,9200,0,29,0,0,0,0,0,0,0,2026-09-20,294,1,0
2025-12-01,Senin,SKU007,Kopi Sachet Isi 10,Minuman,renceng,12000,0.0,12000,9200,14,0,168000,39200,110,110,96,0,0,2026-09-27,300,1,0
2025-12-02,Selasa,SKU007,Kopi Sachet Isi 10,Minuman,renceng,12000,0.0,12000,9200,15,0,180000,42000,96,0,81,0,0,2026-09-27,299,1,0
2025-12-03,Rabu,SKU007,Kopi Sachet Isi 10,Minuman,renceng,12000,20.0,9600,9200,35,0,336000,14000,81,0,46,0,0,2026-09-27,298,1,0
2025-12-04,Kamis,SKU007,Kopi Sachet Isi 10,Minuman,renceng,12000,0.0,12000,9200,17,0,204000,47600,46,0,29,110,0,2026-09-27,297,1,0
2025-12-05,Jumat,SKU007,Kopi Sachet Isi 10,Minuman,renceng,12000,0.0,12000,9200,19,0,228000,53200,139,110,120,0,0,2026-10-01,300,1,0
2025-12-06,Sabtu,SKU007,Kopi Sachet Isi 10,Minuman,renceng,12000,0.0,12000,9200,17,0,204000,47600,120,0,103,0,0,2026-10-01,299,0,0
2025-12-07,Minggu,SKU007,Kopi Sachet Isi 10,Minuman,renceng,12000,0.0,12000,9200,18,0,216000,50400,103,0,85,0,0,2026-10-01,298,0,0
2025-12-08,Senin,SKU007,Kopi Sachet Isi 10,Minuman,renceng,12000,0.0,12000,9200,21,0,252000,58800,85,0,64,0,0,2026-10-01,297,0,0
2025-12-09,Selasa,SKU007,Kopi Sachet Isi 10,Minuman,renceng,12000,0.0,12000,9200,10,0,120000,28000,64,0,54,0,0,2026-10-01,296,0,0
2025-12-10,Rabu,SKU007,Kopi Sachet Isi 10,Minuman,renceng,12000,0.0,12000,9200,21,0,252000,58800,54,0,33,110,0,2026-10-01,295,0,0
2025-12-11,Kamis,SKU007,Kopi Sachet Isi 10,Minuman,renceng,12000,15.0,10200,9200,23,0,234600,23000,33,0,10,0,0,2026-10-01,294,0,0
2025-12-12,Jumat,SKU007,Kopi Sachet Isi 10,Minuman,renceng,12000,21.47,9400,9200,28,0,263200,5600,120,110,92,0,0,2026-10-08,300,0,0
2025-12-13,Sabtu,SKU007,Kopi Sachet Isi 10,Minuman,renceng,12000,0.0,12000,9200,21,0,252000,58800,92,0,71,0,0,2026-10-08,299,0,0
2025-12-14,Minggu,SKU007,Kopi Sachet Isi 10,Minuman,renceng,12000,0.0,12000,9200,22,0,264000,61600,71,0,49,0,0,2026-10-08,298,0,0
2025-12-15,Senin,SKU007,Kopi Sachet Isi 10,Minuman,renceng,12000,0.0,12000,9200,11,0,132000,30800,49,0,38,110,0,2026-10-08,297,0,0
2025-12-16,Selasa,SKU007,Kopi Sachet Isi 10,Minuman,renceng,12000,0.0,12000,9200,12,0,144000,33600,38,0,26,0,0,2026-10-08,296,0,0
2025-12-17,Rabu,SKU007,Kopi Sachet Isi 10,Minuman,renceng,12000,0.0,12000,9200,18,0,216000,50400,136,110,118,0,0,2026-10-13,300,0,0
2025-12-18,Kamis,SKU007,Kopi Sachet Isi 10,Minuman,renceng,12000,0.0,12000,9200,15,0,180000,42000,118,0,103,0,0,2026-10-13,299,0,0
2025-12-19,Jumat,SKU007,Kopi Sachet Isi 10,Minuman,renceng,12000,0.0,12000,9200,13,0,156000,36400,103,0,90,0,0,2026-10-13,298,0,0
2025-12-20,Sabtu,SKU007,Kopi Sachet Isi 10,Minuman,renceng,12000,0.0,12000,9200,17,0,204000,47600,90,0,73,0,0,2026-10-13,297,0,0
2025-12-21,Minggu,SKU007,Kopi Sachet Isi 10,Minuman,renceng,12000,0.0,12000,9200,27,0,324000,75600,73,0,46,0,0,2026-10-13,296,0,0
2025-12-22,Senin,SKU007,Kopi Sachet Isi 10,Minuman,renceng,12000,0.0,12000,9200,15,0,180000,42000,46,0,31,110,0,2026-10-13,295,0,0
2025-12-23,Selasa,SKU007,Kopi Sachet Isi 10,Minuman,renceng,12000,5.0,11400,9200,16,0,182400,35200,31,0,15,0,0,2026-10-13,294,0,0
2025-12-24,Rabu,SKU007,Kopi Sachet Isi 10,Minuman,renceng,12000,18.0,9800,9200,15,0,147000,9000,125,110,110,0,0,2026-10-20,300,0,0
2025-12-25,Kamis,SKU007,Kopi Sachet Isi 10,Minuman,renceng,12000,8.0,11000,9200,21,0,231000,37800,110,0,89,0,0,2026-10-20,299,1,0
2025-12-26,Jumat,SKU007,Kopi Sachet Isi 10,Minuman,renceng,12000,0.0,12000,9200,26,0,312000,72800,89,0,63,0,0,2026-10-20,298,1,0
2025-12-27,Sabtu,SKU007,Kopi Sachet Isi 10,Minuman,renceng,12000,0.0,12000,9200,32,0,384000,89600,63,0,31,110,0,2026-10-20,297,1,0
2025-12-28,Minggu,SKU007,Kopi Sachet Isi 10,Minuman,renceng,12000,0.0,12000,9200,25,0,300000,70000,141,110,116,0,0,2026-10-24,300,1,0
2025-12-29,Senin,SKU007,Kopi Sachet Isi 10,Minuman,renceng,12000,0.0,12000,9200,10,0,120000,28000,116,0,106,0,0,2026-10-24,299,1,0
2025-12-30,Selasa,SKU007,Kopi Sachet Isi 10,Minuman,renceng,12000,8.0,11000,9200,18,0,198000,32400,106,0,88,0,0,2026-10-24,298,1,0
2025-12-31,Rabu,SKU007,Kopi Sachet Isi 10,Minuman,renceng,12000,18.0,9800,9200,29,0,284200,17400,88,0,59,0,0,2026-10-24,297,1,0
2026-01-01,Kamis,SKU007,Kopi Sachet Isi 10,Minuman,renceng,12000,0.0,12000,9200,20,0,240000,56000,59,0,39,242,0,2026-10-24,296,1,0
2026-01-02,Jumat,SKU007,Kopi Sachet Isi 10,Minuman,renceng,12000,21.47,9400,9200,35,0,329000,7000,39,0,4,0,0,2026-10-24,295,1,0
2026-01-03,Sabtu,SKU007,Kopi Sachet Isi 10,Minuman,renceng,12000,0.0,12000,9200,4,16,48000,11200,4,0,0,0,0,2026-10-24,294,1,0
2026-01-04,Minggu,SKU007,Kopi Sachet Isi 10,Minuman,renceng,12000,0.0,12000,9200,27,0,324000,75600,242,242,215,0,0,2026-10-31,300,1,0
2026-01-05,Senin,SKU007,Kopi Sachet Isi 10,Minuman,renceng,12000,0.0,12000,9200,13,0,156000,36400,215,0,202,0,0,2026-10-31,299,1,0
2026-01-06,Selasa,SKU007,Kopi Sachet Isi 10,Minuman,renceng,12000,0.0,12000,9200,19,0,228000,53200,202,0,183,0,0,2026-10-31,298,0,0
2026-01-07,Rabu,SKU007,Kopi Sachet Isi 10,Minuman,renceng,12000,0.0,12000,9200,20,0,240000,56000,183,0,163,0,0,2026-10-31,297,0,0
2026-01-08,Kamis,SKU007,Kopi Sachet Isi 10,Minuman,renceng,12000,0.0,12000,9200,23,0,276000,64400,163,0,140,0,0,2026-10-31,296,0,0
2026-01-09,Jumat,SKU007,Kopi Sachet Isi 10,Minuman,renceng,12000,21.47,9400,9200,27,0,253800,5400,140,0,113,0,0,2026-10-31,295,0,0
2026-01-10,Sabtu,SKU007,Kopi Sachet Isi 10,Minuman,renceng,12000,0.0,12000,9200,28,0,336000,78400,113,0,85,0,0,2026-10-31,294,0,0
2026-01-11,Minggu,SKU007,Kopi Sachet Isi 10,Minuman,renceng,12000,10.0,10800,9200,21,0,226800,33600,85,0,64,0,0,2026-10-31,293,0,0
2026-01-12,Senin,SKU007,Kopi Sachet Isi 10,Minuman,renceng,12000,18.0,9800,9200,21,0,205800,12600,64,0,43,0,0,2026-10-31,292,0,0
2026-01-13,Selasa,SKU007,Kopi Sachet Isi 10,Minuman,renceng,12000,0.0,12000,9200,10,0,120000,28000,43,0,33,110,0,2026-10-31,291,0,0
2026-01-14,Rabu,SKU007,Kopi Sachet Isi 10,Minuman,renceng,12000,0.0,12000,9200,19,0,228000,53200,33,0,14,0,0,2026-10-31,290,0,0
2026-01-15,Kamis,SKU007,Kopi Sachet Isi 10,Minuman,renceng,12000,0.0,12000,9200,18,0,216000,50400,124,110,106,0,0,2026-11-11,300,0,0
2026-01-16,Jumat,SKU007,Kopi Sachet Isi 10,Minuman,renceng,12000,0.0,12000,9200,13,0,156000,36400,106,0,93,0,0,2026-11-11,299,0,0
2026-01-17,Sabtu,SKU007,Kopi Sachet Isi 10,Minuman,renceng,12000,8.0,11000,9200,18,0,198000,32400,93,0,75,0,0,2026-11-11,298,0,0
2026-01-18,Minggu,SKU007,Kopi Sachet Isi 10,Minuman,renceng,12000,0.0,12000,9200,21,0,252000,58800,75,0,54,0,0,2026-11-11,297,0,0
2026-01-19,Senin,SKU007,Kopi Sachet Isi 10,Minuman,renceng,12000,0.0,12000,9200,7,0,84000,19600,54,0,47,0,0,2026-11-11,296,0,0
2026-01-20,Selasa,SKU007,Kopi Sachet Isi 10,Minuman,renceng,12000,0.0,12000,9200,26,0,312000,72800,47,0,21,110,0,2026-11-11,295,0,0
2026-01-21,Rabu,SKU007,Kopi Sachet Isi 10,Minuman,renceng,12000,0.0,12000,9200,13,0,156000,36400,21,0,8,0,0,2026-11-11,294,0,0
2026-01-22,Kamis,SKU007,Kopi Sachet Isi 10,Minuman,renceng,12000,0.0,12000,9200,24,0,288000,67200,118,110,94,0,0,2026-11-18,300,0,0
2026-01-23,Jumat,SKU007,Kopi Sachet Isi 10,Minuman,renceng,12000,0.0,12000,9200,19,0,228000,53200,94,0,75,0,0,2026-11-18,299,0,0
2026-01-24,Sabtu,SKU007,Kopi Sachet Isi 10,Minuman,renceng,12000,0.0,12000,9200,24,0,288000,67200,75,0,51,0,0,2026-11-18,298,0,0
2026-01-25,Minggu,SKU007,Kopi Sachet Isi 10,Minuman,renceng,12000,0.0,12000,9200,15,0,180000,42000,51,0,36,110,0,2026-11-18,297,1,0
2026-01-26,Senin,SKU007,Kopi Sachet Isi 10,Minuman,renceng,12000,0.0,12000,9200,22,0,264000,61600,36,0,14,0,0,2026-11-18,296,1,0
2026-01-27,Selasa,SKU007,Kopi Sachet Isi 10,Minuman,renceng,12000,0.0,12000,9200,12,0,144000,33600,124,110,112,0,0,2026-11-23,300,1,0
2026-01-28,Rabu,SKU007,Kopi Sachet Isi 10,Minuman,renceng,12000,0.0,12000,9200,13,0,156000,36400,112,0,99,0,0,2026-11-23,299,1,0
2026-01-29,Kamis,SKU007,Kopi Sachet Isi 10,Minuman,renceng,12000,0.0,12000,9200,9,0,108000,25200,99,0,90,0,0,2026-11-23,298,1,0
2026-01-30,Jumat,SKU007,Kopi Sachet Isi 10,Minuman,renceng,12000,0.0,12000,9200,28,0,336000,78400,90,0,62,0,0,2026-11-23,297,1,0
2026-01-31,Sabtu,SKU007,Kopi Sachet Isi 10,Minuman,renceng,12000,8.0,11000,9200,33,0,363000,59400,62,0,29,110,0,2026-11-23,296,1,0
2026-02-01,Minggu,SKU007,Kopi Sachet Isi 10,Minuman,renceng,12000,20.0,9600,9200,29,16,278400,11600,29,0,0,0,0,2026-11-23,295,1,0
2026-02-02,Senin,SKU007,Kopi Sachet Isi 10,Minuman,renceng,12000,21.47,9400,9200,0,30,0,0,0,0,0,0,0,2026-11-23,294,1,0
2026-02-03,Selasa,SKU007,Kopi Sachet Isi 10,Minuman,renceng,12000,20.0,9600,9200,21,0,201600,8400,110,110,89,0,0,2026-11-30,300,1,0
2026-02-04,Rabu,SKU007,Kopi Sachet Isi 10,Minuman,renceng,12000,0.0,12000,9200,25,0,300000,70000,89,0,64,0,0,2026-11-30,299,1,0
2026-02-05,Kamis,SKU007,Kopi Sachet Isi 10,Minuman,renceng,12000,21.47,9400,9200,36,0,338400,7200,64,0,28,110,0,2026-11-30,298,1,0
2026-02-06,Jumat,SKU007,Kopi Sachet Isi 10,Minuman,renceng,12000,8.0,11000,9200,22,0,242000,39600,28,0,6,0,0,2026-11-30,297,0,0
2026-02-07,Sabtu,SKU007,Kopi Sachet Isi 10,Minuman,renceng,12000,0.0,12000,9200,6,23,72000,16800,6,0,0,0,0,2026-11-30,296,0,0
2026-02-08,Minggu,SKU007,Kopi Sachet Isi 10,Minuman,renceng,12000,0.0,12000,9200,17,0,204000,47600,110,110,93,0,0,2026-12-05,300,0,0
2026-02-09,Senin,SKU007,Kopi Sachet Isi 10,Minuman,renceng,12000,0.0,12000,9200,10,0,120000,28000,93,0,83,0,0,2026-12-05,299,0,0
2026-02-10,Selasa,SKU007,Kopi Sachet Isi 10,Minuman,renceng,12000,0.0,12000,9200,14,0,168000,39200,83,0,69,0,0,2026-12-05,298,0,0
2026-02-11,Rabu,SKU007,Kopi Sachet Isi 10,Minuman,renceng,12000,18.0,9800,9200,21,0,205800,12600,69,0,48,0,0,2026-12-05,297,0,0
2026-02-12,Kamis,SKU007,Kopi Sachet Isi 10,Minuman,renceng,12000,8.0,11000,9200,8,0,88000,14400,48,0,40,242,0,2026-12-05,296,0,0
2026-02-13,Jumat,SKU007,Kopi Sachet Isi 10,Minuman,renceng,12000,18.0,9800,9200,23,0,225400,13800,282,242,259,0,0,2026-12-10,300,0,0
2026-02-14,Sabtu,SKU007,Kopi Sachet Isi 10,Minuman,renceng,12000,0.0,12000,9200,23,0,276000,64400,259,0,236,0,0,2026-12-10,299,0,0
2026-02-15,Minggu,SKU007,Kopi Sachet Isi 10,Minuman,renceng,12000,0.0,12000,9200,16,0,192000,44800,236,0,220,0,0,2026-12-10,298,0,0
2026-02-16,Senin,SKU007,Kopi Sachet Isi 10,Minuman,renceng,12000,0.0,12000,9200,15,0,180000,42000,220,0,205,0,0,2026-12-10,297,0,0
2026-02-17,Selasa,SKU007,Kopi Sachet Isi 10,Minuman,renceng,12000,0.0,12000,9200,15,0,180000,42000,205,0,190,0,0,2026-12-10,296,0,1
2026-02-18,Rabu,SKU007,Kopi Sachet Isi 10,Minuman,renceng,12000,0.0,12000,9200,11,0,132000,30800,190,0,179,0,0,2026-12-10,295,0,1
2026-02-19,Kamis,SKU007,Kopi Sachet Isi 10,Minuman,renceng,12000,0.0,12000,9200,16,0,192000,44800,179,0,163,0,0,2026-12-10,294,0,1
2026-02-20,Jumat,SKU007,Kopi Sachet Isi 10,Minuman,renceng,12000,0.0,12000,9200,22,0,264000,61600,163,0,141,0,0,2026-12-10,293,0,1
2026-02-21,Sabtu,SKU007,Kopi Sachet Isi 10,Minuman,renceng,12000,0.0,12000,9200,27,0,324000,75600,141,0,114,0,0,2026-12-10,292,0,1
2026-02-22,Minggu,SKU007,Kopi Sachet Isi 10,Minuman,renceng,12000,0.0,12000,9200,20,0,240000,56000,114,0,94,0,0,2026-12-10,291,0,1
2026-02-23,Senin,SKU007,Kopi Sachet Isi 10,Minuman,renceng,12000,0.0,12000,9200,13,0,156000,36400,94,0,81,0,0,2026-12-10,290,0,1
2026-02-24,Selasa,SKU007,Kopi Sachet Isi 10,Minuman,renceng,12000,0.0,12000,9200,9,0,108000,25200,81,0,72,0,0,2026-12-10,289,0,1
2026-02-25,Rabu,SKU007,Kopi Sachet Isi 10,Minuman,renceng,12000,0.0,12000,9200,27,0,324000,75600,72,0,45,0,0,2026-12-10,288,1,1
2026-02-26,Kamis,SKU007,Kopi Sachet Isi 10,Minuman,renceng,12000,18.0,9800,9200,27,0,264600,16200,45,0,18,110,0,2026-12-10,287,1,1
2026-02-27,Jumat,SKU007,Kopi Sachet Isi 10,Minuman,renceng,12000,0.0,12000,9200,18,15,216000,50400,18,0,0,0,0,2026-12-10,286,1,1
2026-02-28,Sabtu,SKU007,Kopi Sachet Isi 10,Minuman,renceng,12000,0.0,12000,9200,0,42,0,0,0,0,0,0,0,2026-12-10,285,1,1
2026-03-01,Minggu,SKU007,Kopi Sachet Isi 10,Minuman,renceng,12000,0.0,12000,9200,29,0,348000,81200,110,110,81,0,0,2026-12-26,300,1,1
2026-03-02,Senin,SKU007,Kopi Sachet Isi 10,Minuman,renceng,12000,0.0,12000,9200,22,0,264000,61600,81,0,59,0,0,2026-12-26,299,1,1
2026-03-03,Selasa,SKU007,Kopi Sachet Isi 10,Minuman,renceng,12000,0.0,12000,9200,24,0,288000,67200,59,0,35,110,0,2026-12-26,298,1,1
2026-03-04,Rabu,SKU007,Kopi Sachet Isi 10,Minuman,renceng,12000,0.0,12000,9200,16,0,192000,44800,145,110,129,0,0,2026-12-29,300,1,1
2026-03-05,Kamis,SKU007,Kopi Sachet Isi 10,Minuman,renceng,12000,21.47,9400,9200,28,0,263200,5600,129,0,101,0,0,2026-12-29,299,1,1
2026-03-06,Jumat,SKU007,Kopi Sachet Isi 10,Minuman,renceng,12000,0.0,12000,9200,21,0,252000,58800,101,0,80,0,0,2026-12-29,298,0,1
2026-03-07,Sabtu,SKU007,Kopi Sachet Isi 10,Minuman,renceng,12000,20.0,9600,9200,32,0,307200,12800,80,0,48,0,0,2026-12-29,297,0,1
2026-03-08,Minggu,SKU007,Kopi Sachet Isi 10,Minuman,renceng,12000,21.47,9400,9200,33,0,310200,6600,48,0,15,110,0,2026-12-29,296,0,1
2026-03-09,Senin,SKU007,Kopi Sachet Isi 10,Minuman,renceng,12000,21.47,9400,9200,15,11,141000,3000,15,0,0,0,0,2026-12-29,295,0,1
2026-03-10,Selasa,SKU007,Kopi Sachet Isi 10,Minuman,renceng,12000,0.0,12000,9200,20,0,240000,56000,110,110,90,0,0,2027-01-04,300,0,1
2026-03-11,Rabu,SKU007,Kopi Sachet Isi 10,Minuman,renceng,12000,0.0,12000,9200,26,0,312000,72800,90,0,64,0,0,2027-01-04,299,0,1
2026-03-12,Kamis,SKU007,Kopi Sachet Isi 10,Minuman,renceng,12000,0.0,12000,9200,13,0,156000,36400,64,0,51,0,0,2027-01-04,298,0,1
2026-03-13,Jumat,SKU007,Kopi Sachet Isi 10,Minuman,renceng,12000,0.0,12000,9200,19,0,228000,53200,51,0,32,110,0,2027-01-04,297,0,1
2026-03-14,Sabtu,SKU007,Kopi Sachet Isi 10,Minuman,renceng,12000,8.0,11000,9200,27,0,297000,48600,32,0,5,0,0,2027-01-04,296,0,1
2026-03-15,Minggu,SKU007,Kopi Sachet Isi 10,Minuman,renceng,12000,0.0,12000,9200,5,35,60000,14000,5,0,0,0,0,2027-01-04,295,0,1
2026-03-16,Senin,SKU007,Kopi Sachet Isi 10,Minuman,renceng,12000,18.0,9800,9200,28,0,274400,16800,110,110,82,0,0,2027-01-10,300,0,1
2026-03-17,Selasa,SKU007,Kopi Sachet Isi 10,Minuman,renceng,12000,0.0,12000,9200,10,0,120000,28000,82,0,72,0,0,2027-01-10,299,0,1
2026-03-18,Rabu,SKU007,Kopi Sachet Isi 10,Minuman,renceng,12000,10.0,10800,9200,16,0,172800,25600,72,0,56,0,0,2027-01-10,298,0,1
2026-03-19,Kamis,SKU007,Kopi Sachet Isi 10,Minuman,renceng,12000,0.0,12000,9200,22,0,264000,61600,56,0,34,110,0,2027-01-10,297,0,1
2026-03-20,Jumat,SKU007,Kopi Sachet Isi 10,Minuman,renceng,12000,0.0,12000,9200,15,0,180000,42000,144,110,129,0,0,2027-01-14,300,0,0
2026-03-21,Sabtu,SKU007,Kopi Sachet Isi 10,Minuman,renceng,12000,20.0,9600,9200,16,0,153600,6400,129,0,113,0,0,2027-01-14,299,0,0
2026-03-22,Minggu,SKU007,Kopi Sachet Isi 10,Minuman,renceng,12000,0.0,12000,9200,11,0,132000,30800,113,0,102,0,0,2027-01-14,298,0,0
2026-03-23,Senin,SKU007,Kopi Sachet Isi 10,Minuman,renceng,12000,21.47,9400,9200,15,0,141000,3000,102,0,87,0,0,2027-01-14,297,0,0
2026-03-24,Selasa,SKU007,Kopi Sachet Isi 10,Minuman,renceng,12000,20.0,9600,9200,14,0,134400,5600,87,0,73,0,0,2027-01-14,296,0,0
2026-03-25,Rabu,SKU007,Kopi Sachet Isi 10,Minuman,renceng,12000,0.0,12000,9200,14,0,168000,39200,73,0,59,0,0,2027-01-14,295,1,0
2026-03-26,Kamis,SKU007,Kopi Sachet Isi 10,Minuman,renceng,12000,8.0,11000,9200,8,0,88000,14400,59,0,51,0,0,2027-01-14,294,1,0
2026-03-27,Jumat,SKU007,Kopi Sachet Isi 10,Minuman,renceng,12000,15.0,10200,9200,28,0,285600,28000,51,0,23,110,0,2027-01-14,293,1,0
2026-03-28,Sabtu,SKU007,Kopi Sachet Isi 10,Minuman,renceng,12000,0.0,12000,9200,30,0,360000,84000,133,110,103,0,0,2027-01-22,300,1,0
2026-03-29,Minggu,SKU007,Kopi Sachet Isi 10,Minuman,renceng,12000,0.0,12000,9200,19,0,228000,53200,103,0,84,0,0,2027-01-22,299,1,0
2026-03-30,Senin,SKU007,Kopi Sachet Isi 10,Minuman,renceng,12000,0.0,12000,9200,15,0,180000,42000,84,0,69,0,0,2027-01-22,298,1,0
2026-03-31,Selasa,SKU007,Kopi Sachet Isi 10,Minuman,renceng,12000,0.0,12000,9200,15,0,180000,42000,69,0,54,0,0,2027-01-22,297,1,0
2026-04-01,Rabu,SKU007,Kopi Sachet Isi 10,Minuman,renceng,12000,0.0,12000,9200,11,0,132000,30800,54,0,43,0,0,2027-01-22,296,1,0
2026-04-02,Kamis,SKU007,Kopi Sachet Isi 10,Minuman,renceng,12000,0.0,12000,9200,21,0,252000,58800,43,0,22,242,0,2027-01-22,295,1,0
2026-04-03,Jumat,SKU007,Kopi Sachet Isi 10,Minuman,renceng,12000,21.47,9400,9200,22,8,206800,4400,22,0,0,0,0,2027-01-22,294,1,0
2026-04-04,Sabtu,SKU007,Kopi Sachet Isi 10,Minuman,renceng,12000,0.0,12000,9200,32,0,384000,89600,242,242,210,0,0,2027-01-29,300,1,0
2026-04-05,Minggu,SKU007,Kopi Sachet Isi 10,Minuman,renceng,12000,0.0,12000,9200,10,0,120000,28000,210,0,200,0,0,2027-01-29,299,1,0
2026-04-06,Senin,SKU007,Kopi Sachet Isi 10,Minuman,renceng,12000,12.0,10600,9200,14,0,148400,19600,200,0,186,0,0,2027-01-29,298,0,0
2026-04-07,Selasa,SKU007,Kopi Sachet Isi 10,Minuman,renceng,12000,21.47,9400,9200,19,0,178600,3800,186,0,167,0,0,2027-01-29,297,0,0
2026-04-08,Rabu,SKU007,Kopi Sachet Isi 10,Minuman,renceng,12000,0.0,12000,9200,19,0,228000,53200,167,0,148,0,0,2027-01-29,296,0,0
2026-04-09,Kamis,SKU007,Kopi Sachet Isi 10,Minuman,renceng,12000,5.0,11400,9200,17,0,193800,37400,148,0,131,0,0,2027-01-29,295,0,0
2026-04-10,Jumat,SKU007,Kopi Sachet Isi 10,Minuman,renceng,12000,0.0,12000,9200,24,0,288000,67200,131,0,107,0,0,2027-01-29,294,0,0
2026-04-11,Sabtu,SKU007,Kopi Sachet Isi 10,Minuman,renceng,12000,8.0,11000,9200,25,0,275000,45000,107,0,82,0,0,2027-01-29,293,0,0
2026-04-12,Minggu,SKU007,Kopi Sachet Isi 10,Minuman,renceng,12000,18.0,9800,9200,20,0,196000,12000,82,0,62,0,0,2027-01-29,292,0,0
2026-04-13,Senin,SKU007,Kopi Sachet Isi 10,Minuman,renceng,12000,0.0,12000,9200,18,0,216000,50400,62,0,44,0,0,2027-01-29,291,0,0
2026-04-14,Selasa,SKU007,Kopi Sachet Isi 10,Minuman,renceng,12000,0.0,12000,9200,13,0,156000,36400,44,0,31,110,0,2027-01-29,290,0,0
2026-04-15,Rabu,SKU007,Kopi Sachet Isi 10,Minuman,renceng,12000,0.0,12000,9200,12,0,144000,33600,141,110,129,0,0,2027-02-09,300,0,0
2026-04-16,Kamis,SKU007,Kopi Sachet Isi 10,Minuman,renceng,12000,0.0,12000,9200,18,0,216000,50400,129,0,111,0,0,2027-02-09,299,0,0
2026-04-17,Jumat,SKU007,Kopi Sachet Isi 10,Minuman,renceng,12000,0.0,12000,9200,22,0,264000,61600,111,0,89,0,0,2027-02-09,298,0,0
2026-04-18,Sabtu,SKU007,Kopi Sachet Isi 10,Minuman,renceng,12000,21.47,9400,9200,38,0,357200,7600,89,0,51,0,0,2027-02-09,297,0,0
2026-04-19,Minggu,SKU007,Kopi Sachet Isi 10,Minuman,renceng,12000,18.0,9800,9200,16,0,156800,9600,51,0,35,110,0,2027-02-09,296,0,0
2026-04-20,Senin,SKU007,Kopi Sachet Isi 10,Minuman,renceng,12000,0.0,12000,9200,6,0,72000,16800,35,0,29,0,0,2027-02-09,295,0,0
2026-04-21,Selasa,SKU007,Kopi Sachet Isi 10,Minuman,renceng,12000,18.0,9800,9200,12,0,117600,7200,139,110,127,0,0,2027-02-15,300,0,0
2026-04-22,Rabu,SKU007,Kopi Sachet Isi 10,Minuman,renceng,12000,0.0,12000,9200,12,0,144000,33600,127,0,115,0,0,2027-02-15,299,0,0
2026-04-23,Kamis,SKU007,Kopi Sachet Isi 10,Minuman,renceng,12000,0.0,12000,9200,17,0,204000,47600,115,0,98,0,0,2027-02-15,298,0,0
2026-04-24,Jumat,SKU007,Kopi Sachet Isi 10,Minuman,renceng,12000,0.0,12000,9200,16,0,192000,44800,98,0,82,0,0,2027-02-15,297,0,0
2026-04-25,Sabtu,SKU007,Kopi Sachet Isi 10,Minuman,renceng,12000,0.0,12000,9200,29,0,348000,81200,82,0,53,0,0,2027-02-15,296,1,0
2026-04-26,Minggu,SKU007,Kopi Sachet Isi 10,Minuman,renceng,12000,20.0,9600,9200,26,0,249600,10400,53,0,27,110,0,2027-02-15,295,1,0
2026-04-27,Senin,SKU007,Kopi Sachet Isi 10,Minuman,renceng,12000,5.0,11400,9200,19,0,216600,41800,27,0,8,0,0,2027-02-15,294,1,0
2026-04-28,Selasa,SKU007,Kopi Sachet Isi 10,Minuman,renceng,12000,0.0,12000,9200,8,8,96000,22400,8,0,0,0,0,2027-02-15,293,1,0
2026-04-29,Rabu,SKU007,Kopi Sachet Isi 10,Minuman,renceng,12000,0.0,12000,9200,22,0,264000,61600,110,110,88,0,0,2027-02-23,300,1,0
2026-04-30,Kamis,SKU007,Kopi Sachet Isi 10,Minuman,renceng,12000,15.0,10200,9200,20,0,204000,20000,88,0,68,0,0,2027-02-23,299,1,0
2026-05-01,Jumat,SKU007,Kopi Sachet Isi 10,Minuman,renceng,12000,10.0,10800,9200,26,0,280800,41600,68,0,42,110,0,2027-02-23,298,1,0
2026-05-02,Sabtu,SKU007,Kopi Sachet Isi 10,Minuman,renceng,12000,0.0,12000,9200,32,0,384000,89600,152,110,120,0,0,2027-02-26,300,1,0
2026-05-03,Minggu,SKU007,Kopi Sachet Isi 10,Minuman,renceng,12000,5.0,11400,9200,18,0,205200,39600,120,0,102,0,0,2027-02-26,299,1,0
2026-05-04,Senin,SKU007,Kopi Sachet Isi 10,Minuman,renceng,12000,0.0,12000,9200,15,0,180000,42000,102,0,87,0,0,2027-02-26,298,1,0
2026-05-05,Selasa,SKU007,Kopi Sachet Isi 10,Minuman,renceng,12000,0.0,12000,9200,23,0,276000,64400,87,0,64,0,0,2027-02-26,297,1,0
2026-05-06,Rabu,SKU007,Kopi Sachet Isi 10,Minuman,renceng,12000,21.47,9400,9200,27,0,253800,5400,64,0,37,110,0,2027-02-26,296,0,0
2026-05-07,Kamis,SKU007,Kopi Sachet Isi 10,Minuman,renceng,12000,10.0,10800,9200,17,0,183600,27200,37,0,20,0,0,2027-02-26,295,0,0
2026-05-08,Jumat,SKU007,Kopi Sachet Isi 10,Minuman,renceng,12000,0.0,12000,9200,17,0,204000,47600,130,110,113,0,0,2027-03-04,300,0,0
2026-05-09,Sabtu,SKU007,Kopi Sachet Isi 10,Minuman,renceng,12000,21.47,9400,9200,15,0,141000,3000,113,0,98,0,0,2027-03-04,299,0,0
2026-05-10,Minggu,SKU007,Kopi Sachet Isi 10,Minuman,renceng,12000,21.47,9400,9200,15,0,141000,3000,98,0,83,0,0,2027-03-04,298,0,0
2026-05-11,Senin,SKU007,Kopi Sachet Isi 10,Minuman,renceng,12000,0.0,12000,9200,19,0,228000,53200,83,0,64,0,0,2027-03-04,297,0,0
2026-05-12,Selasa,SKU007,Kopi Sachet Isi 10,Minuman,renceng,12000,0.0,12000,9200,17,0,204000,47600,64,0,47,0,0,2027-03-04,296,0,0
2026-05-13,Rabu,SKU007,Kopi Sachet Isi 10,Minuman,renceng,12000,0.0,12000,9200,18,0,216000,50400,47,0,29,110,0,2027-03-04,295,0,0
2026-05-14,Kamis,SKU007,Kopi Sachet Isi 10,Minuman,renceng,12000,12.0,10600,9200,29,2,307400,40600,29,0,0,0,0,2027-03-04,294,0,0
2026-05-15,Jumat,SKU007,Kopi Sachet Isi 10,Minuman,renceng,12000,21.47,9400,9200,27,0,253800,5400,110,110,83,0,0,2027-03-11,300,0,0
2026-05-16,Sabtu,SKU007,Kopi Sachet Isi 10,Minuman,renceng,12000,12.0,10600,9200,19,0,201400,26600,83,0,64,0,0,2027-03-11,299,0,0
2026-05-17,Minggu,SKU007,Kopi Sachet Isi 10,Minuman,renceng,12000,0.0,12000,9200,20,0,240000,56000,64,0,44,0,0,2027-03-11,298,0,0
2026-05-18,Senin,SKU007,Kopi Sachet Isi 10,Minuman,renceng,12000,20.0,9600,9200,19,0,182400,7600,44,0,25,110,0,2027-03-11,297,0,0
2026-05-19,Selasa,SKU007,Kopi Sachet Isi 10,Minuman,renceng,12000,0.0,12000,9200,15,0,180000,42000,135,110,120,0,0,2027-03-15,300,0,0
2026-05-20,Rabu,SKU007,Kopi Sachet Isi 10,Minuman,renceng,12000,18.0,9800,9200,18,0,176400,10800,120,0,102,0,0,2027-03-15,299,0,0
2026-05-21,Kamis,SKU007,Kopi Sachet Isi 10,Minuman,renceng,12000,21.47,9400,9200,20,0,188000,4000,102,0,82,0,0,2027-03-15,298,0,0
2026-05-22,Jumat,SKU007,Kopi Sachet Isi 10,Minuman,renceng,12000,0.0,12000,9200,21,0,252000,58800,82,0,61,0,0,2027-03-15,297,0,0
2026-05-23,Sabtu,SKU007,Kopi Sachet Isi 10,Minuman,renceng,12000,21.47,9400,9200,41,0,385400,8200,61,0,20,110,0,2027-03-15,296,0,0
2026-05-24,Minggu,SKU007,Kopi Sachet Isi 10,Minuman,renceng,12000,5.0,11400,9200,17,0,193800,37400,20,0,3,0,0,2027-03-15,295,0,0
2026-05-25,Senin,SKU007,Kopi Sachet Isi 10,Minuman,renceng,12000,0.0,12000,9200,3,17,36000,8400,3,0,0,0,0,2027-03-15,294,1,0
2026-05-26,Selasa,SKU007,Kopi Sachet Isi 10,Minuman,renceng,12000,0.0,12000,9200,28,0,336000,78400,110,110,82,0,0,2027-03-22,300,1,0
2026-05-27,Rabu,SKU007,Kopi Sachet Isi 10,Minuman,renceng,12000,0.0,12000,9200,29,0,348000,81200,82,0,53,0,0,2027-03-22,299,1,0
2026-05-28,Kamis,SKU007,Kopi Sachet Isi 10,Minuman,renceng,12000,0.0,12000,9200,21,0,252000,58800,53,0,32,110,0,2027-03-22,298,1,0
2026-05-29,Jumat,SKU007,Kopi Sachet Isi 10,Minuman,renceng,12000,10.0,10800,9200,23,0,248400,36800,32,0,9,0,0,2027-03-22,297,1,0
2026-05-30,Sabtu,SKU007,Kopi Sachet Isi 10,Minuman,renceng,12000,12.0,10600,9200,9,32,95400,12600,9,0,0,0,0,2027-03-22,296,1,0
2026-05-31,Minggu,SKU007,Kopi Sachet Isi 10,Minuman,renceng,12000,0.0,12000,9200,22,0,264000,61600,110,110,88,0,0,2027-03-27,300,1,0
2026-06-01,Senin,SKU007,Kopi Sachet Isi 10,Minuman,renceng,12000,0.0,12000,9200,14,0,168000,39200,88,0,74,0,0,2027-03-27,299,1,0
2026-06-02,Selasa,SKU007,Kopi Sachet Isi 10,Minuman,renceng,12000,0.0,12000,9200,17,0,204000,47600,74,0,57,0,0,2027-03-27,298,1,0
2026-06-03,Rabu,SKU007,Kopi Sachet Isi 10,Minuman,renceng,12000,21.47,9400,9200,31,0,291400,6200,57,0,26,110,0,2027-03-27,297,1,0
2026-06-04,Kamis,SKU007,Kopi Sachet Isi 10,Minuman,renceng,12000,0.0,12000,9200,12,0,144000,33600,136,110,124,0,0,2027-03-31,300,1,0
2026-06-05,Jumat,SKU007,Kopi Sachet Isi 10,Minuman,renceng,12000,0.0,12000,9200,29,0,348000,81200,124,0,95,0,0,2027-03-31,299,1,0
2026-06-06,Sabtu,SKU007,Kopi Sachet Isi 10,Minuman,renceng,12000,0.0,12000,9200,15,0,180000,42000,95,0,80,0,0,2027-03-31,298,0,0
2026-06-07,Minggu,SKU007,Kopi Sachet Isi 10,Minuman,renceng,12000,21.47,9400,9200,25,0,235000,5000,80,0,55,0,0,2027-03-31,297,0,0
2026-06-08,Senin,SKU007,Kopi Sachet Isi 10,Minuman,renceng,12000,0.0,12000,9200,14,0,168000,39200,55,0,41,110,0,2027-03-31,296,0,0
2026-06-09,Selasa,SKU007,Kopi Sachet Isi 10,Minuman,renceng,12000,0.0,12000,9200,19,0,228000,53200,41,0,22,0,0,2027-03-31,295,0,0
2026-06-10,Rabu,SKU007,Kopi Sachet Isi 10,Minuman,renceng,12000,0.0,12000,9200,18,0,216000,50400,132,110,114,0,0,2027-04-06,300,0,0
2026-06-11,Kamis,SKU007,Kopi Sachet Isi 10,Minuman,renceng,12000,18.0,9800,9200,19,0,186200,11400,114,0,95,0,0,2027-04-06,299,0,0
2026-06-12,Jumat,SKU007,Kopi Sachet Isi 10,Minuman,renceng,12000,18.0,9800,9200,23,0,225400,13800,95,0,72,0,0,2027-04-06,298,0,0
2026-06-13,Sabtu,SKU007,Kopi Sachet Isi 10,Minuman,renceng,12000,0.0,12000,9200,28,0,336000,78400,72,0,44,0,0,2027-04-06,297,0,0
2026-06-14,Minggu,SKU007,Kopi Sachet Isi 10,Minuman,renceng,12000,8.0,11000,9200,11,0,121000,19800,44,0,33,110,0,2027-04-06,296,0,0
2026-06-15,Senin,SKU007,Kopi Sachet Isi 10,Minuman,renceng,12000,0.0,12000,9200,12,0,144000,33600,33,0,21,0,0,2027-04-06,295,0,0
2026-06-16,Selasa,SKU007,Kopi Sachet Isi 10,Minuman,renceng,12000,21.47,9400,9200,17,0,159800,3400,21,0,4,0,0,2027-04-06,294,0,0
2026-06-17,Rabu,SKU007,Kopi Sachet Isi 10,Minuman,renceng,12000,0.0,12000,9200,9,0,108000,25200,114,110,105,0,0,2027-04-13,300,0,0
2026-06-18,Kamis,SKU007,Kopi Sachet Isi 10,Minuman,renceng,12000,0.0,12000,9200,19,0,228000,53200,105,0,86,0,0,2027-04-13,299,0,0
2026-06-19,Jumat,SKU007,Kopi Sachet Isi 10,Minuman,renceng,12000,0.0,12000,9200,24,0,288000,67200,86,0,62,0,0,2027-04-13,298,0,0
2026-06-20,Sabtu,SKU007,Kopi Sachet Isi 10,Minuman,renceng,12000,0.0,12000,9200,19,0,228000,53200,62,0,43,0,0,2027-04-13,297,0,0
2026-06-21,Minggu,SKU007,Kopi Sachet Isi 10,Minuman,renceng,12000,0.0,12000,9200,12,0,144000,33600,43,0,31,110,0,2027-04-13,296,0,0
2026-06-22,Senin,SKU007,Kopi Sachet Isi 10,Minuman,renceng,12000,10.0,10800,9200,12,0,129600,19200,141,110,129,0,0,2027-04-18,300,0,0
2026-06-23,Selasa,SKU007,Kopi Sachet Isi 10,Minuman,renceng,12000,0.0,12000,9200,20,0,240000,56000,129,0,109,0,0,2027-04-18,299,0,0
2026-06-24,Rabu,SKU007,Kopi Sachet Isi 10,Minuman,renceng,12000,21.47,9400,9200,18,0,169200,3600,109,0,91,0,0,2027-04-18,298,0,0
2026-06-25,Kamis,SKU007,Kopi Sachet Isi 10,Minuman,renceng,12000,0.0,12000,9200,16,0,192000,44800,91,0,75,0,0,2027-04-18,297,1,0
2026-06-26,Jumat,SKU007,Kopi Sachet Isi 10,Minuman,renceng,12000,0.0,12000,9200,31,0,372000,86800,75,0,44,0,0,2027-04-18,296,1,0
2026-06-27,Sabtu,SKU007,Kopi Sachet Isi 10,Minuman,renceng,12000,0.0,12000,9200,28,0,336000,78400,44,0,16,110,0,2027-04-18,295,1,0
2026-06-28,Minggu,SKU007,Kopi Sachet Isi 10,Minuman,renceng,12000,0.0,12000,9200,16,23,192000,44800,16,0,0,0,0,2027-04-18,294,1,0
2026-06-29,Senin,SKU007,Kopi Sachet Isi 10,Minuman,renceng,12000,0.0,12000,9200,0,20,0,0,0,0,0,0,0,2027-04-18,293,1,0
2026-06-30,Selasa,SKU007,Kopi Sachet Isi 10,Minuman,renceng,12000,0.0,12000,9200,14,0,168000,39200,110,110,96,0,0,2027-04-26,300,1,0
2026-07-01,Rabu,SKU007,Kopi Sachet Isi 10,Minuman,renceng,12000,0.0,12000,9200,28,0,336000,78400,96,0,68,0,0,2027-04-26,299,1,0
2026-07-02,Kamis,SKU007,Kopi Sachet Isi 10,Minuman,renceng,12000,0.0,12000,9200,13,0,156000,36400,68,0,55,0,0,2027-04-26,298,1,0
2026-07-03,Jumat,SKU007,Kopi Sachet Isi 10,Minuman,renceng,12000,18.0,9800,9200,29,0,284200,17400,55,0,26,110,0,2027-04-26,297,1,0
2026-07-04,Sabtu,SKU007,Kopi Sachet Isi 10,Minuman,renceng,12000,12.0,10600,9200,26,8,275600,36400,26,0,0,0,0,2027-04-26,296,1,0
2026-07-05,Minggu,SKU007,Kopi Sachet Isi 10,Minuman,renceng,12000,0.0,12000,9200,0,24,0,0,0,0,0,0,0,2027-04-26,295,1,0
2026-07-06,Senin,SKU007,Kopi Sachet Isi 10,Minuman,renceng,12000,0.0,12000,9200,26,0,312000,72800,110,110,84,0,0,2027-05-02,300,0,0
2026-07-07,Selasa,SKU007,Kopi Sachet Isi 10,Minuman,renceng,12000,0.0,12000,9200,13,0,156000,36400,84,0,71,0,0,2027-05-02,299,0,0
2026-07-08,Rabu,SKU007,Kopi Sachet Isi 10,Minuman,renceng,12000,0.0,12000,9200,21,0,252000,58800,71,0,50,0,0,2027-05-02,298,0,0
2026-07-09,Kamis,SKU007,Kopi Sachet Isi 10,Minuman,renceng,12000,8.0,11000,9200,10,0,110000,18000,50,0,40,110,0,2027-05-02,297,0,0
2026-07-10,Jumat,SKU007,Kopi Sachet Isi 10,Minuman,renceng,12000,0.0,12000,9200,15,0,180000,42000,150,110,135,0,0,2027-05-06,300,0,0
2026-07-11,Sabtu,SKU007,Kopi Sachet Isi 10,Minuman,renceng,12000,0.0,12000,9200,13,0,156000,36400,135,0,122,0,0,2027-05-06,299,0,0
2026-07-12,Minggu,SKU007,Kopi Sachet Isi 10,Minuman,renceng,12000,0.0,12000,9200,13,0,156000,36400,122,0,109,0,0,2027-05-06,298,0,0
2026-07-13,Senin,SKU007,Kopi Sachet Isi 10,Minuman,renceng,12000,0.0,12000,9200,25,0,300000,70000,109,0,84,0,0,2027-05-06,297,0,0
2026-07-14,Selasa,SKU007,Kopi Sachet Isi 10,Minuman,renceng,12000,0.0,12000,9200,13,0,156000,36400,84,0,71,0,0,2027-05-06,296,0,0
2026-07-15,Rabu,SKU007,Kopi Sachet Isi 10,Minuman,renceng,12000,0.0,12000,9200,17,0,204000,47600,71,0,54,0,0,2027-05-06,295,0,0
2026-07-16,Kamis,SKU007,Kopi Sachet Isi 10,Minuman,renceng,12000,0.0,12000,9200,14,0,168000,39200,54,0,40,110,0,2027-05-06,294,0,0
2026-07-17,Jumat,SKU007,Kopi Sachet Isi 10,Minuman,renceng,12000,21.47,9400,9200,30,0,282000,6000,150,110,120,0,0,2027-05-13,300,0,0
2026-07-18,Sabtu,SKU007,Kopi Sachet Isi 10,Minuman,renceng,12000,0.0,12000,9200,15,0,180000,42000,120,0,105,0,0,2027-05-13,299,0,0
2026-07-19,Minggu,SKU007,Kopi Sachet Isi 10,Minuman,renceng,12000,12.0,10600,9200,13,0,137800,18200,105,0,92,0,0,2027-05-13,298,0,0
2026-07-20,Senin,SKU007,Kopi Sachet Isi 10,Minuman,renceng,12000,0.0,12000,9200,12,0,144000,33600,92,0,80,0,0,2027-05-13,297,0,0
2026-07-21,Selasa,SKU007,Kopi Sachet Isi 10,Minuman,renceng,12000,0.0,12000,9200,7,0,84000,19600,80,0,73,0,0,2027-05-13,296,0,0
2026-07-22,Rabu,SKU007,Kopi Sachet Isi 10,Minuman,renceng,12000,0.0,12000,9200,14,0,168000,39200,73,0,59,0,0,2027-05-13,295,0,0
2026-07-23,Kamis,SKU007,Kopi Sachet Isi 10,Minuman,renceng,12000,20.0,9600,9200,23,0,220800,9200,59,0,36,110,0,2027-05-13,294,0,0
2026-07-24,Jumat,SKU007,Kopi Sachet Isi 10,Minuman,renceng,12000,0.0,12000,9200,16,0,192000,44800,36,0,20,0,0,2027-05-13,293,0,0
2026-07-25,Sabtu,SKU007,Kopi Sachet Isi 10,Minuman,renceng,12000,8.0,11000,9200,20,19,220000,36000,20,0,0,0,0,2027-05-13,292,1,0
2026-07-26,Minggu,SKU007,Kopi Sachet Isi 10,Minuman,renceng,12000,8.0,11000,9200,32,0,352000,57600,110,110,78,0,0,2027-05-22,300,1,0
2026-07-27,Senin,SKU007,Kopi Sachet Isi 10,Minuman,renceng,12000,0.0,12000,9200,17,0,204000,47600,78,0,61,0,0,2027-05-22,299,1,0
2026-07-28,Selasa,SKU007,Kopi Sachet Isi 10,Minuman,renceng,12000,0.0,12000,9200,15,0,180000,42000,61,0,46,0,0,2027-05-22,298,1,0
2026-07-29,Rabu,SKU007,Kopi Sachet Isi 10,Minuman,renceng,12000,18.0,9800,9200,29,0,284200,17400,46,0,17,110,0,2027-05-22,297,1,0
2026-07-30,Kamis,SKU007,Kopi Sachet Isi 10,Minuman,renceng,12000,0.0,12000,9200,17,8,204000,47600,17,0,0,0,0,2027-05-22,296,1,0
2026-07-31,Jumat,SKU007,Kopi Sachet Isi 10,Minuman,renceng,12000,0.0,12000,9200,25,0,300000,70000,110,110,85,0,0,2027-05-27,300,1,0
2026-08-01,Sabtu,SKU007,Kopi Sachet Isi 10,Minuman,renceng,12000,0.0,12000,9200,38,0,456000,106400,85,0,47,0,0,2027-05-27,299,1,0
2026-08-02,Minggu,SKU007,Kopi Sachet Isi 10,Minuman,renceng,12000,0.0,12000,9200,23,0,276000,64400,47,0,24,110,0,2027-05-27,298,1,0
2026-08-03,Senin,SKU007,Kopi Sachet Isi 10,Minuman,renceng,12000,0.0,12000,9200,10,0,120000,28000,24,0,14,0,0,2027-05-27,297,1,0
2026-08-04,Selasa,SKU007,Kopi Sachet Isi 10,Minuman,renceng,12000,0.0,12000,9200,14,4,168000,39200,14,0,0,0,0,2027-05-27,296,1,0
2026-08-05,Rabu,SKU007,Kopi Sachet Isi 10,Minuman,renceng,12000,0.0,12000,9200,15,0,180000,42000,110,110,95,0,0,2027-06-01,300,1,0
2026-08-06,Kamis,SKU007,Kopi Sachet Isi 10,Minuman,renceng,12000,10.0,10800,9200,28,0,302400,44800,95,0,67,0,0,2027-06-01,299,0,0
2026-08-07,Jumat,SKU007,Kopi Sachet Isi 10,Minuman,renceng,12000,0.0,12000,9200,39,0,468000,109200,67,0,28,110,0,2027-06-01,298,0,0
2026-08-08,Sabtu,SKU007,Kopi Sachet Isi 10,Minuman,renceng,12000,0.0,12000,9200,21,0,252000,58800,28,0,7,0,0,2027-06-01,297,0,0
2026-08-09,Minggu,SKU007,Kopi Sachet Isi 10,Minuman,renceng,12000,0.0,12000,9200,22,0,264000,61600,117,110,95,0,0,2027-06-05,300,0,0
2026-08-10,Senin,SKU007,Kopi Sachet Isi 10,Minuman,renceng,12000,0.0,12000,9200,19,0,228000,53200,95,0,76,0,0,2027-06-05,299,0,0
2026-08-11,Selasa,SKU007,Kopi Sachet Isi 10,Minuman,renceng,12000,10.0,10800,9200,16,0,172800,25600,76,0,60,0,0,2027-06-05,298,0,0
2026-08-12,Rabu,SKU007,Kopi Sachet Isi 10,Minuman,renceng,12000,8.0,11000,9200,13,0,143000,23400,60,0,47,0,0,2027-06-05,297,0,0
2026-08-13,Kamis,SKU007,Kopi Sachet Isi 10,Minuman,renceng,12000,20.0,9600,9200,25,0,240000,10000,47,0,22,110,0,2027-06-05,296,0,0
2026-08-14,Jumat,SKU007,Kopi Sachet Isi 10,Minuman,renceng,12000,5.0,11400,9200,15,0,171000,33000,22,0,7,0,0,2027-06-05,295,0,0
2026-08-15,Sabtu,SKU007,Kopi Sachet Isi 10,Minuman,renceng,12000,0.0,12000,9200,27,0,324000,75600,117,110,90,0,0,2027-06-11,300,0,0
2026-08-16,Minggu,SKU007,Kopi Sachet Isi 10,Minuman,renceng,12000,0.0,12000,9200,23,0,276000,64400,90,0,67,0,0,2027-06-11,299,0,0
2026-08-17,Senin,SKU007,Kopi Sachet Isi 10,Minuman,renceng,12000,0.0,12000,9200,16,0,192000,44800,67,0,51,0,0,2027-06-11,298,0,0
2025-08-18,Senin,SKU008,Tepung Terigu 1kg,Sembako,pak,13500,0.0,13500,11000,3,0,40500,7500,54,0,51,0,0,2026-01-11,146,0,0
2025-08-19,Selasa,SKU008,Tepung Terigu 1kg,Sembako,pak,13500,17.04,11200,11000,12,0,134400,2400,51,0,39,0,0,2026-01-11,145,0,0
2025-08-20,Rabu,SKU008,Tepung Terigu 1kg,Sembako,pak,13500,0.0,13500,11000,9,0,121500,22500,39,0,30,0,0,2026-01-11,144,0,0
2025-08-21,Kamis,SKU008,Tepung Terigu 1kg,Sembako,pak,13500,0.0,13500,11000,10,0,135000,25000,30,0,20,65,0,2026-01-11,143,0,0
2025-08-22,Jumat,SKU008,Tepung Terigu 1kg,Sembako,pak,13500,12.0,11900,11000,10,0,119000,9000,20,0,10,0,0,2026-01-11,142,0,0
2025-08-23,Sabtu,SKU008,Tepung Terigu 1kg,Sembako,pak,13500,0.0,13500,11000,9,0,121500,22500,10,0,1,0,0,2026-01-11,141,0,0
2025-08-24,Minggu,SKU008,Tepung Terigu 1kg,Sembako,pak,13500,0.0,13500,11000,12,0,162000,30000,66,65,54,0,0,2026-05-21,270,0,0
2025-08-25,Senin,SKU008,Tepung Terigu 1kg,Sembako,pak,13500,0.0,13500,11000,11,0,148500,27500,54,0,43,0,0,2026-05-21,269,1,0
2025-08-26,Selasa,SKU008,Tepung Terigu 1kg,Sembako,pak,13500,5.0,12800,11000,6,0,76800,10800,43,0,37,0,0,2026-05-21,268,1,0
2025-08-27,Rabu,SKU008,Tepung Terigu 1kg,Sembako,pak,13500,0.0,13500,11000,13,0,175500,32500,37,0,24,65,0,2026-05-21,267,1,0
2025-08-28,Kamis,SKU008,Tepung Terigu 1kg,Sembako,pak,13500,0.0,13500,11000,11,0,148500,27500,24,0,13,0,0,2026-05-21,266,1,0
2025-08-29,Jumat,SKU008,Tepung Terigu 1kg,Sembako,pak,13500,0.0,13500,11000,11,0,148500,27500,13,0,2,0,0,2026-05-21,265,1,0
2025-08-30,Sabtu,SKU008,Tepung Terigu 1kg,Sembako,pak,13500,0.0,13500,11000,11,0,148500,27500,67,65,56,0,0,2026-05-27,270,1,0
2025-08-31,Minggu,SKU008,Tepung Terigu 1kg,Sembako,pak,13500,5.0,12800,11000,19,0,243200,34200,56,0,37,0,0,2026-05-27,269,1,0
2025-09-01,Senin,SKU008,Tepung Terigu 1kg,Sembako,pak,13500,0.0,13500,11000,18,0,243000,45000,37,0,19,65,0,2026-05-27,268,1,0
2025-09-02,Selasa,SKU008,Tepung Terigu 1kg,Sembako,pak,13500,0.0,13500,11000,9,0,121500,22500,84,65,75,0,0,2026-05-30,270,1,0
2025-09-03,Rabu,SKU008,Tepung Terigu 1kg,Sembako,pak,13500,0.0,13500,11000,14,0,189000,35000,75,0,61,0,0,2026-05-30,269,1,0
2025-09-04,Kamis,SKU008,Tepung Terigu 1kg,Sembako,pak,13500,0.0,13500,11000,10,0,135000,25000,61,0,51,0,0,2026-05-30,268,1,0
2025-09-05,Jumat,SKU008,Tepung Terigu 1kg,Sembako,pak,13500,10.0,12200,11000,27,0,329400,32400,51,0,24,65,0,2026-05-30,267,1,0
2025-09-06,Sabtu,SKU008,Tepung Terigu 1kg,Sembako,pak,13500,0.0,13500,11000,11,0,148500,27500,89,65,78,0,0,2026-06-03,270,0,0
2025-09-07,Minggu,SKU008,Tepung Terigu 1kg,Sembako,pak,13500,15.0,11500,11000,17,0,195500,8500,78,0,61,0,0,2026-06-03,269,0,0
2025-09-08,Senin,SKU008,Tepung Terigu 1kg,Sembako,pak,13500,0.0,13500,11000,10,0,135000,25000,61,0,51,0,0,2026-06-03,268,0,0
2025-09-09,Selasa,SKU008,Tepung Terigu 1kg,Sembako,pak,13500,0.0,13500,11000,12,0,162000,30000,51,0,39,0,0,2026-06-03,267,0,0
2025-09-10,Rabu,SKU008,Tepung Terigu 1kg,Sembako,pak,13500,12.0,11900,11000,17,0,202300,15300,39,0,22,65,0,2026-06-03,266,0,0
2025-09-11,Kamis,SKU008,Tepung Terigu 1kg,Sembako,pak,13500,0.0,13500,11000,3,0,40500,7500,87,65,84,0,0,2026-06-08,270,0,0
2025-09-12,Jumat,SKU008,Tepung Terigu 1kg,Sembako,pak,13500,0.0,13500,11000,14,0,189000,35000,84,0,70,0,0,2026-06-08,269,0,0
2025-09-13,Sabtu,SKU008,Tepung Terigu 1kg,Sembako,pak,13500,0.0,13500,11000,9,0,121500,22500,70,0,61,0,0,2026-06-08,268,0,0
2025-09-14,Minggu,SKU008,Tepung Terigu 1kg,Sembako,pak,13500,0.0,13500,11000,7,0,94500,17500,61,0,54,0,0,2026-06-08,267,0,0
2025-09-15,Senin,SKU008,Tepung Terigu 1kg,Sembako,pak,13500,0.0,13500,11000,8,0,108000,20000,54,0,46,0,0,2026-06-08,266,0,0
2025-09-16,Selasa,SKU008,Tepung Terigu 1kg,Sembako,pak,13500,0.0,13500,11000,7,0,94500,17500,46,0,39,0,0,2026-06-08,265,0,0
2025-09-17,Rabu,SKU008,Tepung Terigu 1kg,Sembako,pak,13500,0.0,13500,11000,9,0,121500,22500,39,0,30,0,0,2026-06-08,264,0,0
2025-09-18,Kamis,SKU008,Tepung Terigu 1kg,Sembako,pak,13500,0.0,13500,11000,15,0,202500,37500,30,0,15,65,0,2026-06-08,263,0,0
2025-09-19,Jumat,SKU008,Tepung Terigu 1kg,Sembako,pak,13500,0.0,13500,11000,12,0,162000,30000,80,65,68,0,0,2026-06-16,270,0,0
2025-09-20,Sabtu,SKU008,Tepung Terigu 1kg,Sembako,pak,13500,0.0,13500,11000,6,0,81000,15000,68,0,62,0,0,2026-06-16,269,0,0
2025-09-21,Minggu,SKU008,Tepung Terigu 1kg,Sembako,pak,13500,0.0,13500,11000,11,0,148500,27500,62,0,51,0,0,2026-06-16,268,0,0
2025-09-22,Senin,SKU008,Tepung Terigu 1kg,Sembako,pak,13500,0.0,13500,11000,5,0,67500,12500,51,0,46,0,0,2026-06-16,267,0,0
2025-09-23,Selasa,SKU008,Tepung Terigu 1kg,Sembako,pak,13500,0.0,13500,11000,7,0,94500,17500,46,0,39,0,0,2026-06-16,266,0,0
2025-09-24,Rabu,SKU008,Tepung Terigu 1kg,Sembako,pak,13500,0.0,13500,11000,9,0,121500,22500,39,0,30,0,0,2026-06-16,265,0,0
2025-09-25,Kamis,SKU008,Tepung Terigu 1kg,Sembako,pak,13500,0.0,13500,11000,7,0,94500,17500,30,0,23,65,0,2026-06-16,264,1,0
2025-09-26,Jumat,SKU008,Tepung Terigu 1kg,Sembako,pak,13500,0.0,13500,11000,16,0,216000,40000,23,0,7,0,0,2026-06-16,263,1,0
2025-09-27,Sabtu,SKU008,Tepung Terigu 1kg,Sembako,pak,13500,0.0,13500,11000,19,0,256500,47500,72,65,53,0,0,2026-06-24,270,1,0
2025-09-28,Minggu,SKU008,Tepung Terigu 1kg,Sembako,pak,13500,10.0,12200,11000,21,0,256200,25200,53,0,32,0,0,2026-06-24,269,1,0
2025-09-29,Senin,SKU008,Tepung Terigu 1kg,Sembako,pak,13500,0.0,13500,11000,6,0,81000,15000,32,0,26,0,0,2026-06-24,268,1,0
2025-09-30,Selasa,SKU008,Tepung Terigu 1kg,Sembako,pak,13500,0.0,13500,11000,7,0,94500,17500,26,0,19,65,0,2026-06-24,267,1,0
2025-10-01,Rabu,SKU008,Tepung Terigu 1kg,Sembako,pak,13500,0.0,13500,11000,13,0,175500,32500,19,0,6,0,0,2026-06-24,266,1,0
2025-10-02,Kamis,SKU008,Tepung Terigu 1kg,Sembako,pak,13500,0.0,13500,11000,6,1,81000,15000,6,0,0,0,0,2026-06-24,265,1,0
2025-10-03,Jumat,SKU008,Tepung Terigu 1kg,Sembako,pak,13500,0.0,13500,11000,14,0,189000,35000,65,65,51,0,0,2026-06-30,270,1,0
2025-10-04,Sabtu,SKU008,Tepung Terigu 1kg,Sembako,pak,13500,12.0,11900,11000,10,0,119000,9000,51,0,41,0,0,2026-06-30,269,1,0
2025-10-05,Minggu,SKU008,Tepung Terigu 1kg,Sembako,pak,13500,0.0,13500,11000,10,0,135000,25000,41,0,31,0,0,2026-06-30,268,1,0
2025-10-06,Senin,SKU008,Tepung Terigu 1kg,Sembako,pak,13500,0.0,13500,11000,7,0,94500,17500,31,0,24,65,0,2026-06-30,267,0,0
2025-10-07,Selasa,SKU008,Tepung Terigu 1kg,Sembako,pak,13500,0.0,13500,11000,6,0,81000,15000,24,0,18,0,0,2026-06-30,266,0,0
2025-10-08,Rabu,SKU008,Tepung Terigu 1kg,Sembako,pak,13500,0.0,13500,11000,11,0,148500,27500,83,65,72,0,0,2026-07-05,270,0,0
2025-10-09,Kamis,SKU008,Tepung Terigu 1kg,Sembako,pak,13500,0.0,13500,11000,4,0,54000,10000,72,0,68,0,0,2026-07-05,269,0,0
2025-10-10,Jumat,SKU008,Tepung Terigu 1kg,Sembako,pak,13500,17.04,11200,11000,15,0,168000,3000,68,0,53,0,0,2026-07-05,268,0,0
2025-10-11,Sabtu,SKU008,Tepung Terigu 1kg,Sembako,pak,13500,0.0,13500,11000,5,0,67500,12500,53,0,48,0,0,2026-07-05,267,0,0
2025-10-12,Minggu,SKU008,Tepung Terigu 1kg,Sembako,pak,13500,0.0,13500,11000,14,0,189000,35000,48,0,34,0,0,2026-07-05,266,0,0
2025-10-13,Senin,SKU008,Tepung Terigu 1kg,Sembako,pak,13500,0.0,13500,11000,6,0,81000,15000,34,0,28,0,0,2026-07-05,265,0,0
2025-10-14,Selasa,SKU008,Tepung Terigu 1kg,Sembako,pak,13500,17.04,11200,11000,11,0,123200,2200,28,0,17,65,0,2026-07-05,264,0,0
2025-10-15,Rabu,SKU008,Tepung Terigu 1kg,Sembako,pak,13500,0.0,13500,11000,8,0,108000,20000,82,65,74,0,0,2026-07-12,270,0,0
2025-10-16,Kamis,SKU008,Tepung Terigu 1kg,Sembako,pak,13500,0.0,13500,11000,5,0,67500,12500,74,0,69,0,0,2026-07-12,269,0,0
2025-10-17,Jumat,SKU008,Tepung Terigu 1kg,Sembako,pak,13500,0.0,13500,11000,8,0,108000,20000,69,0,61,0,0,2026-07-12,268,0,0
2025-10-18,Sabtu,SKU008,Tepung Terigu 1kg,Sembako,pak,13500,0.0,13500,11000,12,0,162000,30000,61,0,49,0,0,2026-07-12,267,0,0
2025-10-19,Minggu,SKU008,Tepung Terigu 1kg,Sembako,pak,13500,5.0,12800,11000,5,0,64000,9000,49,0,44,0,0,2026-07-12,266,0,0
2025-10-20,Senin,SKU008,Tepung Terigu 1kg,Sembako,pak,13500,0.0,13500,11000,9,0,121500,22500,44,0,35,0,0,2026-07-12,265,0,0
2025-10-21,Selasa,SKU008,Tepung Terigu 1kg,Sembako,pak,13500,0.0,13500,11000,8,0,108000,20000,35,0,27,0,0,2026-07-12,264,0,0
2025-10-22,Rabu,SKU008,Tepung Terigu 1kg,Sembako,pak,13500,0.0,13500,11000,4,0,54000,10000,27,0,23,65,0,2026-07-12,263,0,0
2025-10-23,Kamis,SKU008,Tepung Terigu 1kg,Sembako,pak,13500,0.0,13500,11000,7,0,94500,17500,88,65,81,0,0,2026-07-20,270,0,0
2025-10-24,Jumat,SKU008,Tepung Terigu 1kg,Sembako,pak,13500,17.04,11200,11000,16,0,179200,3200,81,0,65,0,0,2026-07-20,269,0,0
2025-10-25,Sabtu,SKU008,Tepung Terigu 1kg,Sembako,pak,13500,0.0,13500,11000,17,0,229500,42500,65,0,48,0,0,2026-07-20,268,1,0
2025-10-26,Minggu,SKU008,Tepung Terigu 1kg,Sembako,pak,13500,17.04,11200,11000,13,0,145600,2600,48,0,35,0,0,2026-07-20,267,1,0
2025-10-27,Senin,SKU008,Tepung Terigu 1kg,Sembako,pak,13500,0.0,13500,11000,6,0,81000,15000,35,0,29,0,0,2026-07-20,266,1,0
2025-10-28,Selasa,SKU008,Tepung Terigu 1kg,Sembako,pak,13500,0.0,13500,11000,10,0,135000,25000,29,0,19,65,0,2026-07-20,265,1,0
2025-10-29,Rabu,SKU008,Tepung Terigu 1kg,Sembako,pak,13500,17.04,11200,11000,13,0,145600,2600,84,65,71,0,0,2026-07-26,270,1,0
2025-10-30,Kamis,SKU008,Tepung Terigu 1kg,Sembako,pak,13500,15.0,11500,11000,14,0,161000,7000,71,0,57,0,0,2026-07-26,269,1,0
2025-10-31,Jumat,SKU008,Tepung Terigu 1kg,Sembako,pak,13500,17.04,11200,11000,11,0,123200,2200,57,0,46,0,0,2026-07-26,268,1,0
2025-11-01,Sabtu,SKU008,Tepung Terigu 1kg,Sembako,pak,13500,15.0,11500,11000,20,0,230000,10000,46,0,26,0,0,2026-07-26,267,1,0
2025-11-02,Minggu,SKU008,Tepung Terigu 1kg,Sembako,pak,13500,17.04,11200,11000,7,0,78400,1400,26,0,19,65,0,2026-07-26,266,1,0
2025-11-03,Senin,SKU008,Tepung Terigu 1kg,Sembako,pak,13500,0.0,13500,11000,11,0,148500,27500,19,0,8,0,0,2026-07-26,265,1,0
2025-11-04,Selasa,SKU008,Tepung Terigu 1kg,Sembako,pak,13500,17.04,11200,11000,8,5,89600,1600,8,0,0,0,0,2026-07-26,264,1,0
2025-11-05,Rabu,SKU008,Tepung Terigu 1kg,Sembako,pak,13500,0.0,13500,11000,14,0,189000,35000,65,65,51,0,0,2026-08-02,270,1,0
2025-11-06,Kamis,SKU008,Tepung Terigu 1kg,Sembako,pak,13500,8.0,12400,11000,4,0,49600,5600,51,0,47,0,0,2026-08-02,269,0,0
2025-11-07,Jumat,SKU008,Tepung Terigu 1kg,Sembako,pak,13500,0.0,13500,11000,14,0,189000,35000,47,0,33,0,0,2026-08-02,268,0,0
2025-11-08,Sabtu,SKU008,Tepung Terigu 1kg,Sembako,pak,13500,10.0,12200,11000,16,0,195200,19200,33,0,17,65,0,2026-08-02,267,0,0
2025-11-09,Minggu,SKU008,Tepung Terigu 1kg,Sembako,pak,13500,0.0,13500,11000,14,0,189000,35000,17,0,3,0,0,2026-08-02,266,0,0
2025-11-10,Senin,SKU008,Tepung Terigu 1kg,Sembako,pak,13500,0.0,13500,11000,6,0,81000,15000,68,65,62,0,0,2026-08-07,270,0,0
2025-11-11,Selasa,SKU008,Tepung Terigu 1kg,Sembako,pak,13500,0.0,13500,11000,7,0,94500,17500,62,0,55,0,0,2026-08-07,269,0,0
2025-11-12,Rabu,SKU008,Tepung Terigu 1kg,Sembako,pak,13500,0.0,13500,11000,6,0,81000,15000,55,0,49,0,0,2026-08-07,268,0,0
2025-11-13,Kamis,SKU008,Tepung Terigu 1kg,Sembako,pak,13500,0.0,13500,11000,14,0,189000,35000,49,0,35,0,0,2026-08-07,267,0,0
2025-11-14,Jumat,SKU008,Tepung Terigu 1kg,Sembako,pak,13500,0.0,13500,11000,4,0,54000,10000,35,0,31,0,0,2026-08-07,266,0,0
2025-11-15,Sabtu,SKU008,Tepung Terigu 1kg,Sembako,pak,13500,17.04,11200,11000,12,0,134400,2400,31,0,19,65,0,2026-08-07,265,0,0
2025-11-16,Minggu,SKU008,Tepung Terigu 1kg,Sembako,pak,13500,0.0,13500,11000,8,0,108000,20000,84,65,76,0,0,2026-08-13,270,0,0
2025-11-17,Senin,SKU008,Tepung Terigu 1kg,Sembako,pak,13500,0.0,13500,11000,9,0,121500,22500,76,0,67,0,0,2026-08-13,269,0,0
2025-11-18,Selasa,SKU008,Tepung Terigu 1kg,Sembako,pak,13500,0.0,13500,11000,9,0,121500,22500,67,0,58,0,0,2026-08-13,268,0,0
2025-11-19,Rabu,SKU008,Tepung Terigu 1kg,Sembako,pak,13500,0.0,13500,11000,3,0,40500,7500,58,0,55,0,0,2026-08-13,267,0,0
2025-11-20,Kamis,SKU008,Tepung Terigu 1kg,Sembako,pak,13500,0.0,13500,11000,8,0,108000,20000,55,0,47,0,0,2026-08-13,266,0,0
2025-11-21,Jumat,SKU008,Tepung Terigu 1kg,Sembako,pak,13500,0.0,13500,11000,8,0,108000,20000,47,0,39,0,0,2026-08-13,265,0,0
2025-11-22,Sabtu,SKU008,Tepung Terigu 1kg,Sembako,pak,13500,0.0,13500,11000,7,0,94500,17500,39,0,32,0,0,2026-08-13,264,0,0
2025-11-23,Minggu,SKU008,Tepung Terigu 1kg,Sembako,pak,13500,0.0,13500,11000,12,0,162000,30000,32,0,20,65,0,2026-08-13,263,0,0
2025-11-24,Senin,SKU008,Tepung Terigu 1kg,Sembako,pak,13500,0.0,13500,11000,5,0,67500,12500,85,65,80,0,0,2026-08-21,270,0,0
2025-11-25,Selasa,SKU008,Tepung Terigu 1kg,Sembako,pak,13500,0.0,13500,11000,9,0,121500,22500,80,0,71,0,0,2026-08-21,269,1,0
2025-11-26,Rabu,SKU008,Tepung Terigu 1kg,Sembako,pak,13500,17.04,11200,11000,9,0,100800,1800,71,0,62,0,0,2026-08-21,268,1,0
2025-11-27,Kamis,SKU008,Tepung Terigu 1kg,Sembako,pak,13500,0.0,13500,11000,6,0,81000,15000,62,0,56,0,0,2026-08-21,267,1,0
2025-11-28,Jumat,SKU008,Tepung Terigu 1kg,Sembako,pak,13500,0.0,13500,11000,15,0,202500,37500,56,0,41,0,0,2026-08-21,266,1,0
2025-11-29,Sabtu,SKU008,Tepung Terigu 1kg,Sembako,pak,13500,0.0,13500,11000,4,0,54000,10000,41,0,37,0,0,2026-08-21,265,1,0
2025-11-30,Minggu,SKU008,Tepung Terigu 1kg,Sembako,pak,13500,15.0,11500,11000,15,0,172500,7500,37,0,22,65,0,2026-08-21,264,1,0
2025-12-01,Senin,SKU008,Tepung Terigu 1kg,Sembako,pak,13500,0.0,13500,11000,5,0,67500,12500,87,65,82,0,0,2026-08-28,270,1,0
2025-12-02,Selasa,SKU008,Tepung Terigu 1kg,Sembako,pak,13500,0.0,13500,11000,9,0,121500,22500,82,0,73,0,0,2026-08-28,269,1,0
2025-12-03,Rabu,SKU008,Tepung Terigu 1kg,Sembako,pak,13500,0.0,13500,11000,9,0,121500,22500,73,0,64,0,0,2026-08-28,268,1,0
2025-12-04,Kamis,SKU008,Tepung Terigu 1kg,Sembako,pak,13500,5.0,12800,11000,10,0,128000,18000,64,0,54,0,0,2026-08-28,267,1,0
2025-12-05,Jumat,SKU008,Tepung Terigu 1kg,Sembako,pak,13500,5.0,12800,11000,14,0,179200,25200,54,0,40,0,0,2026-08-28,266,1,0
2025-12-06,Sabtu,SKU008,Tepung Terigu 1kg,Sembako,pak,13500,8.0,12400,11000,11,0,136400,15400,40,0,29,0,0,2026-08-28,265,0,0
2025-12-07,Minggu,SKU008,Tepung Terigu 1kg,Sembako,pak,13500,17.04,11200,11000,12,0,134400,2400,29,0,17,65,0,2026-08-28,264,0,0
2025-12-08,Senin,SKU008,Tepung Terigu 1kg,Sembako,pak,13500,17.04,11200,11000,8,0,89600,1600,82,65,74,0,0,2026-09-04,270,0,0
2025-12-09,Selasa,SKU008,Tepung Terigu 1kg,Sembako,pak,13500,0.0,13500,11000,9,0,121500,22500,74,0,65,0,0,2026-09-04,269,0,0
2025-12-10,Rabu,SKU008,Tepung Terigu 1kg,Sembako,pak,13500,0.0,13500,11000,4,0,54000,10000,65,0,61,0,0,2026-09-04,268,0,0
2025-12-11,Kamis,SKU008,Tepung Terigu 1kg,Sembako,pak,13500,0.0,13500,11000,5,0,67500,12500,61,0,56,0,0,2026-09-04,267,0,0
2025-12-12,Jumat,SKU008,Tepung Terigu 1kg,Sembako,pak,13500,0.0,13500,11000,7,0,94500,17500,56,0,49,0,0,2026-09-04,266,0,0
2025-12-13,Sabtu,SKU008,Tepung Terigu 1kg,Sembako,pak,13500,0.0,13500,11000,9,0,121500,22500,49,0,40,0,0,2026-09-04,265,0,0
2025-12-14,Minggu,SKU008,Tepung Terigu 1kg,Sembako,pak,13500,15.0,11500,11000,5,0,57500,2500,40,0,35,0,0,2026-09-04,264,0,0
2025-12-15,Senin,SKU008,Tepung Terigu 1kg,Sembako,pak,13500,0.0,13500,11000,6,0,81000,15000,35,0,29,0,0,2026-09-04,263,0,0
2025-12-16,Selasa,SKU008,Tepung Terigu 1kg,Sembako,pak,13500,0.0,13500,11000,10,0,135000,25000,29,0,19,65,0,2026-09-04,262,0,0
2025-12-17,Rabu,SKU008,Tepung Terigu 1kg,Sembako,pak,13500,8.0,12400,11000,12,0,148800,16800,19,0,7,0,0,2026-09-04,261,0,0
2025-12-18,Kamis,SKU008,Tepung Terigu 1kg,Sembako,pak,13500,0.0,13500,11000,9,0,121500,22500,72,65,63,0,0,2026-09-14,270,0,0
2025-12-19,Jumat,SKU008,Tepung Terigu 1kg,Sembako,pak,13500,0.0,13500,11000,8,0,108000,20000,63,0,55,0,0,2026-09-14,269,0,0
2025-12-20,Sabtu,SKU008,Tepung Terigu 1kg,Sembako,pak,13500,0.0,13500,11000,10,0,135000,25000,55,0,45,0,0,2026-09-14,268,0,0
2025-12-21,Minggu,SKU008,Tepung Terigu 1kg,Sembako,pak,13500,0.0,13500,11000,10,0,135000,25000,45,0,35,0,0,2026-09-14,267,0,0
2025-12-22,Senin,SKU008,Tepung Terigu 1kg,Sembako,pak,13500,0.0,13500,11000,12,0,162000,30000,35,0,23,65,0,2026-09-14,266,0,0
2025-12-23,Selasa,SKU008,Tepung Terigu 1kg,Sembako,pak,13500,0.0,13500,11000,6,0,81000,15000,23,0,17,0,0,2026-09-14,265,0,0
2025-12-24,Rabu,SKU008,Tepung Terigu 1kg,Sembako,pak,13500,0.0,13500,11000,14,0,189000,35000,17,0,3,0,0,2026-09-14,264,0,0
2025-12-25,Kamis,SKU008,Tepung Terigu 1kg,Sembako,pak,13500,8.0,12400,11000,8,0,99200,11200,68,65,60,0,0,2026-09-21,270,1,0
2025-12-26,Jumat,SKU008,Tepung Terigu 1kg,Sembako,pak,13500,0.0,13500,11000,12,0,162000,30000,60,0,48,0,0,2026-09-21,269,1,0
2025-12-27,Sabtu,SKU008,Tepung Terigu 1kg,Sembako,pak,13500,0.0,13500,11000,13,0,175500,32500,48,0,35,0,0,2026-09-21,268,1,0
2025-12-28,Minggu,SKU008,Tepung Terigu 1kg,Sembako,pak,13500,17.04,11200,11000,17,0,190400,3400,35,0,18,65,0,2026-09-21,267,1,0
2025-12-29,Senin,SKU008,Tepung Terigu 1kg,Sembako,pak,13500,0.0,13500,11000,13,0,175500,32500,18,0,5,0,0,2026-09-21,266,1,0
2025-12-30,Selasa,SKU008,Tepung Terigu 1kg,Sembako,pak,13500,0.0,13500,11000,4,0,54000,10000,70,65,66,0,0,2026-09-26,270,1,0
2025-12-31,Rabu,SKU008,Tepung Terigu 1kg,Sembako,pak,13500,0.0,13500,11000,10,0,135000,25000,66,0,56,0,0,2026-09-26,269,1,0
2026-01-01,Kamis,SKU008,Tepung Terigu 1kg,Sembako,pak,13500,0.0,13500,11000,6,0,81000,15000,56,0,50,0,0,2026-09-26,268,1,0
2026-01-02,Jumat,SKU008,Tepung Terigu 1kg,Sembako,pak,13500,0.0,13500,11000,15,0,202500,37500,50,0,35,0,0,2026-09-26,267,1,0
2026-01-03,Sabtu,SKU008,Tepung Terigu 1kg,Sembako,pak,13500,0.0,13500,11000,10,0,135000,25000,35,0,25,0,0,2026-09-26,266,1,0
2026-01-04,Minggu,SKU008,Tepung Terigu 1kg,Sembako,pak,13500,0.0,13500,11000,11,0,148500,27500,25,0,14,65,0,2026-09-26,265,1,0
2026-01-05,Senin,SKU008,Tepung Terigu 1kg,Sembako,pak,13500,5.0,12800,11000,9,0,115200,16200,14,0,5,0,0,2026-09-26,264,1,0
2026-01-06,Selasa,SKU008,Tepung Terigu 1kg,Sembako,pak,13500,0.0,13500,11000,5,4,67500,12500,5,0,0,0,0,2026-09-26,263,0,0
2026-01-07,Rabu,SKU008,Tepung Terigu 1kg,Sembako,pak,13500,5.0,12800,11000,4,0,51200,7200,65,65,61,0,0,2026-10-04,270,0,0
2026-01-08,Kamis,SKU008,Tepung Terigu 1kg,Sembako,pak,13500,0.0,13500,11000,6,0,81000,15000,61,0,55,0,0,2026-10-04,269,0,0
2026-01-09,Jumat,SKU008,Tepung Terigu 1kg,Sembako,pak,13500,0.0,13500,11000,9,0,121500,22500,55,0,46,0,0,2026-10-04,268,0,0
2026-01-10,Sabtu,SKU008,Tepung Terigu 1kg,Sembako,pak,13500,17.04,11200,11000,11,0,123200,2200,46,0,35,0,0,2026-10-04,267,0,0
2026-01-11,Minggu,SKU008,Tepung Terigu 1kg,Sembako,pak,13500,0.0,13500,11000,8,0,108000,20000,35,0,27,0,0,2026-10-04,266,0,0
2026-01-12,Senin,SKU008,Tepung Terigu 1kg,Sembako,pak,13500,0.0,13500,11000,8,0,108000,20000,27,0,19,65,0,2026-10-04,265,0,0
2026-01-13,Selasa,SKU008,Tepung Terigu 1kg,Sembako,pak,13500,17.04,11200,11000,10,0,112000,2000,84,65,74,0,0,2026-10-10,270,0,0
2026-01-14,Rabu,SKU008,Tepung Terigu 1kg,Sembako,pak,13500,0.0,13500,11000,8,0,108000,20000,74,0,66,0,0,2026-10-10,269,0,0
2026-01-15,Kamis,SKU008,Tepung Terigu 1kg,Sembako,pak,13500,12.0,11900,11000,9,0,107100,8100,66,0,57,0,0,2026-10-10,268,0,0
2026-01-16,Jumat,SKU008,Tepung Terigu 1kg,Sembako,pak,13500,17.04,11200,11000,7,0,78400,1400,57,0,50,0,0,2026-10-10,267,0,0
2026-01-17,Sabtu,SKU008,Tepung Terigu 1kg,Sembako,pak,13500,12.0,11900,11000,12,0,142800,10800,50,0,38,0,0,2026-10-10,266,0,0
2026-01-18,Minggu,SKU008,Tepung Terigu 1kg,Sembako,pak,13500,12.0,11900,11000,13,0,154700,11700,38,0,25,0,0,2026-10-10,265,0,0
2026-01-19,Senin,SKU008,Tepung Terigu 1kg,Sembako,pak,13500,0.0,13500,11000,6,0,81000,15000,25,0,19,65,0,2026-10-10,264,0,0
2026-01-20,Selasa,SKU008,Tepung Terigu 1kg,Sembako,pak,13500,0.0,13500,11000,10,0,135000,25000,19,0,9,0,0,2026-10-10,263,0,0
2026-01-21,Rabu,SKU008,Tepung Terigu 1kg,Sembako,pak,13500,0.0,13500,11000,4,0,54000,10000,74,65,70,0,0,2026-10-18,270,0,0
2026-01-22,Kamis,SKU008,Tepung Terigu 1kg,Sembako,pak,13500,0.0,13500,11000,5,0,67500,12500,70,0,65,0,0,2026-10-18,269,0,0
2026-01-23,Jumat,SKU008,Tepung Terigu 1kg,Sembako,pak,13500,0.0,13500,11000,5,0,67500,12500,65,0,60,0,0,2026-10-18,268,0,0
2026-01-24,Sabtu,SKU008,Tepung Terigu 1kg,Sembako,pak,13500,0.0,13500,11000,11,0,148500,27500,60,0,49,0,0,2026-10-18,267,0,0
2026-01-25,Minggu,SKU008,Tepung Terigu 1kg,Sembako,pak,13500,5.0,12800,11000,17,0,217600,30600,49,0,32,0,0,2026-10-18,266,1,0
2026-01-26,Senin,SKU008,Tepung Terigu 1kg,Sembako,pak,13500,17.04,11200,11000,10,0,112000,2000,32,0,22,65,0,2026-10-18,265,1,0
2026-01-27,Selasa,SKU008,Tepung Terigu 1kg,Sembako,pak,13500,0.0,13500,11000,16,0,216000,40000,22,0,6,0,0,2026-10-18,264,1,0
2026-01-28,Rabu,SKU008,Tepung Terigu 1kg,Sembako,pak,13500,15.0,11500,11000,10,0,115000,5000,71,65,61,0,0,2026-10-25,270,1,0
2026-01-29,Kamis,SKU008,Tepung Terigu 1kg,Sembako,pak,13500,0.0,13500,11000,16,0,216000,40000,61,0,45,0,0,2026-10-25,269,1,0
2026-01-30,Jumat,SKU008,Tepung Terigu 1kg,Sembako,pak,13500,10.0,12200,11000,19,0,231800,22800,45,0,26,0,0,2026-10-25,268,1,0
2026-01-31,Sabtu,SKU008,Tepung Terigu 1kg,Sembako,pak,13500,0.0,13500,11000,9,0,121500,22500,26,0,17,65,0,2026-10-25,267,1,0
2026-02-01,Minggu,SKU008,Tepung Terigu 1kg,Sembako,pak,13500,15.0,11500,11000,17,0,195500,8500,17,0,0,0,0,2026-10-25,266,1,0
2026-02-02,Senin,SKU008,Tepung Terigu 1kg,Sembako,pak,13500,0.0,13500,11000,6,0,81000,15000,65,65,59,0,0,2026-10-30,270,1,0
2026-02-03,Selasa,SKU008,Tepung Terigu 1kg,Sembako,pak,13500,0.0,13500,11000,9,0,121500,22500,59,0,50,0,0,2026-10-30,269,1,0
2026-02-04,Rabu,SKU008,Tepung Terigu 1kg,Sembako,pak,13500,0.0,13500,11000,3,0,40500,7500,50,0,47,0,0,2026-10-30,268,1,0
2026-02-05,Kamis,SKU008,Tepung Terigu 1kg,Sembako,pak,13500,0.0,13500,11000,12,0,162000,30000,47,0,35,0,0,2026-10-30,267,1,0
2026-02-06,Jumat,SKU008,Tepung Terigu 1kg,Sembako,pak,13500,0.0,13500,11000,11,0,148500,27500,35,0,24,65,0,2026-10-30,266,0,0
2026-02-07,Sabtu,SKU008,Tepung Terigu 1kg,Sembako,pak,13500,17.04,11200,11000,16,0,179200,3200,89,65,73,0,0,2026-11-04,270,0,0
2026-02-08,Minggu,SKU008,Tepung Terigu 1kg,Sembako,pak,13500,0.0,13500,11000,6,0,81000,15000,73,0,67,0,0,2026-11-04,269,0,0
2026-02-09,Senin,SKU008,Tepung Terigu 1kg,Sembako,pak,13500,8.0,12400,11000,8,0,99200,11200,67,0,59,0,0,2026-11-04,268,0,0
2026-02-10,Selasa,SKU008,Tepung Terigu 1kg,Sembako,pak,13500,8.0,12400,11000,5,0,62000,7000,59,0,54,0,0,2026-11-04,267,0,0
2026-02-11,Rabu,SKU008,Tepung Terigu 1kg,Sembako,pak,13500,0.0,13500,11000,8,0,108000,20000,54,0,46,0,0,2026-11-04,266,0,0
2026-02-12,Kamis,SKU008,Tepung Terigu 1kg,Sembako,pak,13500,17.04,11200,11000,8,0,89600,1600,46,0,38,0,0,2026-11-04,265,0,0
2026-02-13,Jumat,SKU008,Tepung Terigu 1kg,Sembako,pak,13500,0.0,13500,11000,9,0,121500,22500,38,0,29,0,0,2026-11-04,264,0,0
2026-02-14,Sabtu,SKU008,Tepung Terigu 1kg,Sembako,pak,13500,17.04,11200,11000,12,0,134400,2400,29,0,17,65,0,2026-11-04,263,0,0
2026-02-15,Minggu,SKU008,Tepung Terigu 1kg,Sembako,pak,13500,0.0,13500,11000,9,0,121500,22500,17,0,8,0,0,2026-11-04,262,0,0
2026-02-16,Senin,SKU008,Tepung Terigu 1kg,Sembako,pak,13500,0.0,13500,11000,4,0,54000,10000,73,65,69,0,0,2026-11-13,270,0,0
2026-02-17,Selasa,SKU008,Tepung Terigu 1kg,Sembako,pak,13500,0.0,13500,11000,8,0,108000,20000,69,0,61,0,0,2026-11-13,269,0,1
2026-02-18,Rabu,SKU008,Tepung Terigu 1kg,Sembako,pak,13500,0.0,13500,11000,12,0,162000,30000,61,0,49,0,0,2026-11-13,268,0,1
2026-02-19,Kamis,SKU008,Tepung Terigu 1kg,Sembako,pak,13500,0.0,13500,11000,21,0,283500,52500,49,0,28,0,0,2026-11-13,267,0,1
2026-02-20,Jumat,SKU008,Tepung Terigu 1kg,Sembako,pak,13500,0.0,13500,11000,21,0,283500,52500,28,0,7,65,0,2026-11-13,266,0,1
2026-02-21,Sabtu,SKU008,Tepung Terigu 1kg,Sembako,pak,13500,0.0,13500,11000,13,0,175500,32500,72,65,59,0,0,2026-11-18,270,0,1
2026-02-22,Minggu,SKU008,Tepung Terigu 1kg,Sembako,pak,13500,0.0,13500,11000,17,0,229500,42500,59,0,42,0,0,2026-11-18,269,0,1
2026-02-23,Senin,SKU008,Tepung Terigu 1kg,Sembako,pak,13500,8.0,12400,11000,8,0,99200,11200,42,0,34,0,0,2026-11-18,268,0,1
2026-02-24,Selasa,SKU008,Tepung Terigu 1kg,Sembako,pak,13500,0.0,13500,11000,18,0,243000,45000,34,0,16,143,0,2026-11-18,267,0,1
2026-02-25,Rabu,SKU008,Tepung Terigu 1kg,Sembako,pak,13500,0.0,13500,11000,16,0,216000,40000,159,143,143,0,0,2026-11-22,270,1,1
2026-02-26,Kamis,SKU008,Tepung Terigu 1kg,Sembako,pak,13500,17.04,11200,11000,26,0,291200,5200,143,0,117,0,0,2026-11-22,269,1,1
2026-02-27,Jumat,SKU008,Tepung Terigu 1kg,Sembako,pak,13500,17.04,11200,11000,24,0,268800,4800,117,0,93,0,0,2026-11-22,268,1,1
2026-02-28,Sabtu,SKU008,Tepung Terigu 1kg,Sembako,pak,13500,17.04,11200,11000,28,0,313600,5600,93,0,65,0,0,2026-11-22,267,1,1
2026-03-01,Minggu,SKU008,Tepung Terigu 1kg,Sembako,pak,13500,12.0,11900,11000,23,0,273700,20700,65,0,42,0,0,2026-11-22,266,1,1
2026-03-02,Senin,SKU008,Tepung Terigu 1kg,Sembako,pak,13500,0.0,13500,11000,17,0,229500,42500,42,0,25,0,0,2026-11-22,265,1,1
2026-03-03,Selasa,SKU008,Tepung Terigu 1kg,Sembako,pak,13500,0.0,13500,11000,13,0,175500,32500,25,0,12,65,0,2026-11-22,264,1,1
2026-03-04,Rabu,SKU008,Tepung Terigu 1kg,Sembako,pak,13500,0.0,13500,11000,12,2,162000,30000,12,0,0,0,0,2026-11-22,263,1,1
2026-03-05,Kamis,SKU008,Tepung Terigu 1kg,Sembako,pak,13500,0.0,13500,11000,16,0,216000,40000,65,65,49,0,0,2026-11-30,270,1,1
2026-03-06,Jumat,SKU008,Tepung Terigu 1kg,Sembako,pak,13500,8.0,12400,11000,16,0,198400,22400,49,0,33,0,0,2026-11-30,269,0,1
2026-03-07,Sabtu,SKU008,Tepung Terigu 1kg,Sembako,pak,13500,0.0,13500,11000,20,0,270000,50000,33,0,13,65,0,2026-11-30,268,0,1
2026-03-08,Minggu,SKU008,Tepung Terigu 1kg,Sembako,pak,13500,17.04,11200,11000,13,17,145600,2600,13,0,0,0,0,2026-11-30,267,0,1
2026-03-09,Senin,SKU008,Tepung Terigu 1kg,Sembako,pak,13500,0.0,13500,11000,17,0,229500,42500,65,65,48,0,0,2026-12-04,270,0,1
2026-03-10,Selasa,SKU008,Tepung Terigu 1kg,Sembako,pak,13500,0.0,13500,11000,15,0,202500,37500,48,0,33,0,0,2026-12-04,269,0,1
2026-03-11,Rabu,SKU008,Tepung Terigu 1kg,Sembako,pak,13500,17.04,11200,11000,15,0,168000,3000,33,0,18,65,0,2026-12-04,268,0,1
2026-03-12,Kamis,SKU008,Tepung Terigu 1kg,Sembako,pak,13500,12.0,11900,11000,18,6,214200,16200,18,0,0,0,0,2026-12-04,267,0,1
2026-03-13,Jumat,SKU008,Tepung Terigu 1kg,Sembako,pak,13500,17.04,11200,11000,19,0,212800,3800,65,65,46,0,0,2026-12-08,270,0,1
2026-03-14,Sabtu,SKU008,Tepung Terigu 1kg,Sembako,pak,13500,0.0,13500,11000,10,0,135000,25000,46,0,36,0,0,2026-12-08,269,0,1
2026-03-15,Minggu,SKU008,Tepung Terigu 1kg,Sembako,pak,13500,0.0,13500,11000,24,0,324000,60000,36,0,12,65,0,2026-12-08,268,0,1
2026-03-16,Senin,SKU008,Tepung Terigu 1kg,Sembako,pak,13500,0.0,13500,11000,8,0,108000,20000,12,0,4,0,0,2026-12-08,267,0,1
2026-03-17,Selasa,SKU008,Tepung Terigu 1kg,Sembako,pak,13500,0.0,13500,11000,15,0,202500,37500,69,65,54,0,0,2026-12-12,270,0,1
2026-03-18,Rabu,SKU008,Tepung Terigu 1kg,Sembako,pak,13500,0.0,13500,11000,15,0,202500,37500,54,0,39,0,0,2026-12-12,269,0,1
2026-03-19,Kamis,SKU008,Tepung Terigu 1kg,Sembako,pak,13500,0.0,13500,11000,9,0,121500,22500,39,0,30,0,0,2026-12-12,268,0,1
2026-03-20,Jumat,SKU008,Tepung Terigu 1kg,Sembako,pak,13500,0.0,13500,11000,5,0,67500,12500,30,0,25,0,0,2026-12-12,267,0,0
2026-03-21,Sabtu,SKU008,Tepung Terigu 1kg,Sembako,pak,13500,0.0,13500,11000,10,0,135000,25000,25,0,15,65,0,2026-12-12,266,0,0
2026-03-22,Minggu,SKU008,Tepung Terigu 1kg,Sembako,pak,13500,0.0,13500,11000,4,0,54000,10000,80,65,76,0,0,2026-12-17,270,0,0
2026-03-23,Senin,SKU008,Tepung Terigu 1kg,Sembako,pak,13500,0.0,13500,11000,2,0,27000,5000,76,0,74,0,0,2026-12-17,269,0,0
2026-03-24,Selasa,SKU008,Tepung Terigu 1kg,Sembako,pak,13500,0.0,13500,11000,3,0,40500,7500,74,0,71,0,0,2026-12-17,268,0,0
2026-03-25,Rabu,SKU008,Tepung Terigu 1kg,Sembako,pak,13500,0.0,13500,11000,6,0,81000,15000,71,0,65,0,0,2026-12-17,267,1,0
2026-03-26,Kamis,SKU008,Tepung Terigu 1kg,Sembako,pak,13500,0.0,13500,11000,4,0,54000,10000,65,0,61,0,0,2026-12-17,266,1,0
2026-03-27,Jumat,SKU008,Tepung Terigu 1kg,Sembako,pak,13500,0.0,13500,11000,14,0,189000,35000,61,0,47,0,0,2026-12-17,265,1,0
2026-03-28,Sabtu,SKU008,Tepung Terigu 1kg,Sembako,pak,13500,10.0,12200,11000,9,0,109800,10800,47,0,38,0,0,2026-12-17,264,1,0
2026-03-29,Minggu,SKU008,Tepung Terigu 1kg,Sembako,pak,13500,17.04,11200,11000,13,0,145600,2600,38,0,25,0,0,2026-12-17,263,1,0
2026-03-30,Senin,SKU008,Tepung Terigu 1kg,Sembako,pak,13500,0.0,13500,11000,6,0,81000,15000,25,0,19,65,0,2026-12-17,262,1,0
2026-03-31,Selasa,SKU008,Tepung Terigu 1kg,Sembako,pak,13500,0.0,13500,11000,6,0,81000,15000,19,0,13,0,0,2026-12-17,261,1,0
2026-04-01,Rabu,SKU008,Tepung Terigu 1kg,Sembako,pak,13500,0.0,13500,11000,6,0,81000,15000,78,65,72,0,0,2026-12-27,270,1,0
2026-04-02,Kamis,SKU008,Tepung Terigu 1kg,Sembako,pak,13500,0.0,13500,11000,13,0,175500,32500,72,0,59,0,0,2026-12-27,269,1,0
2026-04-03,Jumat,SKU008,Tepung Terigu 1kg,Sembako,pak,13500,0.0,13500,11000,11,0,148500,27500,59,0,48,0,0,2026-12-27,268,1,0
2026-04-04,Sabtu,SKU008,Tepung Terigu 1kg,Sembako,pak,13500,0.0,13500,11000,15,0,202500,37500,48,0,33,0,0,2026-12-27,267,1,0
2026-04-05,Minggu,SKU008,Tepung Terigu 1kg,Sembako,pak,13500,0.0,13500,11000,21,0,283500,52500,33,0,12,143,0,2026-12-27,266,1,0
2026-04-06,Senin,SKU008,Tepung Terigu 1kg,Sembako,pak,13500,0.0,13500,11000,9,0,121500,22500,12,0,3,0,0,2026-12-27,265,0,0
2026-04-07,Selasa,SKU008,Tepung Terigu 1kg,Sembako,pak,13500,5.0,12800,11000,3,7,38400,5400,3,0,0,0,0,2026-12-27,264,0,0
2026-04-08,Rabu,SKU008,Tepung Terigu 1kg,Sembako,pak,13500,0.0,13500,11000,7,0,94500,17500,143,143,136,0,0,2027-01-03,270,0,0
2026-04-09,Kamis,SKU008,Tepung Terigu 1kg,Sembako,pak,13500,0.0,13500,11000,13,0,175500,32500,136,0,123,0,0,2027-01-03,269,0,0
2026-04-10,Jumat,SKU008,Tepung Terigu 1kg,Sembako,pak,13500,0.0,13500,11000,11,0,148500,27500,123,0,112,0,0,2027-01-03,268,0,0
2026-04-11,Sabtu,SKU008,Tepung Terigu 1kg,Sembako,pak,13500,0.0,13500,11000,8,0,108000,20000,112,0,104,0,0,2027-01-03,267,0,0
2026-04-12,Minggu,SKU008,Tepung Terigu 1kg,Sembako,pak,13500,0.0,13500,11000,9,0,121500,22500,104,0,95,0,0,2027-01-03,266,0,0
2026-04-13,Senin,SKU008,Tepung Terigu 1kg,Sembako,pak,13500,17.04,11200,11000,3,0,33600,600,95,0,92,0,0,2027-01-03,265,0,0
2026-04-14,Selasa,SKU008,Tepung Terigu 1kg,Sembako,pak,13500,0.0,13500,11000,6,0,81000,15000,92,0,86,0,0,2027-01-03,264,0,0
2026-04-15,Rabu,SKU008,Tepung Terigu 1kg,Sembako,pak,13500,0.0,13500,11000,2,0,27000,5000,86,0,84,0,0,2027-01-03,263,0,0
2026-04-16,Kamis,SKU008,Tepung Terigu 1kg,Sembako,pak,13500,0.0,13500,11000,6,0,81000,15000,84,0,78,0,0,2027-01-03,262,0,0
2026-04-17,Jumat,SKU008,Tepung Terigu 1kg,Sembako,pak,13500,15.0,11500,11000,12,0,138000,6000,78,0,66,0,0,2027-01-03,261,0,0
2026-04-18,Sabtu,SKU008,Tepung Terigu 1kg,Sembako,pak,13500,0.0,13500,11000,13,0,175500,32500,66,0,53,0,0,2027-01-03,260,0,0
2026-04-19,Minggu,SKU008,Tepung Terigu 1kg,Sembako,pak,13500,10.0,12200,11000,10,0,122000,12000,53,0,43,0,0,2027-01-03,259,0,0
2026-04-20,Senin,SKU008,Tepung Terigu 1kg,Sembako,pak,13500,10.0,12200,11000,6,0,73200,7200,43,0,37,0,0,2027-01-03,258,0,0
2026-04-21,Selasa,SKU008,Tepung Terigu 1kg,Sembako,pak,13500,0.0,13500,11000,9,0,121500,22500,37,0,28,0,0,2027-01-03,257,0,0
2026-04-22,Rabu,SKU008,Tepung Terigu 1kg,Sembako,pak,13500,17.04,11200,11000,10,0,112000,2000,28,0,18,65,0,2027-01-03,256,0,0
2026-04-23,Kamis,SKU008,Tepung Terigu 1kg,Sembako,pak,13500,0.0,13500,11000,3,0,40500,7500,18,0,15,0,0,2027-01-03,255,0,0
2026-04-24,Jumat,SKU008,Tepung Terigu 1kg,Sembako,pak,13500,0.0,13500,11000,15,2,202500,37500,15,0,0,0,0,2027-01-03,254,0,0
2026-04-25,Sabtu,SKU008,Tepung Terigu 1kg,Sembako,pak,13500,12.0,11900,11000,16,0,190400,14400,65,65,49,0,0,2027-01-20,270,1,0
2026-04-26,Minggu,SKU008,Tepung Terigu 1kg,Sembako,pak,13500,8.0,12400,11000,14,0,173600,19600,49,0,35,0,0,2027-01-20,269,1,0
2026-04-27,Senin,SKU008,Tepung Terigu 1kg,Sembako,pak,13500,0.0,13500,11000,15,0,202500,37500,35,0,20,65,0,2027-01-20,268,1,0
2026-04-28,Selasa,SKU008,Tepung Terigu 1kg,Sembako,pak,13500,0.0,13500,11000,4,0,54000,10000,20,0,16,0,0,2027-01-20,267,1,0
2026-04-29,Rabu,SKU008,Tepung Terigu 1kg,Sembako,pak,13500,0.0,13500,11000,3,0,40500,7500,16,0,13,0,0,2027-01-20,266,1,0
2026-04-30,Kamis,SKU008,Tepung Terigu 1kg,Sembako,pak,13500,5.0,12800,11000,11,0,140800,19800,78,65,67,0,0,2027-01-25,270,1,0
2026-05-01,Jumat,SKU008,Tepung Terigu 1kg,Sembako,pak,13500,17.04,11200,11000,12,0,134400,2400,67,0,55,0,0,2027-01-25,269,1,0
2026-05-02,Sabtu,SKU008,Tepung Terigu 1kg,Sembako,pak,13500,0.0,13500,11000,10,0,135000,25000,55,0,45,0,0,2027-01-25,268,1,0
2026-05-03,Minggu,SKU008,Tepung Terigu 1kg,Sembako,pak,13500,15.0,11500,11000,20,0,230000,10000,45,0,25,0,0,2027-01-25,267,1,0
2026-05-04,Senin,SKU008,Tepung Terigu 1kg,Sembako,pak,13500,12.0,11900,11000,14,0,166600,12600,25,0,11,65,0,2027-01-25,266,1,0
2026-05-05,Selasa,SKU008,Tepung Terigu 1kg,Sembako,pak,13500,0.0,13500,11000,12,0,162000,30000,76,65,64,0,0,2027-01-30,270,1,0
2026-05-06,Rabu,SKU008,Tepung Terigu 1kg,Sembako,pak,13500,17.04,11200,11000,8,0,89600,1600,64,0,56,0,0,2027-01-30,269,0,0
2026-05-07,Kamis,SKU008,Tepung Terigu 1kg,Sembako,pak,13500,0.0,13500,11000,15,0,202500,37500,56,0,41,0,0,2027-01-30,268,0,0
2026-05-08,Jumat,SKU008,Tepung Terigu 1kg,Sembako,pak,13500,10.0,12200,11000,9,0,109800,10800,41,0,32,0,0,2027-01-30,267,0,0
2026-05-09,Sabtu,SKU008,Tepung Terigu 1kg,Sembako,pak,13500,0.0,13500,11000,10,0,135000,25000,32,0,22,65,0,2027-01-30,266,0,0
2026-05-10,Minggu,SKU008,Tepung Terigu 1kg,Sembako,pak,13500,17.04,11200,11000,9,0,100800,1800,22,0,13,0,0,2027-01-30,265,0,0
2026-05-11,Senin,SKU008,Tepung Terigu 1kg,Sembako,pak,13500,0.0,13500,11000,8,0,108000,20000,13,0,5,0,0,2027-01-30,264,0,0
2026-05-12,Selasa,SKU008,Tepung Terigu 1kg,Sembako,pak,13500,5.0,12800,11000,7,0,89600,12600,70,65,63,0,0,2027-02-06,270,0,0
2026-05-13,Rabu,SKU008,Tepung Terigu 1kg,Sembako,pak,13500,0.0,13500,11000,7,0,94500,17500,63,0,56,0,0,2027-02-06,269,0,0
2026-05-14,Kamis,SKU008,Tepung Terigu 1kg,Sembako,pak,13500,12.0,11900,11000,7,0,83300,6300,56,0,49,0,0,2027-02-06,268,0,0
2026-05-15,Jumat,SKU008,Tepung Terigu 1kg,Sembako,pak,13500,8.0,12400,11000,7,0,86800,9800,49,0,42,0,0,2027-02-06,267,0,0
2026-05-16,Sabtu,SKU008,Tepung Terigu 1kg,Sembako,pak,13500,0.0,13500,11000,13,0,175500,32500,42,0,29,0,0,2027-02-06,266,0,0
2026-05-17,Minggu,SKU008,Tepung Terigu 1kg,Sembako,pak,13500,0.0,13500,11000,2,0,27000,5000,29,0,27,0,0,2027-02-06,265,0,0
2026-05-18,Senin,SKU008,Tepung Terigu 1kg,Sembako,pak,13500,0.0,13500,11000,1,0,13500,2500,27,0,26,0,0,2027-02-06,264,0,0
2026-05-19,Selasa,SKU008,Tepung Terigu 1kg,Sembako,pak,13500,0.0,13500,11000,12,0,162000,30000,26,0,14,65,0,2027-02-06,263,0,0
2026-05-20,Rabu,SKU008,Tepung Terigu 1kg,Sembako,pak,13500,0.0,13500,11000,10,0,135000,25000,14,0,4,0,0,2027-02-06,262,0,0
2026-05-21,Kamis,SKU008,Tepung Terigu 1kg,Sembako,pak,13500,8.0,12400,11000,4,3,49600,5600,4,0,0,0,0,2027-02-06,261,0,0
2026-05-22,Jumat,SKU008,Tepung Terigu 1kg,Sembako,pak,13500,15.0,11500,11000,8,0,92000,4000,65,65,57,0,0,2027-02-16,270,0,0
2026-05-23,Sabtu,SKU008,Tepung Terigu 1kg,Sembako,pak,13500,0.0,13500,11000,9,0,121500,22500,57,0,48,0,0,2027-02-16,269,0,0
2026-05-24,Minggu,SKU008,Tepung Terigu 1kg,Sembako,pak,13500,8.0,12400,11000,13,0,161200,18200,48,0,35,0,0,2027-02-16,268,0,0
2026-05-25,Senin,SKU008,Tepung Terigu 1kg,Sembako,pak,13500,8.0,12400,11000,10,0,124000,14000,35,0,25,0,0,2027-02-16,267,1,0
2026-05-26,Selasa,SKU008,Tepung Terigu 1kg,Sembako,pak,13500,0.0,13500,11000,9,0,121500,22500,25,0,16,65,0,2027-02-16,266,1,0
2026-05-27,Rabu,SKU008,Tepung Terigu 1kg,Sembako,pak,13500,0.0,13500,11000,17,0,229500,42500,81,65,64,0,0,2027-02-21,270,1,0
2026-05-28,Kamis,SKU008,Tepung Terigu 1kg,Sembako,pak,13500,0.0,13500,11000,10,0,135000,25000,64,0,54,0,0,2027-02-21,269,1,0
2026-05-29,Jumat,SKU008,Tepung Terigu 1kg,Sembako,pak,13500,0.0,13500,11000,6,0,81000,15000,54,0,48,0,0,2027-02-21,268,1,0
2026-05-30,Sabtu,SKU008,Tepung Terigu 1kg,Sembako,pak,13500,0.0,13500,11000,16,0,216000,40000,48,0,32,0,0,2027-02-21,267,1,0
2026-05-31,Minggu,SKU008,Tepung Terigu 1kg,Sembako,pak,13500,0.0,13500,11000,21,0,283500,52500,32,0,11,65,0,2027-02-21,266,1,0
2026-06-01,Senin,SKU008,Tepung Terigu 1kg,Sembako,pak,13500,0.0,13500,11000,6,0,81000,15000,76,65,70,0,0,2027-02-26,270,1,0
2026-06-02,Selasa,SKU008,Tepung Terigu 1kg,Sembako,pak,13500,15.0,11500,11000,14,0,161000,7000,70,0,56,0,0,2027-02-26,269,1,0
2026-06-03,Rabu,SKU008,Tepung Terigu 1kg,Sembako,pak,13500,0.0,13500,11000,7,0,94500,17500,56,0,49,0,0,2027-02-26,268,1,0
2026-06-04,Kamis,SKU008,Tepung Terigu 1kg,Sembako,pak,13500,0.0,13500,11000,10,0,135000,25000,49,0,39,0,0,2027-02-26,267,1,0
2026-06-05,Jumat,SKU008,Tepung Terigu 1kg,Sembako,pak,13500,0.0,13500,11000,8,0,108000,20000,39,0,31,0,0,2027-02-26,266,1,0
2026-06-06,Sabtu,SKU008,Tepung Terigu 1kg,Sembako,pak,13500,0.0,13500,11000,4,0,54000,10000,31,0,27,0,0,2027-02-26,265,0,0
2026-06-07,Minggu,SKU008,Tepung Terigu 1kg,Sembako,pak,13500,0.0,13500,11000,10,0,135000,25000,27,0,17,65,0,2027-02-26,264,0,0
2026-06-08,Senin,SKU008,Tepung Terigu 1kg,Sembako,pak,13500,0.0,13500,11000,11,0,148500,27500,82,65,71,0,0,2027-03-05,270,0,0
2026-06-09,Selasa,SKU008,Tepung Terigu 1kg,Sembako,pak,13500,8.0,12400,11000,4,0,49600,5600,71,0,67,0,0,2027-03-05,269,0,0
2026-06-10,Rabu,SKU008,Tepung Terigu 1kg,Sembako,pak,13500,0.0,13500,11000,8,0,108000,20000,67,0,59,0,0,2027-03-05,268,0,0
2026-06-11,Kamis,SKU008,Tepung Terigu 1kg,Sembako,pak,13500,0.0,13500,11000,4,0,54000,10000,59,0,55,0,0,2027-03-05,267,0,0
2026-06-12,Jumat,SKU008,Tepung Terigu 1kg,Sembako,pak,13500,0.0,13500,11000,7,0,94500,17500,55,0,48,0,0,2027-03-05,266,0,0
2026-06-13,Sabtu,SKU008,Tepung Terigu 1kg,Sembako,pak,13500,15.0,11500,11000,5,0,57500,2500,48,0,43,0,0,2027-03-05,265,0,0
2026-06-14,Minggu,SKU008,Tepung Terigu 1kg,Sembako,pak,13500,0.0,13500,11000,8,0,108000,20000,43,0,35,0,0,2027-03-05,264,0,0
2026-06-15,Senin,SKU008,Tepung Terigu 1kg,Sembako,pak,13500,0.0,13500,11000,10,0,135000,25000,35,0,25,0,0,2027-03-05,263,0,0
2026-06-16,Selasa,SKU008,Tepung Terigu 1kg,Sembako,pak,13500,0.0,13500,11000,8,0,108000,20000,25,0,17,65,0,2027-03-05,262,0,0
2026-06-17,Rabu,SKU008,Tepung Terigu 1kg,Sembako,pak,13500,0.0,13500,11000,8,0,108000,20000,17,0,9,0,0,2027-03-05,261,0,0
2026-06-18,Kamis,SKU008,Tepung Terigu 1kg,Sembako,pak,13500,17.04,11200,11000,6,0,67200,1200,9,0,3,0,0,2027-03-05,260,0,0
2026-06-19,Jumat,SKU008,Tepung Terigu 1kg,Sembako,pak,13500,0.0,13500,11000,6,0,81000,15000,68,65,62,0,0,2027-03-16,270,0,0
2026-06-20,Sabtu,SKU008,Tepung Terigu 1kg,Sembako,pak,13500,15.0,11500,11000,5,0,57500,2500,62,0,57,0,0,2027-03-16,269,0,0
2026-06-21,Minggu,SKU008,Tepung Terigu 1kg,Sembako,pak,13500,0.0,13500,11000,11,0,148500,27500,57,0,46,0,0,2027-03-16,268,0,0
2026-06-22,Senin,SKU008,Tepung Terigu 1kg,Sembako,pak,13500,0.0,13500,11000,4,0,54000,10000,46,0,42,0,0,2027-03-16,267,0,0
2026-06-23,Selasa,SKU008,Tepung Terigu 1kg,Sembako,pak,13500,0.0,13500,11000,6,0,81000,15000,42,0,36,0,0,2027-03-16,266,0,0
2026-06-24,Rabu,SKU008,Tepung Terigu 1kg,Sembako,pak,13500,0.0,13500,11000,5,0,67500,12500,36,0,31,0,0,2027-03-16,265,0,0
2026-06-25,Kamis,SKU008,Tepung Terigu 1kg,Sembako,pak,13500,0.0,13500,11000,13,0,175500,32500,31,0,18,65,0,2027-03-16,264,1,0
2026-06-26,Jumat,SKU008,Tepung Terigu 1kg,Sembako,pak,13500,0.0,13500,11000,6,0,81000,15000,18,0,12,0,0,2027-03-16,263,1,0
2026-06-27,Sabtu,SKU008,Tepung Terigu 1kg,Sembako,pak,13500,0.0,13500,11000,28,0,378000,70000,77,65,49,0,0,2027-03-24,270,1,0
2026-06-28,Minggu,SKU008,Tepung Terigu 1kg,Sembako,pak,13500,0.0,13500,11000,22,0,297000,55000,49,0,27,0,0,2027-03-24,269,1,0
2026-06-29,Senin,SKU008,Tepung Terigu 1kg,Sembako,pak,13500,0.0,13500,11000,6,0,81000,15000,27,0,21,65,0,2027-03-24,268,1,0
2026-06-30,Selasa,SKU008,Tepung Terigu 1kg,Sembako,pak,13500,0.0,13500,11000,7,0,94500,17500,86,65,79,0,0,2027-03-27,270,1,0
2026-07-01,Rabu,SKU008,Tepung Terigu 1kg,Sembako,pak,13500,0.0,13500,11000,5,0,67500,12500,79,0,74,0,0,2027-03-27,269,1,0
2026-07-02,Kamis,SKU008,Tepung Terigu 1kg,Sembako,pak,13500,17.04,11200,11000,15,0,168000,3000,74,0,59,0,0,2027-03-27,268,1,0
2026-07-03,Jumat,SKU008,Tepung Terigu 1kg,Sembako,pak,13500,0.0,13500,11000,8,0,108000,20000,59,0,51,0,0,2027-03-27,267,1,0
2026-07-04,Sabtu,SKU008,Tepung Terigu 1kg,Sembako,pak,13500,17.04,11200,11000,16,0,179200,3200,51,0,35,0,0,2027-03-27,266,1,0
2026-07-05,Minggu,SKU008,Tepung Terigu 1kg,Sembako,pak,13500,0.0,13500,11000,9,0,121500,22500,35,0,26,0,0,2027-03-27,265,1,0
2026-07-06,Senin,SKU008,Tepung Terigu 1kg,Sembako,pak,13500,0.0,13500,11000,11,0,148500,27500,26,0,15,65,0,2027-03-27,264,0,0
2026-07-07,Selasa,SKU008,Tepung Terigu 1kg,Sembako,pak,13500,0.0,13500,11000,7,0,94500,17500,15,0,8,0,0,2027-03-27,263,0,0
2026-07-08,Rabu,SKU008,Tepung Terigu 1kg,Sembako,pak,13500,0.0,13500,11000,8,3,108000,20000,8,0,0,0,0,2027-03-27,262,0,0
2026-07-09,Kamis,SKU008,Tepung Terigu 1kg,Sembako,pak,13500,17.04,11200,11000,12,0,134400,2400,65,65,53,0,0,2027-04-05,270,0,0
2026-07-10,Jumat,SKU008,Tepung Terigu 1kg,Sembako,pak,13500,0.0,13500,11000,7,0,94500,17500,53,0,46,0,0,2027-04-05,269,0,0
2026-07-11,Sabtu,SKU008,Tepung Terigu 1kg,Sembako,pak,13500,0.0,13500,11000,8,0,108000,20000,46,0,38,0,0,2027-04-05,268,0,0
2026-07-12,Minggu,SKU008,Tepung Terigu 1kg,Sembako,pak,13500,0.0,13500,11000,9,0,121500,22500,38,0,29,0,0,2027-04-05,267,0,0
2026-07-13,Senin,SKU008,Tepung Terigu 1kg,Sembako,pak,13500,0.0,13500,11000,14,0,189000,35000,29,0,15,65,0,2027-04-05,266,0,0
2026-07-14,Selasa,SKU008,Tepung Terigu 1kg,Sembako,pak,13500,0.0,13500,11000,8,0,108000,20000,15,0,7,0,0,2027-04-05,265,0,0
2026-07-15,Rabu,SKU008,Tepung Terigu 1kg,Sembako,pak,13500,0.0,13500,11000,7,2,94500,17500,7,0,0,0,0,2027-04-05,264,0,0
2026-07-16,Kamis,SKU008,Tepung Terigu 1kg,Sembako,pak,13500,0.0,13500,11000,7,0,94500,17500,65,65,58,0,0,2027-04-12,270,0,0
2026-07-17,Jumat,SKU008,Tepung Terigu 1kg,Sembako,pak,13500,0.0,13500,11000,4,0,54000,10000,58,0,54,0,0,2027-04-12,269,0,0
2026-07-18,Sabtu,SKU008,Tepung Terigu 1kg,Sembako,pak,13500,5.0,12800,11000,9,0,115200,16200,54,0,45,0,0,2027-04-12,268,0,0
2026-07-19,Minggu,SKU008,Tepung Terigu 1kg,Sembako,pak,13500,0.0,13500,11000,11,0,148500,27500,45,0,34,0,0,2027-04-12,267,0,0
2026-07-20,Senin,SKU008,Tepung Terigu 1kg,Sembako,pak,13500,0.0,13500,11000,16,0,216000,40000,34,0,18,65,0,2027-04-12,266,0,0
2026-07-21,Selasa,SKU008,Tepung Terigu 1kg,Sembako,pak,13500,17.04,11200,11000,11,0,123200,2200,18,0,7,0,0,2027-04-12,265,0,0
2026-07-22,Rabu,SKU008,Tepung Terigu 1kg,Sembako,pak,13500,0.0,13500,11000,5,0,67500,12500,72,65,67,0,0,2027-04-18,270,0,0
2026-07-23,Kamis,SKU008,Tepung Terigu 1kg,Sembako,pak,13500,0.0,13500,11000,7,0,94500,17500,67,0,60,0,0,2027-04-18,269,0,0
2026-07-24,Jumat,SKU008,Tepung Terigu 1kg,Sembako,pak,13500,0.0,13500,11000,7,0,94500,17500,60,0,53,0,0,2027-04-18,268,0,0
2026-07-25,Sabtu,SKU008,Tepung Terigu 1kg,Sembako,pak,13500,0.0,13500,11000,14,0,189000,35000,53,0,39,0,0,2027-04-18,267,1,0
2026-07-26,Minggu,SKU008,Tepung Terigu 1kg,Sembako,pak,13500,0.0,13500,11000,7,0,94500,17500,39,0,32,0,0,2027-04-18,266,1,0
2026-07-27,Senin,SKU008,Tepung Terigu 1kg,Sembako,pak,13500,17.04,11200,11000,12,0,134400,2400,32,0,20,65,0,2027-04-18,265,1,0
2026-07-28,Selasa,SKU008,Tepung Terigu 1kg,Sembako,pak,13500,15.0,11500,11000,8,0,92000,4000,85,65,77,0,0,2027-04-24,270,1,0
2026-07-29,Rabu,SKU008,Tepung Terigu 1kg,Sembako,pak,13500,0.0,13500,11000,7,0,94500,17500,77,0,70,0,0,2027-04-24,269,1,0
2026-07-30,Kamis,SKU008,Tepung Terigu 1kg,Sembako,pak,13500,0.0,13500,11000,11,0,148500,27500,70,0,59,0,0,2027-04-24,268,1,0
2026-07-31,Jumat,SKU008,Tepung Terigu 1kg,Sembako,pak,13500,15.0,11500,11000,11,0,126500,5500,59,0,48,0,0,2027-04-24,267,1,0
2026-08-01,Sabtu,SKU008,Tepung Terigu 1kg,Sembako,pak,13500,0.0,13500,11000,25,0,337500,62500,48,0,23,65,0,2027-04-24,266,1,0
2026-08-02,Minggu,SKU008,Tepung Terigu 1kg,Sembako,pak,13500,0.0,13500,11000,12,0,162000,30000,23,0,11,0,0,2027-04-24,265,1,0
2026-08-03,Senin,SKU008,Tepung Terigu 1kg,Sembako,pak,13500,0.0,13500,11000,12,0,162000,30000,76,65,64,0,0,2027-04-30,270,1,0
2026-08-04,Selasa,SKU008,Tepung Terigu 1kg,Sembako,pak,13500,8.0,12400,11000,17,0,210800,23800,64,0,47,0,0,2027-04-30,269,1,0
2026-08-05,Rabu,SKU008,Tepung Terigu 1kg,Sembako,pak,13500,5.0,12800,11000,16,0,204800,28800,47,0,31,0,0,2027-04-30,268,1,0
2026-08-06,Kamis,SKU008,Tepung Terigu 1kg,Sembako,pak,13500,0.0,13500,11000,10,0,135000,25000,31,0,21,65,0,2027-04-30,267,0,0
2026-08-07,Jumat,SKU008,Tepung Terigu 1kg,Sembako,pak,13500,0.0,13500,11000,7,0,94500,17500,86,65,79,0,0,2027-05-04,270,0,0
2026-08-08,Sabtu,SKU008,Tepung Terigu 1kg,Sembako,pak,13500,0.0,13500,11000,8,0,108000,20000,79,0,71,0,0,2027-05-04,269,0,0
2026-08-09,Minggu,SKU008,Tepung Terigu 1kg,Sembako,pak,13500,0.0,13500,11000,11,0,148500,27500,71,0,60,0,0,2027-05-04,268,0,0
2026-08-10,Senin,SKU008,Tepung Terigu 1kg,Sembako,pak,13500,0.0,13500,11000,4,0,54000,10000,60,0,56,0,0,2027-05-04,267,0,0
2026-08-11,Selasa,SKU008,Tepung Terigu 1kg,Sembako,pak,13500,0.0,13500,11000,8,0,108000,20000,56,0,48,0,0,2027-05-04,266,0,0
2026-08-12,Rabu,SKU008,Tepung Terigu 1kg,Sembako,pak,13500,17.04,11200,11000,12,0,134400,2400,48,0,36,0,0,2027-05-04,265,0,0
2026-08-13,Kamis,SKU008,Tepung Terigu 1kg,Sembako,pak,13500,8.0,12400,11000,5,0,62000,7000,36,0,31,0,0,2027-05-04,264,0,0
2026-08-14,Jumat,SKU008,Tepung Terigu 1kg,Sembako,pak,13500,0.0,13500,11000,16,0,216000,40000,31,0,15,65,0,2027-05-04,263,0,0
2026-08-15,Sabtu,SKU008,Tepung Terigu 1kg,Sembako,pak,13500,0.0,13500,11000,12,0,162000,30000,15,0,3,0,0,2027-05-04,262,0,0
2026-08-16,Minggu,SKU008,Tepung Terigu 1kg,Sembako,pak,13500,0.0,13500,11000,7,0,94500,17500,68,65,61,0,0,2027-05-13,270,0,0
2026-08-17,Senin,SKU008,Tepung Terigu 1kg,Sembako,pak,13500,0.0,13500,11000,3,0,40500,7500,61,0,58,0,0,2027-05-13,269,0,0
2025-08-18,Senin,SKU009,Kecap Manis 600ml,Bumbu,botol,26000,0.0,26000,21000,7,0,182000,35000,36,0,29,0,0,2026-05-26,281,0,0
2025-08-19,Selasa,SKU009,Kecap Manis 600ml,Bumbu,botol,26000,0.0,26000,21000,4,0,104000,20000,29,0,25,0,0,2026-05-26,280,0,0
2025-08-20,Rabu,SKU009,Kecap Manis 600ml,Bumbu,botol,26000,17.69,21400,21000,2,0,42800,800,25,0,23,0,0,2026-05-26,279,0,0
2025-08-21,Kamis,SKU009,Kecap Manis 600ml,Bumbu,botol,26000,0.0,26000,21000,5,0,130000,25000,23,0,18,52,0,2026-05-26,278,0,0
2025-08-22,Jumat,SKU009,Kecap Manis 600ml,Bumbu,botol,26000,0.0,26000,21000,7,0,182000,35000,18,0,11,0,0,2026-05-26,277,0,0
2025-08-23,Sabtu,SKU009,Kecap Manis 600ml,Bumbu,botol,26000,0.0,26000,21000,11,0,286000,55000,63,52,52,0,0,2026-11-16,450,0,0
2025-08-24,Minggu,SKU009,Kecap Manis 600ml,Bumbu,botol,26000,0.0,26000,21000,7,0,182000,35000,52,0,45,0,0,2026-11-16,449,0,0
2025-08-25,Senin,SKU009,Kecap Manis 600ml,Bumbu,botol,26000,0.0,26000,21000,9,0,234000,45000,45,0,36,0,0,2026-11-16,448,1,0
2025-08-26,Selasa,SKU009,Kecap Manis 600ml,Bumbu,botol,26000,0.0,26000,21000,7,0,182000,35000,36,0,29,0,0,2026-11-16,447,1,0
2025-08-27,Rabu,SKU009,Kecap Manis 600ml,Bumbu,botol,26000,0.0,26000,21000,7,0,182000,35000,29,0,22,0,0,2026-11-16,446,1,0
2025-08-28,Kamis,SKU009,Kecap Manis 600ml,Bumbu,botol,26000,0.0,26000,21000,14,0,364000,70000,22,0,8,52,0,2026-11-16,445,1,0
2025-08-29,Jumat,SKU009,Kecap Manis 600ml,Bumbu,botol,26000,0.0,26000,21000,8,1,208000,40000,8,0,0,0,0,2026-11-16,444,1,0
2025-08-30,Sabtu,SKU009,Kecap Manis 600ml,Bumbu,botol,26000,0.0,26000,21000,0,15,0,0,0,0,0,0,0,2026-11-16,443,1,0
2025-08-31,Minggu,SKU009,Kecap Manis 600ml,Bumbu,botol,26000,0.0,26000,21000,7,0,182000,35000,52,52,45,0,0,2026-11-24,450,1,0
2025-09-01,Senin,SKU009,Kecap Manis 600ml,Bumbu,botol,26000,10.0,23400,21000,6,0,140400,14400,45,0,39,0,0,2026-11-24,449,1,0
2025-09-02,Selasa,SKU009,Kecap Manis 600ml,Bumbu,botol,26000,17.69,21400,21000,10,0,214000,4000,39,0,29,0,0,2026-11-24,448,1,0
2025-09-03,Rabu,SKU009,Kecap Manis 600ml,Bumbu,botol,26000,0.0,26000,21000,8,0,208000,40000,29,0,21,0,0,2026-11-24,447,1,0
2025-09-04,Kamis,SKU009,Kecap Manis 600ml,Bumbu,botol,26000,0.0,26000,21000,8,0,208000,40000,21,0,13,114,0,2026-11-24,446,1,0
2025-09-05,Jumat,SKU009,Kecap Manis 600ml,Bumbu,botol,26000,0.0,26000,21000,8,0,208000,40000,127,114,119,0,0,2026-11-29,450,1,0
2025-09-06,Sabtu,SKU009,Kecap Manis 600ml,Bumbu,botol,26000,10.0,23400,21000,14,0,327600,33600,119,0,105,0,0,2026-11-29,449,0,0
2025-09-07,Minggu,SKU009,Kecap Manis 600ml,Bumbu,botol,26000,0.0,26000,21000,6,0,156000,30000,105,0,99,0,0,2026-11-29,448,0,0
2025-09-08,Senin,SKU009,Kecap Manis 600ml,Bumbu,botol,26000,0.0,26000,21000,4,0,104000,20000,99,0,95,0,0,2026-11-29,447,0,0
2025-09-09,Selasa,SKU009,Kecap Manis 600ml,Bumbu,botol,26000,5.0,24700,21000,7,0,172900,25900,95,0,88,0,0,2026-11-29,446,0,0
2025-09-10,Rabu,SKU009,Kecap Manis 600ml,Bumbu,botol,26000,17.69,21400,21000,8,0,171200,3200,88,0,80,0,0,2026-11-29,445,0,0
2025-09-11,Kamis,SKU009,Kecap Manis 600ml,Bumbu,botol,26000,0.0,26000,21000,2,0,52000,10000,80,0,78,0,0,2026-11-29,444,0,0
2025-09-12,Jumat,SKU009,Kecap Manis 600ml,Bumbu,botol,26000,0.0,26000,21000,3,0,78000,15000,78,0,75,0,0,2026-11-29,443,0,0
2025-09-13,Sabtu,SKU009,Kecap Manis 600ml,Bumbu,botol,26000,0.0,26000,21000,13,0,338000,65000,75,0,62,0,0,2026-11-29,442,0,0
2025-09-14,Minggu,SKU009,Kecap Manis 600ml,Bumbu,botol,26000,17.69,21400,21000,26,0,556400,10400,62,0,36,0,0,2026-11-29,441,0,0
2025-09-15,Senin,SKU009,Kecap Manis 600ml,Bumbu,botol,26000,12.0,22900,21000,4,0,91600,7600,36,0,32,0,0,2026-11-29,440,0,0
2025-09-16,Selasa,SKU009,Kecap Manis 600ml,Bumbu,botol,26000,0.0,26000,21000,6,0,156000,30000,32,0,26,0,0,2026-11-29,439,0,0
2025-09-17,Rabu,SKU009,Kecap Manis 600ml,Bumbu,botol,26000,0.0,26000,21000,2,0,52000,10000,26,0,24,0,0,2026-11-29,438,0,0
2025-09-18,Kamis,SKU009,Kecap Manis 600ml,Bumbu,botol,26000,8.0,23900,21000,1,0,23900,2900,24,0,23,0,0,2026-11-29,437,0,0
2025-09-19,Jumat,SKU009,Kecap Manis 600ml,Bumbu,botol,26000,17.69,21400,21000,10,0,214000,4000,23,0,13,52,0,2026-11-29,436,0,0
2025-09-20,Sabtu,SKU009,Kecap Manis 600ml,Bumbu,botol,26000,17.69,21400,21000,9,0,192600,3600,13,0,4,0,0,2026-11-29,435,0,0
2025-09-21,Minggu,SKU009,Kecap Manis 600ml,Bumbu,botol,26000,0.0,26000,21000,11,0,286000,55000,56,52,45,0,0,2026-12-15,450,0,0
2025-09-22,Senin,SKU009,Kecap Manis 600ml,Bumbu,botol,26000,8.0,23900,21000,5,0,119500,14500,45,0,40,0,0,2026-12-15,449,0,0
2025-09-23,Selasa,SKU009,Kecap Manis 600ml,Bumbu,botol,26000,0.0,26000,21000,0,0,0,0,40,0,40,0,0,2026-12-15,448,0,0
2025-09-24,Rabu,SKU009,Kecap Manis 600ml,Bumbu,botol,26000,0.0,26000,21000,4,0,104000,20000,40,0,36,0,0,2026-12-15,447,0,0
2025-09-25,Kamis,SKU009,Kecap Manis 600ml,Bumbu,botol,26000,17.69,21400,21000,7,0,149800,2800,36,0,29,0,0,2026-12-15,446,1,0
2025-09-26,Jumat,SKU009,Kecap Manis 600ml,Bumbu,botol,26000,0.0,26000,21000,7,0,182000,35000,29,0,22,0,0,2026-12-15,445,1,0
2025-09-27,Sabtu,SKU009,Kecap Manis 600ml,Bumbu,botol,26000,0.0,26000,21000,10,0,260000,50000,22,0,12,52,0,2026-12-15,444,1,0
2025-09-28,Minggu,SKU009,Kecap Manis 600ml,Bumbu,botol,26000,10.0,23400,21000,8,0,187200,19200,12,0,4,0,0,2026-12-15,443,1,0
2025-09-29,Senin,SKU009,Kecap Manis 600ml,Bumbu,botol,26000,17.69,21400,21000,4,0,85600,1600,4,0,0,0,0,2026-12-15,442,1,0
2025-09-30,Selasa,SKU009,Kecap Manis 600ml,Bumbu,botol,26000,0.0,26000,21000,7,0,182000,35000,52,52,45,0,0,2026-12-24,450,1,0
2025-10-01,Rabu,SKU009,Kecap Manis 600ml,Bumbu,botol,26000,0.0,26000,21000,7,0,182000,35000,45,0,38,0,0,2026-12-24,449,1,0
2025-10-02,Kamis,SKU009,Kecap Manis 600ml,Bumbu,botol,26000,0.0,26000,21000,7,0,182000,35000,38,0,31,0,0,2026-12-24,448,1,0
2025-10-03,Jumat,SKU009,Kecap Manis 600ml,Bumbu,botol,26000,0.0,26000,21000,11,0,286000,55000,31,0,20,0,0,2026-12-24,447,1,0
2025-10-04,Sabtu,SKU009,Kecap Manis 600ml,Bumbu,botol,26000,0.0,26000,21000,4,0,104000,20000,20,0,16,52,0,2026-12-24,446,1,0
2025-10-05,Minggu,SKU009,Kecap Manis 600ml,Bumbu,botol,26000,0.0,26000,21000,12,0,312000,60000,16,0,4,0,0,2026-12-24,445,1,0
2025-10-06,Senin,SKU009,Kecap Manis 600ml,Bumbu,botol,26000,17.69,21400,21000,4,3,85600,1600,4,0,0,0,0,2026-12-24,444,0,0
2025-10-07,Selasa,SKU009,Kecap Manis 600ml,Bumbu,botol,26000,0.0,26000,21000,5,0,130000,25000,52,52,47,0,0,2026-12-31,450,0,0
2025-10-08,Rabu,SKU009,Kecap Manis 600ml,Bumbu,botol,26000,0.0,26000,21000,10,0,260000,50000,47,0,37,0,0,2026-12-31,449,0,0
2025-10-09,Kamis,SKU009,Kecap Manis 600ml,Bumbu,botol,26000,0.0,26000,21000,4,0,104000,20000,37,0,33,0,0,2026-12-31,448,0,0
2025-10-10,Jumat,SKU009,Kecap Manis 600ml,Bumbu,botol,26000,0.0,26000,21000,6,0,156000,30000,33,0,27,0,0,2026-12-31,447,0,0
2025-10-11,Sabtu,SKU009,Kecap Manis 600ml,Bumbu,botol,26000,0.0,26000,21000,4,0,104000,20000,27,0,23,0,0,2026-12-31,446,0,0
2025-10-12,Minggu,SKU009,Kecap Manis 600ml,Bumbu,botol,26000,15.0,22100,21000,8,0,176800,8800,23,0,15,52,0,2026-12-31,445,0,0
2025-10-13,Senin,SKU009,Kecap Manis 600ml,Bumbu,botol,26000,0.0,26000,21000,8,0,208000,40000,15,0,7,0,0,2026-12-31,444,0,0
2025-10-14,Selasa,SKU009,Kecap Manis 600ml,Bumbu,botol,26000,0.0,26000,21000,4,0,104000,20000,7,0,3,0,0,2026-12-31,443,0,0
2025-10-15,Rabu,SKU009,Kecap Manis 600ml,Bumbu,botol,26000,0.0,26000,21000,4,0,104000,20000,55,52,51,0,0,2027-01-08,450,0,0
2025-10-16,Kamis,SKU009,Kecap Manis 600ml,Bumbu,botol,26000,10.0,23400,21000,6,0,140400,14400,51,0,45,0,0,2027-01-08,449,0,0
2025-10-17,Jumat,SKU009,Kecap Manis 600ml,Bumbu,botol,26000,10.0,23400,21000,5,0,117000,12000,45,0,40,0,0,2027-01-08,448,0,0
2025-10-18,Sabtu,SKU009,Kecap Manis 600ml,Bumbu,botol,26000,8.0,23900,21000,8,0,191200,23200,40,0,32,0,0,2027-01-08,447,0,0
2025-10-19,Minggu,SKU009,Kecap Manis 600ml,Bumbu,botol,26000,12.0,22900,21000,18,0,412200,34200,32,0,14,52,0,2027-01-08,446,0,0
2025-10-20,Senin,SKU009,Kecap Manis 600ml,Bumbu,botol,26000,17.69,21400,21000,5,0,107000,2000,14,0,9,0,0,2027-01-08,445,0,0
2025-10-21,Selasa,SKU009,Kecap Manis 600ml,Bumbu,botol,26000,0.0,26000,21000,4,0,104000,20000,9,0,5,0,0,2027-01-08,444,0,0
2025-10-22,Rabu,SKU009,Kecap Manis 600ml,Bumbu,botol,26000,0.0,26000,21000,4,0,104000,20000,57,52,53,0,0,2027-01-15,450,0,0
2025-10-23,Kamis,SKU009,Kecap Manis 600ml,Bumbu,botol,26000,0.0,26000,21000,6,0,156000,30000,53,0,47,0,0,2027-01-15,449,0,0
2025-10-24,Jumat,SKU009,Kecap Manis 600ml,Bumbu,botol,26000,0.0,26000,21000,8,0,208000,40000,47,0,39,0,0,2027-01-15,448,0,0
2025-10-25,Sabtu,SKU009,Kecap Manis 600ml,Bumbu,botol,26000,8.0,23900,21000,8,0,191200,23200,39,0,31,0,0,2027-01-15,447,1,0
2025-10-26,Minggu,SKU009,Kecap Manis 600ml,Bumbu,botol,26000,8.0,23900,21000,12,0,286800,34800,31,0,19,52,0,2027-01-15,446,1,0
2025-10-27,Senin,SKU009,Kecap Manis 600ml,Bumbu,botol,26000,0.0,26000,21000,7,0,182000,35000,19,0,12,0,0,2027-01-15,445,1,0
2025-10-28,Selasa,SKU009,Kecap Manis 600ml,Bumbu,botol,26000,10.0,23400,21000,11,0,257400,26400,12,0,1,0,0,2027-01-15,444,1,0
2025-10-29,Rabu,SKU009,Kecap Manis 600ml,Bumbu,botol,26000,0.0,26000,21000,9,0,234000,45000,53,52,44,0,0,2027-01-22,450,1,0
2025-10-30,Kamis,SKU009,Kecap Manis 600ml,Bumbu,botol,26000,0.0,26000,21000,4,0,104000,20000,44,0,40,0,0,2027-01-22,449,1,0
2025-10-31,Jumat,SKU009,Kecap Manis 600ml,Bumbu,botol,26000,0.0,26000,21000,15,0,390000,75000,40,0,25,0,0,2027-01-22,448,1,0
2025-11-01,Sabtu,SKU009,Kecap Manis 600ml,Bumbu,botol,26000,17.69,21400,21000,13,0,278200,5200,25,0,12,52,0,2027-01-22,447,1,0
2025-11-02,Minggu,SKU009,Kecap Manis 600ml,Bumbu,botol,26000,0.0,26000,21000,9,0,234000,45000,64,52,55,0,0,2027-01-26,450,1,0
2025-11-03,Senin,SKU009,Kecap Manis 600ml,Bumbu,botol,26000,12.0,22900,21000,10,0,229000,19000,55,0,45,0,0,2027-01-26,449,1,0
2025-11-04,Selasa,SKU009,Kecap Manis 600ml,Bumbu,botol,26000,17.69,21400,21000,9,0,192600,3600,45,0,36,0,0,2027-01-26,448,1,0
2025-11-05,Rabu,SKU009,Kecap Manis 600ml,Bumbu,botol,26000,0.0,26000,21000,10,0,260000,50000,36,0,26,0,0,2027-01-26,447,1,0
2025-11-06,Kamis,SKU009,Kecap Manis 600ml,Bumbu,botol,26000,0.0,26000,21000,6,0,156000,30000,26,0,20,0,0,2027-01-26,446,0,0
2025-11-07,Jumat,SKU009,Kecap Manis 600ml,Bumbu,botol,26000,0.0,26000,21000,7,0,182000,35000,20,0,13,52,0,2027-01-26,445,0,0
2025-11-08,Sabtu,SKU009,Kecap Manis 600ml,Bumbu,botol,26000,0.0,26000,21000,5,0,130000,25000,65,52,60,0,0,2027-02-01,450,0,0
2025-11-09,Minggu,SKU009,Kecap Manis 600ml,Bumbu,botol,26000,0.0,26000,21000,6,0,156000,30000,60,0,54,0,0,2027-02-01,449,0,0
2025-11-10,Senin,SKU009,Kecap Manis 600ml,Bumbu,botol,26000,0.0,26000,21000,7,0,182000,35000,54,0,47,0,0,2027-02-01,448,0,0
2025-11-11,Selasa,SKU009,Kecap Manis 600ml,Bumbu,botol,26000,0.0,26000,21000,9,0,234000,45000,47,0,38,0,0,2027-02-01,447,0,0
2025-11-12,Rabu,SKU009,Kecap Manis 600ml,Bumbu,botol,26000,0.0,26000,21000,3,0,78000,15000,38,0,35,0,0,2027-02-01,446,0,0
2025-11-13,Kamis,SKU009,Kecap Manis 600ml,Bumbu,botol,26000,0.0,26000,21000,2,0,52000,10000,35,0,33,0,0,2027-02-01,445,0,0
2025-11-14,Jumat,SKU009,Kecap Manis 600ml,Bumbu,botol,26000,0.0,26000,21000,7,0,182000,35000,33,0,26,0,0,2027-02-01,444,0,0
2025-11-15,Sabtu,SKU009,Kecap Manis 600ml,Bumbu,botol,26000,15.0,22100,21000,7,0,154700,7700,26,0,19,52,0,2027-02-01,443,0,0
2025-11-16,Minggu,SKU009,Kecap Manis 600ml,Bumbu,botol,26000,0.0,26000,21000,2,0,52000,10000,19,0,17,0,0,2027-02-01,442,0,0
2025-11-17,Senin,SKU009,Kecap Manis 600ml,Bumbu,botol,26000,0.0,26000,21000,8,0,208000,40000,17,0,9,0,0,2027-02-01,441,0,0
2025-11-18,Selasa,SKU009,Kecap Manis 600ml,Bumbu,botol,26000,0.0,26000,21000,6,0,156000,30000,61,52,55,0,0,2027-02-11,450,0,0
2025-11-19,Rabu,SKU009,Kecap Manis 600ml,Bumbu,botol,26000,0.0,26000,21000,4,0,104000,20000,55,0,51,0,0,2027-02-11,449,0,0
2025-11-20,Kamis,SKU009,Kecap Manis 600ml,Bumbu,botol,26000,0.0,26000,21000,5,0,130000,25000,51,0,46,0,0,2027-02-11,448,0,0
2025-11-21,Jumat,SKU009,Kecap Manis 600ml,Bumbu,botol,26000,10.0,23400,21000,14,0,327600,33600,46,0,32,0,0,2027-02-11,447,0,0
2025-11-22,Sabtu,SKU009,Kecap Manis 600ml,Bumbu,botol,26000,0.0,26000,21000,9,0,234000,45000,32,0,23,0,0,2027-02-11,446,0,0
2025-11-23,Minggu,SKU009,Kecap Manis 600ml,Bumbu,botol,26000,0.0,26000,21000,11,0,286000,55000,23,0,12,52,0,2027-02-11,445,0,0
2025-11-24,Senin,SKU009,Kecap Manis 600ml,Bumbu,botol,26000,0.0,26000,21000,1,0,26000,5000,12,0,11,0,0,2027-02-11,444,0,0
2025-11-25,Selasa,SKU009,Kecap Manis 600ml,Bumbu,botol,26000,0.0,26000,21000,6,0,156000,30000,11,0,5,0,0,2027-02-11,443,1,0
2025-11-26,Rabu,SKU009,Kecap Manis 600ml,Bumbu,botol,26000,0.0,26000,21000,10,0,260000,50000,57,52,47,0,0,2027-02-19,450,1,0
2025-11-27,Kamis,SKU009,Kecap Manis 600ml,Bumbu,botol,26000,17.69,21400,21000,15,0,321000,6000,47,0,32,0,0,2027-02-19,449,1,0
2025-11-28,Jumat,SKU009,Kecap Manis 600ml,Bumbu,botol,26000,0.0,26000,21000,5,0,130000,25000,32,0,27,0,0,2027-02-19,448,1,0
2025-11-29,Sabtu,SKU009,Kecap Manis 600ml,Bumbu,botol,26000,0.0,26000,21000,7,0,182000,35000,27,0,20,0,0,2027-02-19,447,1,0
2025-11-30,Minggu,SKU009,Kecap Manis 600ml,Bumbu,botol,26000,0.0,26000,21000,7,0,182000,35000,20,0,13,52,0,2027-02-19,446,1,0
2025-12-01,Senin,SKU009,Kecap Manis 600ml,Bumbu,botol,26000,0.0,26000,21000,6,0,156000,30000,13,0,7,0,0,2027-02-19,445,1,0
2025-12-02,Selasa,SKU009,Kecap Manis 600ml,Bumbu,botol,26000,0.0,26000,21000,8,0,208000,40000,59,52,51,0,0,2027-02-25,450,1,0
2025-12-03,Rabu,SKU009,Kecap Manis 600ml,Bumbu,botol,26000,17.69,21400,21000,14,0,299600,5600,51,0,37,0,0,2027-02-25,449,1,0
2025-12-04,Kamis,SKU009,Kecap Manis 600ml,Bumbu,botol,26000,17.69,21400,21000,9,0,192600,3600,37,0,28,0,0,2027-02-25,448,1,0
2025-12-05,Jumat,SKU009,Kecap Manis 600ml,Bumbu,botol,26000,0.0,26000,21000,8,0,208000,40000,28,0,20,0,0,2027-02-25,447,1,0
2025-12-06,Sabtu,SKU009,Kecap Manis 600ml,Bumbu,botol,26000,0.0,26000,21000,8,0,208000,40000,20,0,12,52,0,2027-02-25,446,0,0
2025-12-07,Minggu,SKU009,Kecap Manis 600ml,Bumbu,botol,26000,5.0,24700,21000,11,0,271700,40700,64,52,53,0,0,2027-03-02,450,0,0
2025-12-08,Senin,SKU009,Kecap Manis 600ml,Bumbu,botol,26000,0.0,26000,21000,4,0,104000,20000,53,0,49,0,0,2027-03-02,449,0,0
2025-12-09,Selasa,SKU009,Kecap Manis 600ml,Bumbu,botol,26000,0.0,26000,21000,10,0,260000,50000,49,0,39,0,0,2027-03-02,448,0,0
2025-12-10,Rabu,SKU009,Kecap Manis 600ml,Bumbu,botol,26000,0.0,26000,21000,7,0,182000,35000,39,0,32,0,0,2027-03-02,447,0,0
2025-12-11,Kamis,SKU009,Kecap Manis 600ml,Bumbu,botol,26000,17.69,21400,21000,12,0,256800,4800,32,0,20,0,0,2027-03-02,446,0,0
2025-12-12,Jumat,SKU009,Kecap Manis 600ml,Bumbu,botol,26000,15.0,22100,21000,5,0,110500,5500,20,0,15,52,0,2027-03-02,445,0,0
2025-12-13,Sabtu,SKU009,Kecap Manis 600ml,Bumbu,botol,26000,10.0,23400,21000,5,0,117000,12000,15,0,10,0,0,2027-03-02,444,0,0
2025-12-14,Minggu,SKU009,Kecap Manis 600ml,Bumbu,botol,26000,17.69,21400,21000,11,0,235400,4400,62,52,51,0,0,2027-03-09,450,0,0
2025-12-15,Senin,SKU009,Kecap Manis 600ml,Bumbu,botol,26000,0.0,26000,21000,1,0,26000,5000,51,0,50,0,0,2027-03-09,449,0,0
2025-12-16,Selasa,SKU009,Kecap Manis 600ml,Bumbu,botol,26000,0.0,26000,21000,8,0,208000,40000,50,0,42,0,0,2027-03-09,448,0,0
2025-12-17,Rabu,SKU009,Kecap Manis 600ml,Bumbu,botol,26000,0.0,26000,21000,7,0,182000,35000,42,0,35,0,0,2027-03-09,447,0,0
2025-12-18,Kamis,SKU009,Kecap Manis 600ml,Bumbu,botol,26000,17.69,21400,21000,12,0,256800,4800,35,0,23,0,0,2027-03-09,446,0,0
2025-12-19,Jumat,SKU009,Kecap Manis 600ml,Bumbu,botol,26000,0.0,26000,21000,5,0,130000,25000,23,0,18,52,0,2027-03-09,445,0,0
2025-12-20,Sabtu,SKU009,Kecap Manis 600ml,Bumbu,botol,26000,10.0,23400,21000,8,0,187200,19200,18,0,10,0,0,2027-03-09,444,0,0
2025-12-21,Minggu,SKU009,Kecap Manis 600ml,Bumbu,botol,26000,0.0,26000,21000,5,0,130000,25000,10,0,5,0,0,2027-03-09,443,0,0
2025-12-22,Senin,SKU009,Kecap Manis 600ml,Bumbu,botol,26000,0.0,26000,21000,5,0,130000,25000,57,52,52,0,0,2027-03-17,450,0,0
2025-12-23,Selasa,SKU009,Kecap Manis 600ml,Bumbu,botol,26000,17.69,21400,21000,8,0,171200,3200,52,0,44,0,0,2027-03-17,449,0,0
2025-12-24,Rabu,SKU009,Kecap Manis 600ml,Bumbu,botol,26000,15.0,22100,21000,3,0,66300,3300,44,0,41,0,0,2027-03-17,448,0,0
2025-12-25,Kamis,SKU009,Kecap Manis 600ml,Bumbu,botol,26000,0.0,26000,21000,8,0,208000,40000,41,0,33,0,0,2027-03-17,447,1,0
2025-12-26,Jumat,SKU009,Kecap Manis 600ml,Bumbu,botol,26000,0.0,26000,21000,22,0,572000,110000,33,0,11,52,0,2027-03-17,446,1,0
2025-12-27,Sabtu,SKU009,Kecap Manis 600ml,Bumbu,botol,26000,0.0,26000,21000,11,0,286000,55000,63,52,52,0,0,2027-03-22,450,1,0
2025-12-28,Minggu,SKU009,Kecap Manis 600ml,Bumbu,botol,26000,0.0,26000,21000,10,0,260000,50000,52,0,42,0,0,2027-03-22,449,1,0
2025-12-29,Senin,SKU009,Kecap Manis 600ml,Bumbu,botol,26000,10.0,23400,21000,3,0,70200,7200,42,0,39,0,0,2027-03-22,448,1,0
2025-12-30,Selasa,SKU009,Kecap Manis 600ml,Bumbu,botol,26000,0.0,26000,21000,3,0,78000,15000,39,0,36,0,0,2027-03-22,447,1,0
2025-12-31,Rabu,SKU009,Kecap Manis 600ml,Bumbu,botol,26000,0.0,26000,21000,6,0,156000,30000,36,0,30,0,0,2027-03-22,446,1,0
2026-01-01,Kamis,SKU009,Kecap Manis 600ml,Bumbu,botol,26000,0.0,26000,21000,5,0,130000,25000,30,0,25,0,0,2027-03-22,445,1,0
2026-01-02,Jumat,SKU009,Kecap Manis 600ml,Bumbu,botol,26000,0.0,26000,21000,7,0,182000,35000,25,0,18,52,0,2027-03-22,444,1,0
2026-01-03,Sabtu,SKU009,Kecap Manis 600ml,Bumbu,botol,26000,0.0,26000,21000,11,0,286000,55000,18,0,7,0,0,2027-03-22,443,1,0
2026-01-04,Minggu,SKU009,Kecap Manis 600ml,Bumbu,botol,26000,0.0,26000,21000,3,0,78000,15000,7,0,4,0,0,2027-03-22,442,1,0
2026-01-05,Senin,SKU009,Kecap Manis 600ml,Bumbu,botol,26000,0.0,26000,21000,6,0,156000,30000,56,52,50,0,0,2027-03-31,450,1,0
2026-01-06,Selasa,SKU009,Kecap Manis 600ml,Bumbu,botol,26000,0.0,26000,21000,4,0,104000,20000,50,0,46,0,0,2027-03-31,449,0,0
2026-01-07,Rabu,SKU009,Kecap Manis 600ml,Bumbu,botol,26000,0.0,26000,21000,8,0,208000,40000,46,0,38,0,0,2027-03-31,448,0,0
2026-01-08,Kamis,SKU009,Kecap Manis 600ml,Bumbu,botol,26000,0.0,26000,21000,7,0,182000,35000,38,0,31,0,0,2027-03-31,447,0,0
2026-01-09,Jumat,SKU009,Kecap Manis 600ml,Bumbu,botol,26000,0.0,26000,21000,5,0,130000,25000,31,0,26,0,0,2027-03-31,446,0,0
2026-01-10,Sabtu,SKU009,Kecap Manis 600ml,Bumbu,botol,26000,0.0,26000,21000,13,0,338000,65000,26,0,13,52,0,2027-03-31,445,0,0
2026-01-11,Minggu,SKU009,Kecap Manis 600ml,Bumbu,botol,26000,0.0,26000,21000,9,0,234000,45000,13,0,4,0,0,2027-03-31,444,0,0
2026-01-12,Senin,SKU009,Kecap Manis 600ml,Bumbu,botol,26000,0.0,26000,21000,6,0,156000,30000,56,52,50,0,0,2027-04-07,450,0,0
2026-01-13,Selasa,SKU009,Kecap Manis 600ml,Bumbu,botol,26000,17.69,21400,21000,4,0,85600,1600,50,0,46,0,0,2027-04-07,449,0,0
2026-01-14,Rabu,SKU009,Kecap Manis 600ml,Bumbu,botol,26000,0.0,26000,21000,6,0,156000,30000,46,0,40,0,0,2027-04-07,448,0,0
2026-01-15,Kamis,SKU009,Kecap Manis 600ml,Bumbu,botol,26000,0.0,26000,21000,11,0,286000,55000,40,0,29,0,0,2027-04-07,447,0,0
2026-01-16,Jumat,SKU009,Kecap Manis 600ml,Bumbu,botol,26000,0.0,26000,21000,7,0,182000,35000,29,0,22,0,0,2027-04-07,446,0,0
2026-01-17,Sabtu,SKU009,Kecap Manis 600ml,Bumbu,botol,26000,0.0,26000,21000,6,0,156000,30000,22,0,16,52,0,2027-04-07,445,0,0
2026-01-18,Minggu,SKU009,Kecap Manis 600ml,Bumbu,botol,26000,0.0,26000,21000,10,0,260000,50000,68,52,58,0,0,2027-04-13,450,0,0
2026-01-19,Senin,SKU009,Kecap Manis 600ml,Bumbu,botol,26000,0.0,26000,21000,7,0,182000,35000,58,0,51,0,0,2027-04-13,449,0,0
2026-01-20,Selasa,SKU009,Kecap Manis 600ml,Bumbu,botol,26000,8.0,23900,21000,11,0,262900,31900,51,0,40,0,0,2027-04-13,448,0,0
2026-01-21,Rabu,SKU009,Kecap Manis 600ml,Bumbu,botol,26000,0.0,26000,21000,6,0,156000,30000,40,0,34,0,0,2027-04-13,447,0,0
2026-01-22,Kamis,SKU009,Kecap Manis 600ml,Bumbu,botol,26000,17.69,21400,21000,2,0,42800,800,34,0,32,0,0,2027-04-13,446,0,0
2026-01-23,Jumat,SKU009,Kecap Manis 600ml,Bumbu,botol,26000,0.0,26000,21000,1,0,26000,5000,32,0,31,0,0,2027-04-13,445,0,0
2026-01-24,Sabtu,SKU009,Kecap Manis 600ml,Bumbu,botol,26000,8.0,23900,21000,11,0,262900,31900,31,0,20,0,0,2027-04-13,444,0,0
2026-01-25,Minggu,SKU009,Kecap Manis 600ml,Bumbu,botol,26000,0.0,26000,21000,7,0,182000,35000,20,0,13,52,0,2027-04-13,443,1,0
2026-01-26,Senin,SKU009,Kecap Manis 600ml,Bumbu,botol,26000,17.69,21400,21000,8,0,171200,3200,65,52,57,0,0,2027-04-21,450,1,0
2026-01-27,Selasa,SKU009,Kecap Manis 600ml,Bumbu,botol,26000,0.0,26000,21000,7,0,182000,35000,57,0,50,0,0,2027-04-21,449,1,0
2026-01-28,Rabu,SKU009,Kecap Manis 600ml,Bumbu,botol,26000,0.0,26000,21000,9,0,234000,45000,50,0,41,0,0,2027-04-21,448,1,0
2026-01-29,Kamis,SKU009,Kecap Manis 600ml,Bumbu,botol,26000,0.0,26000,21000,11,0,286000,55000,41,0,30,0,0,2027-04-21,447,1,0
2026-01-30,Jumat,SKU009,Kecap Manis 600ml,Bumbu,botol,26000,0.0,26000,21000,9,0,234000,45000,30,0,21,0,0,2027-04-21,446,1,0
2026-01-31,Sabtu,SKU009,Kecap Manis 600ml,Bumbu,botol,26000,17.69,21400,21000,21,0,449400,8400,21,0,0,52,0,2027-04-21,445,1,0
2026-02-01,Minggu,SKU009,Kecap Manis 600ml,Bumbu,botol,26000,0.0,26000,21000,9,0,234000,45000,52,52,43,0,0,2027-04-27,450,1,0
2026-02-02,Senin,SKU009,Kecap Manis 600ml,Bumbu,botol,26000,0.0,26000,21000,6,0,156000,30000,43,0,37,0,0,2027-04-27,449,1,0
2026-02-03,Selasa,SKU009,Kecap Manis 600ml,Bumbu,botol,26000,0.0,26000,21000,7,0,182000,35000,37,0,30,0,0,2027-04-27,448,1,0
2026-02-04,Rabu,SKU009,Kecap Manis 600ml,Bumbu,botol,26000,17.69,21400,21000,15,0,321000,6000,30,0,15,52,0,2027-04-27,447,1,0
2026-02-05,Kamis,SKU009,Kecap Manis 600ml,Bumbu,botol,26000,17.69,21400,21000,12,0,256800,4800,15,0,3,0,0,2027-04-27,446,1,0
2026-02-06,Jumat,SKU009,Kecap Manis 600ml,Bumbu,botol,26000,17.69,21400,21000,10,0,214000,4000,55,52,45,0,0,2027-05-02,450,0,0
2026-02-07,Sabtu,SKU009,Kecap Manis 600ml,Bumbu,botol,26000,0.0,26000,21000,6,0,156000,30000,45,0,39,0,0,2027-05-02,449,0,0
2026-02-08,Minggu,SKU009,Kecap Manis 600ml,Bumbu,botol,26000,0.0,26000,21000,4,0,104000,20000,39,0,35,0,0,2027-05-02,448,0,0
2026-02-09,Senin,SKU009,Kecap Manis 600ml,Bumbu,botol,26000,0.0,26000,21000,8,0,208000,40000,35,0,27,0,0,2027-05-02,447,0,0
2026-02-10,Selasa,SKU009,Kecap Manis 600ml,Bumbu,botol,26000,0.0,26000,21000,3,0,78000,15000,27,0,24,0,0,2027-05-02,446,0,0
2026-02-11,Rabu,SKU009,Kecap Manis 600ml,Bumbu,botol,26000,17.69,21400,21000,3,0,64200,1200,24,0,21,0,0,2027-05-02,445,0,0
2026-02-12,Kamis,SKU009,Kecap Manis 600ml,Bumbu,botol,26000,12.0,22900,21000,12,0,274800,22800,21,0,9,114,0,2027-05-02,444,0,0
2026-02-13,Jumat,SKU009,Kecap Manis 600ml,Bumbu,botol,26000,17.69,21400,21000,9,0,192600,3600,9,0,0,0,0,2027-05-02,443,0,0
2026-02-14,Sabtu,SKU009,Kecap Manis 600ml,Bumbu,botol,26000,0.0,26000,21000,0,6,0,0,0,0,0,0,0,2027-05-02,442,0,0
2026-02-15,Minggu,SKU009,Kecap Manis 600ml,Bumbu,botol,26000,12.0,22900,21000,12,0,274800,22800,114,114,102,0,0,2027-05-11,450,0,0
2026-02-16,Senin,SKU009,Kecap Manis 600ml,Bumbu,botol,26000,0.0,26000,21000,4,0,104000,20000,102,0,98,0,0,2027-05-11,449,0,0
2026-02-17,Selasa,SKU009,Kecap Manis 600ml,Bumbu,botol,26000,0.0,26000,21000,8,0,208000,40000,98,0,90,0,0,2027-05-11,448,0,1
2026-02-18,Rabu,SKU009,Kecap Manis 600ml,Bumbu,botol,26000,0.0,26000,21000,6,0,156000,30000,90,0,84,0,0,2027-05-11,447,0,1
2026-02-19,Kamis,SKU009,Kecap Manis 600ml,Bumbu,botol,26000,17.69,21400,21000,6,0,128400,2400,84,0,78,0,0,2027-05-11,446,0,1
2026-02-20,Jumat,SKU009,Kecap Manis 600ml,Bumbu,botol,26000,17.69,21400,21000,4,0,85600,1600,78,0,74,0,0,2027-05-11,445,0,1
2026-02-21,Sabtu,SKU009,Kecap Manis 600ml,Bumbu,botol,26000,0.0,26000,21000,11,0,286000,55000,74,0,63,0,0,2027-05-11,444,0,1
2026-02-22,Minggu,SKU009,Kecap Manis 600ml,Bumbu,botol,26000,0.0,26000,21000,7,0,182000,35000,63,0,56,0,0,2027-05-11,443,0,1
2026-02-23,Senin,SKU009,Kecap Manis 600ml,Bumbu,botol,26000,0.0,26000,21000,10,0,260000,50000,56,0,46,0,0,2027-05-11,442,0,1
2026-02-24,Selasa,SKU009,Kecap Manis 600ml,Bumbu,botol,26000,12.0,22900,21000,8,0,183200,15200,46,0,38,0,0,2027-05-11,441,0,1
2026-02-25,Rabu,SKU009,Kecap Manis 600ml,Bumbu,botol,26000,0.0,26000,21000,10,0,260000,50000,38,0,28,0,0,2027-05-11,440,1,1
2026-02-26,Kamis,SKU009,Kecap Manis 600ml,Bumbu,botol,26000,0.0,26000,21000,10,0,260000,50000,28,0,18,52,0,2027-05-11,439,1,1
2026-02-27,Jumat,SKU009,Kecap Manis 600ml,Bumbu,botol,26000,0.0,26000,21000,13,0,338000,65000,70,52,57,0,0,2027-05-23,450,1,1
2026-02-28,Sabtu,SKU009,Kecap Manis 600ml,Bumbu,botol,26000,0.0,26000,21000,19,0,494000,95000,57,0,38,0,0,2027-05-23,449,1,1
2026-03-01,Minggu,SKU009,Kecap Manis 600ml,Bumbu,botol,26000,0.0,26000,21000,9,0,234000,45000,38,0,29,0,0,2027-05-23,448,1,1
2026-03-02,Senin,SKU009,Kecap Manis 600ml,Bumbu,botol,26000,0.0,26000,21000,9,0,234000,45000,29,0,20,0,0,2027-05-23,447,1,1
2026-03-03,Selasa,SKU009,Kecap Manis 600ml,Bumbu,botol,26000,0.0,26000,21000,4,0,104000,20000,20,0,16,52,0,2027-05-23,446,1,1
2026-03-04,Rabu,SKU009,Kecap Manis 600ml,Bumbu,botol,26000,0.0,26000,21000,2,0,52000,10000,16,0,14,0,0,2027-05-23,445,1,1
2026-03-05,Kamis,SKU009,Kecap Manis 600ml,Bumbu,botol,26000,0.0,26000,21000,7,0,182000,35000,14,0,7,0,0,2027-05-23,444,1,1
2026-03-06,Jumat,SKU009,Kecap Manis 600ml,Bumbu,botol,26000,0.0,26000,21000,10,0,260000,50000,59,52,49,0,0,2027-05-30,450,0,1
2026-03-07,Sabtu,SKU009,Kecap Manis 600ml,Bumbu,botol,26000,0.0,26000,21000,11,0,286000,55000,49,0,38,0,0,2027-05-30,449,0,1
2026-03-08,Minggu,SKU009,Kecap Manis 600ml,Bumbu,botol,26000,0.0,26000,21000,7,0,182000,35000,38,0,31,0,0,2027-05-30,448,0,1
2026-03-09,Senin,SKU009,Kecap Manis 600ml,Bumbu,botol,26000,0.0,26000,21000,10,0,260000,50000,31,0,21,0,0,2027-05-30,447,0,1
2026-03-10,Selasa,SKU009,Kecap Manis 600ml,Bumbu,botol,26000,8.0,23900,21000,12,0,286800,34800,21,0,9,52,0,2027-05-30,446,0,1
2026-03-11,Rabu,SKU009,Kecap Manis 600ml,Bumbu,botol,26000,0.0,26000,21000,8,0,208000,40000,9,0,1,0,0,2027-05-30,445,0,1
2026-03-12,Kamis,SKU009,Kecap Manis 600ml,Bumbu,botol,26000,0.0,26000,21000,7,0,182000,35000,53,52,46,0,0,2027-06-05,450,0,1
2026-03-13,Jumat,SKU009,Kecap Manis 600ml,Bumbu,botol,26000,0.0,26000,21000,9,0,234000,45000,46,0,37,0,0,2027-06-05,449,0,1
2026-03-14,Sabtu,SKU009,Kecap Manis 600ml,Bumbu,botol,26000,17.69,21400,21000,16,0,342400,6400,37,0,21,0,0,2027-06-05,448,0,1
2026-03-15,Minggu,SKU009,Kecap Manis 600ml,Bumbu,botol,26000,0.0,26000,21000,10,0,260000,50000,21,0,11,52,0,2027-06-05,447,0,1
2026-03-16,Senin,SKU009,Kecap Manis 600ml,Bumbu,botol,26000,17.69,21400,21000,11,2,235400,4400,11,0,0,0,0,2027-06-05,446,0,1
2026-03-17,Selasa,SKU009,Kecap Manis 600ml,Bumbu,botol,26000,0.0,26000,21000,10,0,260000,50000,52,52,42,0,0,2027-06-10,450,0,1
2026-03-18,Rabu,SKU009,Kecap Manis 600ml,Bumbu,botol,26000,0.0,26000,21000,4,0,104000,20000,42,0,38,0,0,2027-06-10,449,0,1
2026-03-19,Kamis,SKU009,Kecap Manis 600ml,Bumbu,botol,26000,0.0,26000,21000,5,0,130000,25000,38,0,33,0,0,2027-06-10,448,0,1
2026-03-20,Jumat,SKU009,Kecap Manis 600ml,Bumbu,botol,26000,5.0,24700,21000,2,0,49400,7400,33,0,31,0,0,2027-06-10,447,0,0
2026-03-21,Sabtu,SKU009,Kecap Manis 600ml,Bumbu,botol,26000,0.0,26000,21000,5,0,130000,25000,31,0,26,0,0,2027-06-10,446,0,0
2026-03-22,Minggu,SKU009,Kecap Manis 600ml,Bumbu,botol,26000,12.0,22900,21000,3,0,68700,5700,26,0,23,0,0,2027-06-10,445,0,0
2026-03-23,Senin,SKU009,Kecap Manis 600ml,Bumbu,botol,26000,0.0,26000,21000,5,0,130000,25000,23,0,18,114,0,2027-06-10,444,0,0
2026-03-24,Selasa,SKU009,Kecap Manis 600ml,Bumbu,botol,26000,0.0,26000,21000,6,0,156000,30000,18,0,12,0,0,2027-06-10,443,0,0
2026-03-25,Rabu,SKU009,Kecap Manis 600ml,Bumbu,botol,26000,17.69,21400,21000,11,0,235400,4400,12,0,1,0,0,2027-06-10,442,1,0
2026-03-26,Kamis,SKU009,Kecap Manis 600ml,Bumbu,botol,26000,17.69,21400,21000,11,0,235400,4400,115,114,104,0,0,2027-06-19,450,1,0
2026-03-27,Jumat,SKU009,Kecap Manis 600ml,Bumbu,botol,26000,0.0,26000,21000,15,0,390000,75000,104,0,89,0,0,2027-06-19,449,1,0
2026-03-28,Sabtu,SKU009,Kecap Manis 600ml,Bumbu,botol,26000,17.69,21400,21000,21,0,449400,8400,89,0,68,0,0,2027-06-19,448,1,0
2026-03-29,Minggu,SKU009,Kecap Manis 600ml,Bumbu,botol,26000,0.0,26000,21000,8,0,208000,40000,68,0,60,0,0,2027-06-19,447,1,0
2026-03-30,Senin,SKU009,Kecap Manis 600ml,Bumbu,botol,26000,0.0,26000,21000,2,0,52000,10000,60,0,58,0,0,2027-06-19,446,1,0
2026-03-31,Selasa,SKU009,Kecap Manis 600ml,Bumbu,botol,26000,0.0,26000,21000,10,0,260000,50000,58,0,48,0,0,2027-06-19,445,1,0
2026-04-01,Rabu,SKU009,Kecap Manis 600ml,Bumbu,botol,26000,0.0,26000,21000,4,0,104000,20000,48,0,44,0,0,2027-06-19,444,1,0
2026-04-02,Kamis,SKU009,Kecap Manis 600ml,Bumbu,botol,26000,17.69,21400,21000,17,0,363800,6800,44,0,27,0,0,2027-06-19,443,1,0
2026-04-03,Jumat,SKU009,Kecap Manis 600ml,Bumbu,botol,26000,0.0,26000,21000,8,0,208000,40000,27,0,19,52,0,2027-06-19,442,1,0
2026-04-04,Sabtu,SKU009,Kecap Manis 600ml,Bumbu,botol,26000,0.0,26000,21000,5,0,130000,25000,19,0,14,0,0,2027-06-19,441,1,0
2026-04-05,Minggu,SKU009,Kecap Manis 600ml,Bumbu,botol,26000,0.0,26000,21000,11,0,286000,55000,14,0,3,0,0,2027-06-19,440,1,0
2026-04-06,Senin,SKU009,Kecap Manis 600ml,Bumbu,botol,26000,17.69,21400,21000,7,0,149800,2800,55,52,48,0,0,2027-06-30,450,0,0
2026-04-07,Selasa,SKU009,Kecap Manis 600ml,Bumbu,botol,26000,5.0,24700,21000,7,0,172900,25900,48,0,41,0,0,2027-06-30,449,0,0
2026-04-08,Rabu,SKU009,Kecap Manis 600ml,Bumbu,botol,26000,0.0,26000,21000,3,0,78000,15000,41,0,38,0,0,2027-06-30,448,0,0
2026-04-09,Kamis,SKU009,Kecap Manis 600ml,Bumbu,botol,26000,0.0,26000,21000,1,0,26000,5000,38,0,37,0,0,2027-06-30,447,0,0
2026-04-10,Jumat,SKU009,Kecap Manis 600ml,Bumbu,botol,26000,17.69,21400,21000,14,0,299600,5600,37,0,23,0,0,2027-06-30,446,0,0
2026-04-11,Sabtu,SKU009,Kecap Manis 600ml,Bumbu,botol,26000,0.0,26000,21000,6,0,156000,30000,23,0,17,52,0,2027-06-30,445,0,0
2026-04-12,Minggu,SKU009,Kecap Manis 600ml,Bumbu,botol,26000,0.0,26000,21000,2,0,52000,10000,69,52,67,0,0,2027-07-06,450,0,0
2026-04-13,Senin,SKU009,Kecap Manis 600ml,Bumbu,botol,26000,5.0,24700,21000,12,0,296400,44400,67,0,55,0,0,2027-07-06,449,0,0
2026-04-14,Selasa,SKU009,Kecap Manis 600ml,Bumbu,botol,26000,0.0,26000,21000,4,0,104000,20000,55,0,51,0,0,2027-07-06,448,0,0
2026-04-15,Rabu,SKU009,Kecap Manis 600ml,Bumbu,botol,26000,17.69,21400,21000,4,0,85600,1600,51,0,47,0,0,2027-07-06,447,0,0
2026-04-16,Kamis,SKU009,Kecap Manis 600ml,Bumbu,botol,26000,0.0,26000,21000,7,0,182000,35000,47,0,40,0,0,2027-07-06,446,0,0
2026-04-17,Jumat,SKU009,Kecap Manis 600ml,Bumbu,botol,26000,0.0,26000,21000,10,0,260000,50000,40,0,30,0,0,2027-07-06,445,0,0
2026-04-18,Sabtu,SKU009,Kecap Manis 600ml,Bumbu,botol,26000,0.0,26000,21000,7,0,182000,35000,30,0,23,0,0,2027-07-06,444,0,0
2026-04-19,Minggu,SKU009,Kecap Manis 600ml,Bumbu,botol,26000,12.0,22900,21000,13,0,297700,24700,23,0,10,52,0,2027-07-06,443,0,0
2026-04-20,Senin,SKU009,Kecap Manis 600ml,Bumbu,botol,26000,0.0,26000,21000,3,0,78000,15000,10,0,7,0,0,2027-07-06,442,0,0
2026-04-21,Selasa,SKU009,Kecap Manis 600ml,Bumbu,botol,26000,0.0,26000,21000,8,0,208000,40000,59,52,51,0,0,2027-07-15,450,0,0
2026-04-22,Rabu,SKU009,Kecap Manis 600ml,Bumbu,botol,26000,0.0,26000,21000,5,0,130000,25000,51,0,46,0,0,2027-07-15,449,0,0
2026-04-23,Kamis,SKU009,Kecap Manis 600ml,Bumbu,botol,26000,0.0,26000,21000,4,0,104000,20000,46,0,42,0,0,2027-07-15,448,0,0
2026-04-24,Jumat,SKU009,Kecap Manis 600ml,Bumbu,botol,26000,17.69,21400,21000,9,0,192600,3600,42,0,33,0,0,2027-07-15,447,0,0
2026-04-25,Sabtu,SKU009,Kecap Manis 600ml,Bumbu,botol,26000,0.0,26000,21000,9,0,234000,45000,33,0,24,0,0,2027-07-15,446,1,0
2026-04-26,Minggu,SKU009,Kecap Manis 600ml,Bumbu,botol,26000,0.0,26000,21000,10,0,260000,50000,24,0,14,52,0,2027-07-15,445,1,0
2026-04-27,Senin,SKU009,Kecap Manis 600ml,Bumbu,botol,26000,0.0,26000,21000,8,0,208000,40000,14,0,6,0,0,2027-07-15,444,1,0
2026-04-28,Selasa,SKU009,Kecap Manis 600ml,Bumbu,botol,26000,0.0,26000,21000,9,0,234000,45000,58,52,49,0,0,2027-07-22,450,1,0
2026-04-29,Rabu,SKU009,Kecap Manis 600ml,Bumbu,botol,26000,15.0,22100,21000,15,0,331500,16500,49,0,34,0,0,2027-07-22,449,1,0
2026-04-30,Kamis,SKU009,Kecap Manis 600ml,Bumbu,botol,26000,17.69,21400,21000,12,0,256800,4800,34,0,22,0,0,2027-07-22,448,1,0
2026-05-01,Jumat,SKU009,Kecap Manis 600ml,Bumbu,botol,26000,17.69,21400,21000,8,0,171200,3200,22,0,14,52,0,2027-07-22,447,1,0
2026-05-02,Sabtu,SKU009,Kecap Manis 600ml,Bumbu,botol,26000,17.69,21400,21000,13,0,278200,5200,14,0,1,0,0,2027-07-22,446,1,0
2026-05-03,Minggu,SKU009,Kecap Manis 600ml,Bumbu,botol,26000,0.0,26000,21000,15,0,390000,75000,53,52,38,0,0,2027-07-27,450,1,0
2026-05-04,Senin,SKU009,Kecap Manis 600ml,Bumbu,botol,26000,0.0,26000,21000,8,0,208000,40000,38,0,30,0,0,2027-07-27,449,1,0
2026-05-05,Selasa,SKU009,Kecap Manis 600ml,Bumbu,botol,26000,0.0,26000,21000,4,0,104000,20000,30,0,26,0,0,2027-07-27,448,1,0
2026-05-06,Rabu,SKU009,Kecap Manis 600ml,Bumbu,botol,26000,0.0,26000,21000,1,0,26000,5000,26,0,25,0,0,2027-07-27,447,0,0
2026-05-07,Kamis,SKU009,Kecap Manis 600ml,Bumbu,botol,26000,0.0,26000,21000,10,0,260000,50000,25,0,15,52,0,2027-07-27,446,0,0
2026-05-08,Jumat,SKU009,Kecap Manis 600ml,Bumbu,botol,26000,8.0,23900,21000,5,0,119500,14500,67,52,62,0,0,2027-08-01,450,0,0
2026-05-09,Sabtu,SKU009,Kecap Manis 600ml,Bumbu,botol,26000,17.69,21400,21000,6,0,128400,2400,62,0,56,0,0,2027-08-01,449,0,0
2026-05-10,Minggu,SKU009,Kecap Manis 600ml,Bumbu,botol,26000,17.69,21400,21000,12,0,256800,4800,56,0,44,0,0,2027-08-01,448,0,0
2026-05-11,Senin,SKU009,Kecap Manis 600ml,Bumbu,botol,26000,15.0,22100,21000,9,0,198900,9900,44,0,35,0,0,2027-08-01,447,0,0
2026-05-12,Selasa,SKU009,Kecap Manis 600ml,Bumbu,botol,26000,0.0,26000,21000,1,0,26000,5000,35,0,34,0,0,2027-08-01,446,0,0
2026-05-13,Rabu,SKU009,Kecap Manis 600ml,Bumbu,botol,26000,5.0,24700,21000,11,0,271700,40700,34,0,23,0,0,2027-08-01,445,0,0
2026-05-14,Kamis,SKU009,Kecap Manis 600ml,Bumbu,botol,26000,17.69,21400,21000,3,0,64200,1200,23,0,20,0,0,2027-08-01,444,0,0
2026-05-15,Jumat,SKU009,Kecap Manis 600ml,Bumbu,botol,26000,0.0,26000,21000,1,0,26000,5000,20,0,19,52,0,2027-08-01,443,0,0
2026-05-16,Sabtu,SKU009,Kecap Manis 600ml,Bumbu,botol,26000,0.0,26000,21000,8,0,208000,40000,19,0,11,0,0,2027-08-01,442,0,0
2026-05-17,Minggu,SKU009,Kecap Manis 600ml,Bumbu,botol,26000,10.0,23400,21000,7,0,163800,16800,11,0,4,0,0,2027-08-01,441,0,0
2026-05-18,Senin,SKU009,Kecap Manis 600ml,Bumbu,botol,26000,0.0,26000,21000,6,0,156000,30000,56,52,50,0,0,2027-08-11,450,0,0
2026-05-19,Selasa,SKU009,Kecap Manis 600ml,Bumbu,botol,26000,17.69,21400,21000,11,0,235400,4400,50,0,39,0,0,2027-08-11,449,0,0
2026-05-20,Rabu,SKU009,Kecap Manis 600ml,Bumbu,botol,26000,12.0,22900,21000,9,0,206100,17100,39,0,30,0,0,2027-08-11,448,0,0
2026-05-21,Kamis,SKU009,Kecap Manis 600ml,Bumbu,botol,26000,0.0,26000,21000,5,0,130000,25000,30,0,25,0,0,2027-08-11,447,0,0
2026-05-22,Jumat,SKU009,Kecap Manis 600ml,Bumbu,botol,26000,0.0,26000,21000,8,0,208000,40000,25,0,17,52,0,2027-08-11,446,0,0
2026-05-23,Sabtu,SKU009,Kecap Manis 600ml,Bumbu,botol,26000,17.69,21400,21000,17,2,363800,6800,17,0,0,0,0,2027-08-11,445,0,0
2026-05-24,Minggu,SKU009,Kecap Manis 600ml,Bumbu,botol,26000,0.0,26000,21000,6,0,156000,30000,52,52,46,0,0,2027-08-17,450,0,0
2026-05-25,Senin,SKU009,Kecap Manis 600ml,Bumbu,botol,26000,5.0,24700,21000,5,0,123500,18500,46,0,41,0,0,2027-08-17,449,1,0
2026-05-26,Selasa,SKU009,Kecap Manis 600ml,Bumbu,botol,26000,0.0,26000,21000,9,0,234000,45000,41,0,32,0,0,2027-08-17,448,1,0
2026-05-27,Rabu,SKU009,Kecap Manis 600ml,Bumbu,botol,26000,0.0,26000,21000,2,0,52000,10000,32,0,30,0,0,2027-08-17,447,1,0
2026-05-28,Kamis,SKU009,Kecap Manis 600ml,Bumbu,botol,26000,17.69,21400,21000,13,0,278200,5200,30,0,17,114,0,2027-08-17,446,1,0
2026-05-29,Jumat,SKU009,Kecap Manis 600ml,Bumbu,botol,26000,8.0,23900,21000,6,0,143400,17400,17,0,11,0,0,2027-08-17,445,1,0
2026-05-30,Sabtu,SKU009,Kecap Manis 600ml,Bumbu,botol,26000,0.0,26000,21000,8,0,208000,40000,125,114,117,0,0,2027-08-23,450,1,0
2026-05-31,Minggu,SKU009,Kecap Manis 600ml,Bumbu,botol,26000,0.0,26000,21000,7,0,182000,35000,117,0,110,0,0,2027-08-23,449,1,0
2026-06-01,Senin,SKU009,Kecap Manis 600ml,Bumbu,botol,26000,12.0,22900,21000,9,0,206100,17100,110,0,101,0,0,2027-08-23,448,1,0
2026-06-02,Selasa,SKU009,Kecap Manis 600ml,Bumbu,botol,26000,0.0,26000,21000,10,0,260000,50000,101,0,91,0,0,2027-08-23,447,1,0
2026-06-03,Rabu,SKU009,Kecap Manis 600ml,Bumbu,botol,26000,0.0,26000,21000,12,0,312000,60000,91,0,79,0,0,2027-08-23,446,1,0
2026-06-04,Kamis,SKU009,Kecap Manis 600ml,Bumbu,botol,26000,0.0,26000,21000,15,0,390000,75000,79,0,64,0,0,2027-08-23,445,1,0
2026-06-05,Jumat,SKU009,Kecap Manis 600ml,Bumbu,botol,26000,0.0,26000,21000,12,0,312000,60000,64,0,52,0,0,2027-08-23,444,1,0
2026-06-06,Sabtu,SKU009,Kecap Manis 600ml,Bumbu,botol,26000,0.0,26000,21000,7,0,182000,35000,52,0,45,0,0,2027-08-23,443,0,0
2026-06-07,Minggu,SKU009,Kecap Manis 600ml,Bumbu,botol,26000,17.69,21400,21000,11,0,235400,4400,45,0,34,0,0,2027-08-23,442,0,0
2026-06-08,Senin,SKU009,Kecap Manis 600ml,Bumbu,botol,26000,17.69,21400,21000,10,0,214000,4000,34,0,24,0,0,2027-08-23,441,0,0
2026-06-09,Selasa,SKU009,Kecap Manis 600ml,Bumbu,botol,26000,10.0,23400,21000,9,0,210600,21600,24,0,15,52,0,2027-08-23,440,0,0
2026-06-10,Rabu,SKU009,Kecap Manis 600ml,Bumbu,botol,26000,0.0,26000,21000,5,0,130000,25000,15,0,10,0,0,2027-08-23,439,0,0
2026-06-11,Kamis,SKU009,Kecap Manis 600ml,Bumbu,botol,26000,0.0,26000,21000,9,0,234000,45000,10,0,1,0,0,2027-08-23,438,0,0
2026-06-12,Jumat,SKU009,Kecap Manis 600ml,Bumbu,botol,26000,10.0,23400,21000,9,0,210600,21600,53,52,44,0,0,2027-09-05,450,0,0
2026-06-13,Sabtu,SKU009,Kecap Manis 600ml,Bumbu,botol,26000,0.0,26000,21000,9,0,234000,45000,44,0,35,0,0,2027-09-05,449,0,0
2026-06-14,Minggu,SKU009,Kecap Manis 600ml,Bumbu,botol,26000,5.0,24700,21000,7,0,172900,25900,35,0,28,0,0,2027-09-05,448,0,0
2026-06-15,Senin,SKU009,Kecap Manis 600ml,Bumbu,botol,26000,0.0,26000,21000,7,0,182000,35000,28,0,21,0,0,2027-09-05,447,0,0
2026-06-16,Selasa,SKU009,Kecap Manis 600ml,Bumbu,botol,26000,0.0,26000,21000,8,0,208000,40000,21,0,13,52,0,2027-09-05,446,0,0
2026-06-17,Rabu,SKU009,Kecap Manis 600ml,Bumbu,botol,26000,0.0,26000,21000,10,0,260000,50000,65,52,55,0,0,2027-09-10,450,0,0
2026-06-18,Kamis,SKU009,Kecap Manis 600ml,Bumbu,botol,26000,17.69,21400,21000,8,0,171200,3200,55,0,47,0,0,2027-09-10,449,0,0
2026-06-19,Jumat,SKU009,Kecap Manis 600ml,Bumbu,botol,26000,17.69,21400,21000,8,0,171200,3200,47,0,39,0,0,2027-09-10,448,0,0
2026-06-20,Sabtu,SKU009,Kecap Manis 600ml,Bumbu,botol,26000,0.0,26000,21000,8,0,208000,40000,39,0,31,0,0,2027-09-10,447,0,0
2026-06-21,Minggu,SKU009,Kecap Manis 600ml,Bumbu,botol,26000,0.0,26000,21000,5,0,130000,25000,31,0,26,0,0,2027-09-10,446,0,0
2026-06-22,Senin,SKU009,Kecap Manis 600ml,Bumbu,botol,26000,0.0,26000,21000,2,0,52000,10000,26,0,24,0,0,2027-09-10,445,0,0
2026-06-23,Selasa,SKU009,Kecap Manis 600ml,Bumbu,botol,26000,17.69,21400,21000,7,0,149800,2800,24,0,17,114,0,2027-09-10,444,0,0
2026-06-24,Rabu,SKU009,Kecap Manis 600ml,Bumbu,botol,26000,17.69,21400,21000,9,0,192600,3600,17,0,8,0,0,2027-09-10,443,0,0
2026-06-25,Kamis,SKU009,Kecap Manis 600ml,Bumbu,botol,26000,0.0,26000,21000,2,0,52000,10000,122,114,120,0,0,2027-09-18,450,1,0
2026-06-26,Jumat,SKU009,Kecap Manis 600ml,Bumbu,botol,26000,0.0,26000,21000,11,0,286000,55000,120,0,109,0,0,2027-09-18,449,1,0
2026-06-27,Sabtu,SKU009,Kecap Manis 600ml,Bumbu,botol,26000,5.0,24700,21000,17,0,419900,62900,109,0,92,0,0,2027-09-18,448,1,0
2026-06-28,Minggu,SKU009,Kecap Manis 600ml,Bumbu,botol,26000,5.0,24700,21000,19,0,469300,70300,92,0,73,0,0,2027-09-18,447,1,0
2026-06-29,Senin,SKU009,Kecap Manis 600ml,Bumbu,botol,26000,0.0,26000,21000,6,0,156000,30000,73,0,67,0,0,2027-09-18,446,1,0
2026-06-30,Selasa,SKU009,Kecap Manis 600ml,Bumbu,botol,26000,0.0,26000,21000,5,0,130000,25000,67,0,62,0,0,2027-09-18,445,1,0
2026-07-01,Rabu,SKU009,Kecap Manis 600ml,Bumbu,botol,26000,0.0,26000,21000,6,0,156000,30000,62,0,56,0,0,2027-09-18,444,1,0
2026-07-02,Kamis,SKU009,Kecap Manis 600ml,Bumbu,botol,26000,0.0,26000,21000,4,0,104000,20000,56,0,52,0,0,2027-09-18,443,1,0
2026-07-03,Jumat,SKU009,Kecap Manis 600ml,Bumbu,botol,26000,0.0,26000,21000,9,0,234000,45000,52,0,43,0,0,2027-09-18,442,1,0
2026-07-04,Sabtu,SKU009,Kecap Manis 600ml,Bumbu,botol,26000,0.0,26000,21000,7,0,182000,35000,43,0,36,0,0,2027-09-18,441,1,0
2026-07-05,Minggu,SKU009,Kecap Manis 600ml,Bumbu,botol,26000,0.0,26000,21000,7,0,182000,35000,36,0,29,0,0,2027-09-18,440,1,0
2026-07-06,Senin,SKU009,Kecap Manis 600ml,Bumbu,botol,26000,0.0,26000,21000,6,0,156000,30000,29,0,23,0,0,2027-09-18,439,0,0
2026-07-07,Selasa,SKU009,Kecap Manis 600ml,Bumbu,botol,26000,12.0,22900,21000,12,0,274800,22800,23,0,11,52,0,2027-09-18,438,0,0
2026-07-08,Rabu,SKU009,Kecap Manis 600ml,Bumbu,botol,26000,17.69,21400,21000,11,0,235400,4400,11,0,0,0,0,2027-09-18,437,0,0
2026-07-09,Kamis,SKU009,Kecap Manis 600ml,Bumbu,botol,26000,0.0,26000,21000,0,8,0,0,0,0,0,0,0,2027-09-18,436,0,0
2026-07-10,Jumat,SKU009,Kecap Manis 600ml,Bumbu,botol,26000,0.0,26000,21000,9,0,234000,45000,52,52,43,0,0,2027-10-03,450,0,0
2026-07-11,Sabtu,SKU009,Kecap Manis 600ml,Bumbu,botol,26000,0.0,26000,21000,11,0,286000,55000,43,0,32,0,0,2027-10-03,449,0,0
2026-07-12,Minggu,SKU009,Kecap Manis 600ml,Bumbu,botol,26000,0.0,26000,21000,8,0,208000,40000,32,0,24,0,0,2027-10-03,448,0,0
2026-07-13,Senin,SKU009,Kecap Manis 600ml,Bumbu,botol,26000,5.0,24700,21000,5,0,123500,18500,24,0,19,52,0,2027-10-03,447,0,0
2026-07-14,Selasa,SKU009,Kecap Manis 600ml,Bumbu,botol,26000,0.0,26000,21000,6,0,156000,30000,19,0,13,0,0,2027-10-03,446,0,0
2026-07-15,Rabu,SKU009,Kecap Manis 600ml,Bumbu,botol,26000,0.0,26000,21000,5,0,130000,25000,65,52,60,0,0,2027-10-08,450,0,0
2026-07-16,Kamis,SKU009,Kecap Manis 600ml,Bumbu,botol,26000,10.0,23400,21000,4,0,93600,9600,60,0,56,0,0,2027-10-08,449,0,0
2026-07-17,Jumat,SKU009,Kecap Manis 600ml,Bumbu,botol,26000,0.0,26000,21000,6,0,156000,30000,56,0,50,0,0,2027-10-08,448,0,0
2026-07-18,Sabtu,SKU009,Kecap Manis 600ml,Bumbu,botol,26000,0.0,26000,21000,4,0,104000,20000,50,0,46,0,0,2027-10-08,447,0,0
2026-07-19,Minggu,SKU009,Kecap Manis 600ml,Bumbu,botol,26000,0.0,26000,21000,8,0,208000,40000,46,0,38,0,0,2027-10-08,446,0,0
2026-07-20,Senin,SKU009,Kecap Manis 600ml,Bumbu,botol,26000,17.69,21400,21000,8,0,171200,3200,38,0,30,0,0,2027-10-08,445,0,0
2026-07-21,Selasa,SKU009,Kecap Manis 600ml,Bumbu,botol,26000,0.0,26000,21000,7,0,182000,35000,30,0,23,0,0,2027-10-08,444,0,0
2026-07-22,Rabu,SKU009,Kecap Manis 600ml,Bumbu,botol,26000,17.69,21400,21000,5,0,107000,2000,23,0,18,52,0,2027-10-08,443,0,0
2026-07-23,Kamis,SKU009,Kecap Manis 600ml,Bumbu,botol,26000,0.0,26000,21000,6,0,156000,30000,18,0,12,0,0,2027-10-08,442,0,0
2026-07-24,Jumat,SKU009,Kecap Manis 600ml,Bumbu,botol,26000,0.0,26000,21000,3,0,78000,15000,64,52,61,0,0,2027-10-17,450,0,0
2026-07-25,Sabtu,SKU009,Kecap Manis 600ml,Bumbu,botol,26000,15.0,22100,21000,19,0,419900,20900,61,0,42,0,0,2027-10-17,449,1,0
2026-07-26,Minggu,SKU009,Kecap Manis 600ml,Bumbu,botol,26000,0.0,26000,21000,7,0,182000,35000,42,0,35,0,0,2027-10-17,448,1,0
2026-07-27,Senin,SKU009,Kecap Manis 600ml,Bumbu,botol,26000,0.0,26000,21000,4,0,104000,20000,35,0,31,0,0,2027-10-17,447,1,0
2026-07-28,Selasa,SKU009,Kecap Manis 600ml,Bumbu,botol,26000,17.69,21400,21000,14,0,299600,5600,31,0,17,52,0,2027-10-17,446,1,0
2026-07-29,Rabu,SKU009,Kecap Manis 600ml,Bumbu,botol,26000,0.0,26000,21000,9,0,234000,45000,69,52,60,0,0,2027-10-22,450,1,0
2026-07-30,Kamis,SKU009,Kecap Manis 600ml,Bumbu,botol,26000,0.0,26000,21000,6,0,156000,30000,60,0,54,0,0,2027-10-22,449,1,0
2026-07-31,Jumat,SKU009,Kecap Manis 600ml,Bumbu,botol,26000,0.0,26000,21000,13,0,338000,65000,54,0,41,0,0,2027-10-22,448,1,0
2026-08-01,Sabtu,SKU009,Kecap Manis 600ml,Bumbu,botol,26000,17.69,21400,21000,21,0,449400,8400,41,0,20,0,0,2027-10-22,447,1,0
2026-08-02,Minggu,SKU009,Kecap Manis 600ml,Bumbu,botol,26000,0.0,26000,21000,3,0,78000,15000,20,0,17,52,0,2027-10-22,446,1,0
2026-08-03,Senin,SKU009,Kecap Manis 600ml,Bumbu,botol,26000,0.0,26000,21000,12,0,312000,60000,17,0,5,0,0,2027-10-22,445,1,0
2026-08-04,Selasa,SKU009,Kecap Manis 600ml,Bumbu,botol,26000,10.0,23400,21000,9,0,210600,21600,57,52,48,0,0,2027-10-28,450,1,0
2026-08-05,Rabu,SKU009,Kecap Manis 600ml,Bumbu,botol,26000,0.0,26000,21000,7,0,182000,35000,48,0,41,0,0,2027-10-28,449,1,0
2026-08-06,Kamis,SKU009,Kecap Manis 600ml,Bumbu,botol,26000,0.0,26000,21000,12,0,312000,60000,41,0,29,0,0,2027-10-28,448,0,0
2026-08-07,Jumat,SKU009,Kecap Manis 600ml,Bumbu,botol,26000,0.0,26000,21000,12,0,312000,60000,29,0,17,52,0,2027-10-28,447,0,0
2026-08-08,Sabtu,SKU009,Kecap Manis 600ml,Bumbu,botol,26000,0.0,26000,21000,7,0,182000,35000,17,0,10,0,0,2027-10-28,446,0,0
2026-08-09,Minggu,SKU009,Kecap Manis 600ml,Bumbu,botol,26000,0.0,26000,21000,5,0,130000,25000,62,52,57,0,0,2027-11-02,450,0,0
2026-08-10,Senin,SKU009,Kecap Manis 600ml,Bumbu,botol,26000,0.0,26000,21000,5,0,130000,25000,57,0,52,0,0,2027-11-02,449,0,0
2026-08-11,Selasa,SKU009,Kecap Manis 600ml,Bumbu,botol,26000,17.69,21400,21000,10,0,214000,4000,52,0,42,0,0,2027-11-02,448,0,0
2026-08-12,Rabu,SKU009,Kecap Manis 600ml,Bumbu,botol,26000,0.0,26000,21000,1,0,26000,5000,42,0,41,0,0,2027-11-02,447,0,0
2026-08-13,Kamis,SKU009,Kecap Manis 600ml,Bumbu,botol,26000,0.0,26000,21000,7,0,182000,35000,41,0,34,0,0,2027-11-02,446,0,0
2026-08-14,Jumat,SKU009,Kecap Manis 600ml,Bumbu,botol,26000,0.0,26000,21000,6,0,156000,30000,34,0,28,0,0,2027-11-02,445,0,0
2026-08-15,Sabtu,SKU009,Kecap Manis 600ml,Bumbu,botol,26000,0.0,26000,21000,7,0,182000,35000,28,0,21,0,0,2027-11-02,444,0,0
2026-08-16,Minggu,SKU009,Kecap Manis 600ml,Bumbu,botol,26000,0.0,26000,21000,12,0,312000,60000,21,0,9,52,0,2027-11-02,443,0,0
2026-08-17,Senin,SKU009,Kecap Manis 600ml,Bumbu,botol,26000,0.0,26000,21000,4,0,104000,20000,9,0,5,0,0,2027-11-02,442,0,0
2025-08-18,Senin,SKU010,Sabun Mandi Batang,Kebersihan,pcs,5000,25.0,3800,3600,21,0,79800,4200,103,0,82,0,0,2026-09-27,405,0,0
2025-08-19,Selasa,SKU010,Sabun Mandi Batang,Kebersihan,pcs,5000,0.0,5000,3600,17,0,85000,23800,82,0,65,0,0,2026-09-27,404,0,0
2025-08-20,Rabu,SKU010,Sabun Mandi Batang,Kebersihan,pcs,5000,0.0,5000,3600,18,0,90000,25200,65,0,47,150,0,2026-09-27,403,0,0
2025-08-21,Kamis,SKU010,Sabun Mandi Batang,Kebersihan,pcs,5000,0.0,5000,3600,25,0,125000,35000,197,150,172,0,0,2027-08-11,720,0,0
2025-08-22,Jumat,SKU010,Sabun Mandi Batang,Kebersihan,pcs,5000,0.0,5000,3600,19,0,95000,26600,172,0,153,0,0,2027-08-11,719,0,0
2025-08-23,Sabtu,SKU010,Sabun Mandi Batang,Kebersihan,pcs,5000,0.0,5000,3600,26,0,130000,36400,153,0,127,0,0,2027-08-11,718,0,0
2025-08-24,Minggu,SKU010,Sabun Mandi Batang,Kebersihan,pcs,5000,18.0,4100,3600,19,0,77900,9500,127,0,108,0,0,2027-08-11,717,0,0
2025-08-25,Senin,SKU010,Sabun Mandi Batang,Kebersihan,pcs,5000,0.0,5000,3600,22,0,110000,30800,108,0,86,0,0,2027-08-11,716,1,0
2025-08-26,Selasa,SKU010,Sabun Mandi Batang,Kebersihan,pcs,5000,0.0,5000,3600,22,0,110000,30800,86,0,64,0,0,2027-08-11,715,1,0
2025-08-27,Rabu,SKU010,Sabun Mandi Batang,Kebersihan,pcs,5000,25.76,3700,3600,26,0,96200,2600,64,0,38,150,0,2027-08-11,714,1,0
2025-08-28,Kamis,SKU010,Sabun Mandi Batang,Kebersihan,pcs,5000,0.0,5000,3600,28,0,140000,39200,188,150,160,0,0,2027-08-18,720,1,0
2025-08-29,Jumat,SKU010,Sabun Mandi Batang,Kebersihan,pcs,5000,25.0,3800,3600,42,0,159600,8400,160,0,118,0,0,2027-08-18,719,1,0
2025-08-30,Sabtu,SKU010,Sabun Mandi Batang,Kebersihan,pcs,5000,0.0,5000,3600,27,0,135000,37800,118,0,91,0,0,2027-08-18,718,1,0
2025-08-31,Minggu,SKU010,Sabun Mandi Batang,Kebersihan,pcs,5000,8.0,4600,3600,32,0,147200,32000,91,0,59,0,0,2027-08-18,717,1,0
2025-09-01,Senin,SKU010,Sabun Mandi Batang,Kebersihan,pcs,5000,0.0,5000,3600,34,0,170000,47600,59,0,25,150,0,2027-08-18,716,1,0
2025-09-02,Selasa,SKU010,Sabun Mandi Batang,Kebersihan,pcs,5000,0.0,5000,3600,17,0,85000,23800,25,0,8,0,0,2027-08-18,715,1,0
2025-09-03,Rabu,SKU010,Sabun Mandi Batang,Kebersihan,pcs,5000,0.0,5000,3600,8,16,40000,11200,8,0,0,0,0,2027-08-18,714,1,0
2025-09-04,Kamis,SKU010,Sabun Mandi Batang,Kebersihan,pcs,5000,0.0,5000,3600,23,0,115000,32200,150,150,127,0,0,2027-08-25,720,1,0
2025-09-05,Jumat,SKU010,Sabun Mandi Batang,Kebersihan,pcs,5000,0.0,5000,3600,30,0,150000,42000,127,0,97,0,0,2027-08-25,719,1,0
2025-09-06,Sabtu,SKU010,Sabun Mandi Batang,Kebersihan,pcs,5000,0.0,5000,3600,16,0,80000,22400,97,0,81,0,0,2027-08-25,718,0,0
2025-09-07,Minggu,SKU010,Sabun Mandi Batang,Kebersihan,pcs,5000,0.0,5000,3600,28,0,140000,39200,81,0,53,150,0,2027-08-25,717,0,0
2025-09-08,Senin,SKU010,Sabun Mandi Batang,Kebersihan,pcs,5000,8.0,4600,3600,25,0,115000,25000,53,0,28,0,0,2027-08-25,716,0,0
2025-09-09,Selasa,SKU010,Sabun Mandi Batang,Kebersihan,pcs,5000,0.0,5000,3600,26,0,130000,36400,28,0,2,0,0,2027-08-25,715,0,0
2025-09-10,Rabu,SKU010,Sabun Mandi Batang,Kebersihan,pcs,5000,0.0,5000,3600,21,0,105000,29400,152,150,131,0,0,2027-08-31,720,0,0
2025-09-11,Kamis,SKU010,Sabun Mandi Batang,Kebersihan,pcs,5000,0.0,5000,3600,17,0,85000,23800,131,0,114,0,0,2027-08-31,719,0,0
2025-09-12,Jumat,SKU010,Sabun Mandi Batang,Kebersihan,pcs,5000,0.0,5000,3600,26,0,130000,36400,114,0,88,0,0,2027-08-31,718,0,0
2025-09-13,Sabtu,SKU010,Sabun Mandi Batang,Kebersihan,pcs,5000,0.0,5000,3600,30,0,150000,42000,88,0,58,0,0,2027-08-31,717,0,0
2025-09-14,Minggu,SKU010,Sabun Mandi Batang,Kebersihan,pcs,5000,0.0,5000,3600,19,0,95000,26600,58,0,39,150,0,2027-08-31,716,0,0
2025-09-15,Senin,SKU010,Sabun Mandi Batang,Kebersihan,pcs,5000,10.0,4500,3600,19,0,85500,17100,189,150,170,0,0,2027-09-05,720,0,0
2025-09-16,Selasa,SKU010,Sabun Mandi Batang,Kebersihan,pcs,5000,0.0,5000,3600,18,0,90000,25200,170,0,152,0,0,2027-09-05,719,0,0
2025-09-17,Rabu,SKU010,Sabun Mandi Batang,Kebersihan,pcs,5000,0.0,5000,3600,12,0,60000,16800,152,0,140,0,0,2027-09-05,718,0,0
2025-09-18,Kamis,SKU010,Sabun Mandi Batang,Kebersihan,pcs,5000,0.0,5000,3600,26,0,130000,36400,140,0,114,0,0,2027-09-05,717,0,0
2025-09-19,Jumat,SKU010,Sabun Mandi Batang,Kebersihan,pcs,5000,0.0,5000,3600,22,0,110000,30800,114,0,92,0,0,2027-09-05,716,0,0
2025-09-20,Sabtu,SKU010,Sabun Mandi Batang,Kebersihan,pcs,5000,15.0,4200,3600,19,0,79800,11400,92,0,73,0,0,2027-09-05,715,0,0
2025-09-21,Minggu,SKU010,Sabun Mandi Batang,Kebersihan,pcs,5000,0.0,5000,3600,23,0,115000,32200,73,0,50,150,0,2027-09-05,714,0,0
2025-09-22,Senin,SKU010,Sabun Mandi Batang,Kebersihan,pcs,5000,15.0,4200,3600,27,0,113400,16200,200,150,173,0,0,2027-09-12,720,0,0
2025-09-23,Selasa,SKU010,Sabun Mandi Batang,Kebersihan,pcs,5000,25.76,3700,3600,18,0,66600,1800,173,0,155,0,0,2027-09-12,719,0,0
2025-09-24,Rabu,SKU010,Sabun Mandi Batang,Kebersihan,pcs,5000,0.0,5000,3600,24,0,120000,33600,155,0,131,0,0,2027-09-12,718,0,0
2025-09-25,Kamis,SKU010,Sabun Mandi Batang,Kebersihan,pcs,5000,0.0,5000,3600,27,0,135000,37800,131,0,104,0,0,2027-09-12,717,1,0
2025-09-26,Jumat,SKU010,Sabun Mandi Batang,Kebersihan,pcs,5000,0.0,5000,3600,24,0,120000,33600,104,0,80,0,0,2027-09-12,716,1,0
2025-09-27,Sabtu,SKU010,Sabun Mandi Batang,Kebersihan,pcs,5000,0.0,5000,3600,33,0,165000,46200,80,0,47,150,0,2027-09-12,715,1,0
2025-09-28,Minggu,SKU010,Sabun Mandi Batang,Kebersihan,pcs,5000,0.0,5000,3600,21,0,105000,29400,47,0,26,0,0,2027-09-12,714,1,0
2025-09-29,Senin,SKU010,Sabun Mandi Batang,Kebersihan,pcs,5000,0.0,5000,3600,21,0,105000,29400,26,0,5,0,0,2027-09-12,713,1,0
2025-09-30,Selasa,SKU010,Sabun Mandi Batang,Kebersihan,pcs,5000,18.0,4100,3600,31,0,127100,15500,155,150,124,0,0,2027-09-20,720,1,0
2025-10-01,Rabu,SKU010,Sabun Mandi Batang,Kebersihan,pcs,5000,0.0,5000,3600,36,0,180000,50400,124,0,88,0,0,2027-09-20,719,1,0
2025-10-02,Kamis,SKU010,Sabun Mandi Batang,Kebersihan,pcs,5000,25.76,3700,3600,42,0,155400,4200,88,0,46,150,0,2027-09-20,718,1,0
2025-10-03,Jumat,SKU010,Sabun Mandi Batang,Kebersihan,pcs,5000,0.0,5000,3600,32,0,160000,44800,196,150,164,0,0,2027-09-23,720,1,0
2025-10-04,Sabtu,SKU010,Sabun Mandi Batang,Kebersihan,pcs,5000,0.0,5000,3600,24,0,120000,33600,164,0,140,0,0,2027-09-23,719,1,0
2025-10-05,Minggu,SKU010,Sabun Mandi Batang,Kebersihan,pcs,5000,0.0,5000,3600,29,0,145000,40600,140,0,111,0,0,2027-09-23,718,1,0
2025-10-06,Senin,SKU010,Sabun Mandi Batang,Kebersihan,pcs,5000,0.0,5000,3600,33,0,165000,46200,111,0,78,0,0,2027-09-23,717,0,0
2025-10-07,Selasa,SKU010,Sabun Mandi Batang,Kebersihan,pcs,5000,18.0,4100,3600,25,0,102500,12500,78,0,53,150,0,2027-09-23,716,0,0
2025-10-08,Rabu,SKU010,Sabun Mandi Batang,Kebersihan,pcs,5000,0.0,5000,3600,30,0,150000,42000,53,0,23,0,0,2027-09-23,715,0,0
2025-10-09,Kamis,SKU010,Sabun Mandi Batang,Kebersihan,pcs,5000,25.0,3800,3600,23,1,87400,4600,23,0,0,0,0,2027-09-23,714,0,0
2025-10-10,Jumat,SKU010,Sabun Mandi Batang,Kebersihan,pcs,5000,0.0,5000,3600,26,0,130000,36400,150,150,124,0,0,2027-09-30,720,0,0
2025-10-11,Sabtu,SKU010,Sabun Mandi Batang,Kebersihan,pcs,5000,12.0,4400,3600,30,0,132000,24000,124,0,94,0,0,2027-09-30,719,0,0
2025-10-12,Minggu,SKU010,Sabun Mandi Batang,Kebersihan,pcs,5000,0.0,5000,3600,10,0,50000,14000,94,0,84,0,0,2027-09-30,718,0,0
2025-10-13,Senin,SKU010,Sabun Mandi Batang,Kebersihan,pcs,5000,12.0,4400,3600,13,0,57200,10400,84,0,71,0,0,2027-09-30,717,0,0
2025-10-14,Selasa,SKU010,Sabun Mandi Batang,Kebersihan,pcs,5000,25.76,3700,3600,24,0,88800,2400,71,0,47,150,0,2027-09-30,716,0,0
2025-10-15,Rabu,SKU010,Sabun Mandi Batang,Kebersihan,pcs,5000,0.0,5000,3600,11,0,55000,15400,197,150,186,0,0,2027-10-05,720,0,0
2025-10-16,Kamis,SKU010,Sabun Mandi Batang,Kebersihan,pcs,5000,5.0,4800,3600,23,0,110400,27600,186,0,163,0,0,2027-10-05,719,0,0
2025-10-17,Jumat,SKU010,Sabun Mandi Batang,Kebersihan,pcs,5000,0.0,5000,3600,29,0,145000,40600,163,0,134,0,0,2027-10-05,718,0,0
2025-10-18,Sabtu,SKU010,Sabun Mandi Batang,Kebersihan,pcs,5000,0.0,5000,3600,29,0,145000,40600,134,0,105,0,0,2027-10-05,717,0,0
2025-10-19,Minggu,SKU010,Sabun Mandi Batang,Kebersihan,pcs,5000,0.0,5000,3600,25,0,125000,35000,105,0,80,0,0,2027-10-05,716,0,0
2025-10-20,Senin,SKU010,Sabun Mandi Batang,Kebersihan,pcs,5000,18.0,4100,3600,26,0,106600,13000,80,0,54,150,0,2027-10-05,715,0,0
2025-10-21,Selasa,SKU010,Sabun Mandi Batang,Kebersihan,pcs,5000,0.0,5000,3600,18,0,90000,25200,54,0,36,0,0,2027-10-05,714,0,0
2025-10-22,Rabu,SKU010,Sabun Mandi Batang,Kebersihan,pcs,5000,18.0,4100,3600,17,0,69700,8500,36,0,19,0,0,2027-10-05,713,0,0
2025-10-23,Kamis,SKU010,Sabun Mandi Batang,Kebersihan,pcs,5000,0.0,5000,3600,13,0,65000,18200,169,150,156,0,0,2027-10-13,720,0,0
2025-10-24,Jumat,SKU010,Sabun Mandi Batang,Kebersihan,pcs,5000,20.0,4000,3600,26,0,104000,10400,156,0,130,0,0,2027-10-13,719,0,0
2025-10-25,Sabtu,SKU010,Sabun Mandi Batang,Kebersihan,pcs,5000,0.0,5000,3600,16,0,80000,22400,130,0,114,0,0,2027-10-13,718,1,0
2025-10-26,Minggu,SKU010,Sabun Mandi Batang,Kebersihan,pcs,5000,0.0,5000,3600,24,0,120000,33600,114,0,90,0,0,2027-10-13,717,1,0
2025-10-27,Senin,SKU010,Sabun Mandi Batang,Kebersihan,pcs,5000,0.0,5000,3600,21,0,105000,29400,90,0,69,0,0,2027-10-13,716,1,0
2025-10-28,Selasa,SKU010,Sabun Mandi Batang,Kebersihan,pcs,5000,20.0,4000,3600,41,0,164000,16400,69,0,28,150,0,2027-10-13,715,1,0
2025-10-29,Rabu,SKU010,Sabun Mandi Batang,Kebersihan,pcs,5000,0.0,5000,3600,19,0,95000,26600,28,0,9,0,0,2027-10-13,714,1,0
2025-10-30,Kamis,SKU010,Sabun Mandi Batang,Kebersihan,pcs,5000,0.0,5000,3600,22,0,110000,30800,159,150,137,0,0,2027-10-20,720,1,0
2025-10-31,Jumat,SKU010,Sabun Mandi Batang,Kebersihan,pcs,5000,0.0,5000,3600,17,0,85000,23800,137,0,120,0,0,2027-10-20,719,1,0
2025-11-01,Sabtu,SKU010,Sabun Mandi Batang,Kebersihan,pcs,5000,0.0,5000,3600,29,0,145000,40600,120,0,91,0,0,2027-10-20,718,1,0
2025-11-02,Minggu,SKU010,Sabun Mandi Batang,Kebersihan,pcs,5000,0.0,5000,3600,26,0,130000,36400,91,0,65,0,0,2027-10-20,717,1,0
2025-11-03,Senin,SKU010,Sabun Mandi Batang,Kebersihan,pcs,5000,15.0,4200,3600,36,0,151200,21600,65,0,29,150,0,2027-10-20,716,1,0
2025-11-04,Selasa,SKU010,Sabun Mandi Batang,Kebersihan,pcs,5000,10.0,4500,3600,25,0,112500,22500,29,0,4,0,0,2027-10-20,715,1,0
2025-11-05,Rabu,SKU010,Sabun Mandi Batang,Kebersihan,pcs,5000,0.0,5000,3600,37,0,185000,51800,154,150,117,0,0,2027-10-26,720,1,0
2025-11-06,Kamis,SKU010,Sabun Mandi Batang,Kebersihan,pcs,5000,0.0,5000,3600,24,0,120000,33600,117,0,93,0,0,2027-10-26,719,0,0
2025-11-07,Jumat,SKU010,Sabun Mandi Batang,Kebersihan,pcs,5000,0.0,5000,3600,25,0,125000,35000,93,0,68,0,0,2027-10-26,718,0,0
2025-11-08,Sabtu,SKU010,Sabun Mandi Batang,Kebersihan,pcs,5000,12.0,4400,3600,25,0,110000,20000,68,0,43,150,0,2027-10-26,717,0,0
2025-11-09,Minggu,SKU010,Sabun Mandi Batang,Kebersihan,pcs,5000,0.0,5000,3600,23,0,115000,32200,193,150,170,0,0,2027-10-30,720,0,0
2025-11-10,Senin,SKU010,Sabun Mandi Batang,Kebersihan,pcs,5000,0.0,5000,3600,21,0,105000,29400,170,0,149,0,0,2027-10-30,719,0,0
2025-11-11,Selasa,SKU010,Sabun Mandi Batang,Kebersihan,pcs,5000,8.0,4600,3600,22,0,101200,22000,149,0,127,0,0,2027-10-30,718,0,0
2025-11-12,Rabu,SKU010,Sabun Mandi Batang,Kebersihan,pcs,5000,0.0,5000,3600,21,0,105000,29400,127,0,106,0,0,2027-10-30,717,0,0
2025-11-13,Kamis,SKU010,Sabun Mandi Batang,Kebersihan,pcs,5000,0.0,5000,3600,20,0,100000,28000,106,0,86,0,0,2027-10-30,716,0,0
2025-11-14,Jumat,SKU010,Sabun Mandi Batang,Kebersihan,pcs,5000,0.0,5000,3600,13,0,65000,18200,86,0,73,0,0,2027-10-30,715,0,0
2025-11-15,Sabtu,SKU010,Sabun Mandi Batang,Kebersihan,pcs,5000,0.0,5000,3600,30,0,150000,42000,73,0,43,150,0,2027-10-30,714,0,0
2025-11-16,Minggu,SKU010,Sabun Mandi Batang,Kebersihan,pcs,5000,0.0,5000,3600,24,0,120000,33600,193,150,169,0,0,2027-11-06,720,0,0
2025-11-17,Senin,SKU010,Sabun Mandi Batang,Kebersihan,pcs,5000,0.0,5000,3600,10,0,50000,14000,169,0,159,0,0,2027-11-06,719,0,0
2025-11-18,Selasa,SKU010,Sabun Mandi Batang,Kebersihan,pcs,5000,0.0,5000,3600,18,0,90000,25200,159,0,141,0,0,2027-11-06,718,0,0
2025-11-19,Rabu,SKU010,Sabun Mandi Batang,Kebersihan,pcs,5000,0.0,5000,3600,13,0,65000,18200,141,0,128,0,0,2027-11-06,717,0,0
2025-11-20,Kamis,SKU010,Sabun Mandi Batang,Kebersihan,pcs,5000,0.0,5000,3600,16,0,80000,22400,128,0,112,0,0,2027-11-06,716,0,0
2025-11-21,Jumat,SKU010,Sabun Mandi Batang,Kebersihan,pcs,5000,12.0,4400,3600,36,0,158400,28800,112,0,76,0,0,2027-11-06,715,0,0
2025-11-22,Sabtu,SKU010,Sabun Mandi Batang,Kebersihan,pcs,5000,15.0,4200,3600,31,0,130200,18600,76,0,45,150,0,2027-11-06,714,0,0
2025-11-23,Minggu,SKU010,Sabun Mandi Batang,Kebersihan,pcs,5000,0.0,5000,3600,20,0,100000,28000,195,150,175,0,0,2027-11-13,720,0,0
2025-11-24,Senin,SKU010,Sabun Mandi Batang,Kebersihan,pcs,5000,0.0,5000,3600,13,0,65000,18200,175,0,162,0,0,2027-11-13,719,0,0
2025-11-25,Selasa,SKU010,Sabun Mandi Batang,Kebersihan,pcs,5000,0.0,5000,3600,11,0,55000,15400,162,0,151,0,0,2027-11-13,718,1,0
2025-11-26,Rabu,SKU010,Sabun Mandi Batang,Kebersihan,pcs,5000,0.0,5000,3600,27,0,135000,37800,151,0,124,0,0,2027-11-13,717,1,0
2025-11-27,Kamis,SKU010,Sabun Mandi Batang,Kebersihan,pcs,5000,0.0,5000,3600,22,0,110000,30800,124,0,102,0,0,2027-11-13,716,1,0
2025-11-28,Jumat,SKU010,Sabun Mandi Batang,Kebersihan,pcs,5000,0.0,5000,3600,37,0,185000,51800,102,0,65,0,0,2027-11-13,715,1,0
2025-11-29,Sabtu,SKU010,Sabun Mandi Batang,Kebersihan,pcs,5000,0.0,5000,3600,34,0,170000,47600,65,0,31,150,0,2027-11-13,714,1,0
2025-11-30,Minggu,SKU010,Sabun Mandi Batang,Kebersihan,pcs,5000,8.0,4600,3600,38,0,174800,38000,181,150,143,0,0,2027-11-20,720,1,0
2025-12-01,Senin,SKU010,Sabun Mandi Batang,Kebersihan,pcs,5000,25.76,3700,3600,23,0,85100,2300,143,0,120,0,0,2027-11-20,719,1,0
2025-12-02,Selasa,SKU010,Sabun Mandi Batang,Kebersihan,pcs,5000,0.0,5000,3600,33,0,165000,46200,120,0,87,0,0,2027-11-20,718,1,0
2025-12-03,Rabu,SKU010,Sabun Mandi Batang,Kebersihan,pcs,5000,0.0,5000,3600,13,0,65000,18200,87,0,74,0,0,2027-11-20,717,1,0
2025-12-04,Kamis,SKU010,Sabun Mandi Batang,Kebersihan,pcs,5000,0.0,5000,3600,26,0,130000,36400,74,0,48,150,0,2027-11-20,716,1,0
2025-12-05,Jumat,SKU010,Sabun Mandi Batang,Kebersihan,pcs,5000,20.0,4000,3600,36,0,144000,14400,48,0,12,0,0,2027-11-20,715,1,0
2025-12-06,Sabtu,SKU010,Sabun Mandi Batang,Kebersihan,pcs,5000,0.0,5000,3600,12,25,60000,16800,12,0,0,0,0,2027-11-20,714,0,0
2025-12-07,Minggu,SKU010,Sabun Mandi Batang,Kebersihan,pcs,5000,0.0,5000,3600,29,0,145000,40600,150,150,121,0,0,2027-11-27,720,0,0
2025-12-08,Senin,SKU010,Sabun Mandi Batang,Kebersihan,pcs,5000,0.0,5000,3600,16,0,80000,22400,121,0,105,0,0,2027-11-27,719,0,0
2025-12-09,Selasa,SKU010,Sabun Mandi Batang,Kebersihan,pcs,5000,8.0,4600,3600,25,0,115000,25000,105,0,80,0,0,2027-11-27,718,0,0
2025-12-10,Rabu,SKU010,Sabun Mandi Batang,Kebersihan,pcs,5000,0.0,5000,3600,17,0,85000,23800,80,0,63,0,0,2027-11-27,717,0,0
2025-12-11,Kamis,SKU010,Sabun Mandi Batang,Kebersihan,pcs,5000,25.76,3700,3600,20,0,74000,2000,63,0,43,330,0,2027-11-27,716,0,0
2025-12-12,Jumat,SKU010,Sabun Mandi Batang,Kebersihan,pcs,5000,0.0,5000,3600,20,0,100000,28000,43,0,23,0,0,2027-11-27,715,0,0
2025-12-13,Sabtu,SKU010,Sabun Mandi Batang,Kebersihan,pcs,5000,15.0,4200,3600,26,0,109200,15600,353,330,327,0,0,2027-12-03,720,0,0
2025-12-14,Minggu,SKU010,Sabun Mandi Batang,Kebersihan,pcs,5000,0.0,5000,3600,17,0,85000,23800,327,0,310,0,0,2027-12-03,719,0,0
2025-12-15,Senin,SKU010,Sabun Mandi Batang,Kebersihan,pcs,5000,0.0,5000,3600,23,0,115000,32200,310,0,287,0,0,2027-12-03,718,0,0
2025-12-16,Selasa,SKU010,Sabun Mandi Batang,Kebersihan,pcs,5000,0.0,5000,3600,19,0,95000,26600,287,0,268,0,0,2027-12-03,717,0,0
2025-12-17,Rabu,SKU010,Sabun Mandi Batang,Kebersihan,pcs,5000,0.0,5000,3600,24,0,120000,33600,268,0,244,0,0,2027-12-03,716,0,0
2025-12-18,Kamis,SKU010,Sabun Mandi Batang,Kebersihan,pcs,5000,0.0,5000,3600,22,0,110000,30800,244,0,222,0,0,2027-12-03,715,0,0
2025-12-19,Jumat,SKU010,Sabun Mandi Batang,Kebersihan,pcs,5000,12.0,4400,3600,23,0,101200,18400,222,0,199,0,0,2027-12-03,714,0,0
2025-12-20,Sabtu,SKU010,Sabun Mandi Batang,Kebersihan,pcs,5000,0.0,5000,3600,20,0,100000,28000,199,0,179,0,0,2027-12-03,713,0,0
2025-12-21,Minggu,SKU010,Sabun Mandi Batang,Kebersihan,pcs,5000,0.0,5000,3600,24,0,120000,33600,179,0,155,0,0,2027-12-03,712,0,0
2025-12-22,Senin,SKU010,Sabun Mandi Batang,Kebersihan,pcs,5000,20.0,4000,3600,22,0,88000,8800,155,0,133,0,0,2027-12-03,711,0,0
2025-12-23,Selasa,SKU010,Sabun Mandi Batang,Kebersihan,pcs,5000,0.0,5000,3600,11,0,55000,15400,133,0,122,0,0,2027-12-03,710,0,0
2025-12-24,Rabu,SKU010,Sabun Mandi Batang,Kebersihan,pcs,5000,0.0,5000,3600,27,0,135000,37800,122,0,95,0,0,2027-12-03,709,0,0
2025-12-25,Kamis,SKU010,Sabun Mandi Batang,Kebersihan,pcs,5000,20.0,4000,3600,22,0,88000,8800,95,0,73,0,0,2027-12-03,708,1,0
2025-12-26,Jumat,SKU010,Sabun Mandi Batang,Kebersihan,pcs,5000,20.0,4000,3600,45,0,180000,18000,73,0,28,150,0,2027-12-03,707,1,0
2025-12-27,Sabtu,SKU010,Sabun Mandi Batang,Kebersihan,pcs,5000,0.0,5000,3600,27,0,135000,37800,28,0,1,0,0,2027-12-03,706,1,0
2025-12-28,Minggu,SKU010,Sabun Mandi Batang,Kebersihan,pcs,5000,0.0,5000,3600,24,0,120000,33600,151,150,127,0,0,2027-12-18,720,1,0
2025-12-29,Senin,SKU010,Sabun Mandi Batang,Kebersihan,pcs,5000,20.0,4000,3600,29,0,116000,11600,127,0,98,0,0,2027-12-18,719,1,0
2025-12-30,Selasa,SKU010,Sabun Mandi Batang,Kebersihan,pcs,5000,25.0,3800,3600,30,0,114000,6000,98,0,68,0,0,2027-12-18,718,1,0
2025-12-31,Rabu,SKU010,Sabun Mandi Batang,Kebersihan,pcs,5000,0.0,5000,3600,13,0,65000,18200,68,0,55,150,0,2027-12-18,717,1,0
2026-01-01,Kamis,SKU010,Sabun Mandi Batang,Kebersihan,pcs,5000,0.0,5000,3600,25,0,125000,35000,205,150,180,0,0,2027-12-22,720,1,0
2026-01-02,Jumat,SKU010,Sabun Mandi Batang,Kebersihan,pcs,5000,0.0,5000,3600,33,0,165000,46200,180,0,147,0,0,2027-12-22,719,1,0
2026-01-03,Sabtu,SKU010,Sabun Mandi Batang,Kebersihan,pcs,5000,0.0,5000,3600,30,0,150000,42000,147,0,117,0,0,2027-12-22,718,1,0
2026-01-04,Minggu,SKU010,Sabun Mandi Batang,Kebersihan,pcs,5000,0.0,5000,3600,24,0,120000,33600,117,0,93,0,0,2027-12-22,717,1,0
2026-01-05,Senin,SKU010,Sabun Mandi Batang,Kebersihan,pcs,5000,0.0,5000,3600,21,0,105000,29400,93,0,72,0,0,2027-12-22,716,1,0
2026-01-06,Selasa,SKU010,Sabun Mandi Batang,Kebersihan,pcs,5000,0.0,5000,3600,14,0,70000,19600,72,0,58,0,0,2027-12-22,715,0,0
2026-01-07,Rabu,SKU010,Sabun Mandi Batang,Kebersihan,pcs,5000,0.0,5000,3600,15,0,75000,21000,58,0,43,150,0,2027-12-22,714,0,0
2026-01-08,Kamis,SKU010,Sabun Mandi Batang,Kebersihan,pcs,5000,5.0,4800,3600,26,0,124800,31200,43,0,17,0,0,2027-12-22,713,0,0
2026-01-09,Jumat,SKU010,Sabun Mandi Batang,Kebersihan,pcs,5000,0.0,5000,3600,21,0,105000,29400,167,150,146,0,0,2027-12-30,720,0,0
2026-01-10,Sabtu,SKU010,Sabun Mandi Batang,Kebersihan,pcs,5000,8.0,4600,3600,29,0,133400,29000,146,0,117,0,0,2027-12-30,719,0,0
2026-01-11,Minggu,SKU010,Sabun Mandi Batang,Kebersihan,pcs,5000,0.0,5000,3600,20,0,100000,28000,117,0,97,0,0,2027-12-30,718,0,0
2026-01-12,Senin,SKU010,Sabun Mandi Batang,Kebersihan,pcs,5000,0.0,5000,3600,18,0,90000,25200,97,0,79,0,0,2027-12-30,717,0,0
2026-01-13,Selasa,SKU010,Sabun Mandi Batang,Kebersihan,pcs,5000,20.0,4000,3600,25,0,100000,10000,79,0,54,150,0,2027-12-30,716,0,0
2026-01-14,Rabu,SKU010,Sabun Mandi Batang,Kebersihan,pcs,5000,0.0,5000,3600,21,0,105000,29400,204,150,183,0,0,2028-01-04,720,0,0
2026-01-15,Kamis,SKU010,Sabun Mandi Batang,Kebersihan,pcs,5000,0.0,5000,3600,20,0,100000,28000,183,0,163,0,0,2028-01-04,719,0,0
2026-01-16,Jumat,SKU010,Sabun Mandi Batang,Kebersihan,pcs,5000,0.0,5000,3600,24,0,120000,33600,163,0,139,0,0,2028-01-04,718,0,0
2026-01-17,Sabtu,SKU010,Sabun Mandi Batang,Kebersihan,pcs,5000,0.0,5000,3600,21,0,105000,29400,139,0,118,0,0,2028-01-04,717,0,0
2026-01-18,Minggu,SKU010,Sabun Mandi Batang,Kebersihan,pcs,5000,0.0,5000,3600,23,0,115000,32200,118,0,95,0,0,2028-01-04,716,0,0
2026-01-19,Senin,SKU010,Sabun Mandi Batang,Kebersihan,pcs,5000,0.0,5000,3600,21,0,105000,29400,95,0,74,0,0,2028-01-04,715,0,0
2026-01-20,Selasa,SKU010,Sabun Mandi Batang,Kebersihan,pcs,5000,0.0,5000,3600,23,0,115000,32200,74,0,51,150,0,2028-01-04,714,0,0
2026-01-21,Rabu,SKU010,Sabun Mandi Batang,Kebersihan,pcs,5000,0.0,5000,3600,19,0,95000,26600,201,150,182,0,0,2028-01-11,720,0,0
2026-01-22,Kamis,SKU010,Sabun Mandi Batang,Kebersihan,pcs,5000,0.0,5000,3600,17,0,85000,23800,182,0,165,0,0,2028-01-11,719,0,0
2026-01-23,Jumat,SKU010,Sabun Mandi Batang,Kebersihan,pcs,5000,0.0,5000,3600,27,0,135000,37800,165,0,138,0,0,2028-01-11,718,0,0
2026-01-24,Sabtu,SKU010,Sabun Mandi Batang,Kebersihan,pcs,5000,12.0,4400,3600,25,0,110000,20000,138,0,113,0,0,2028-01-11,717,0,0
2026-01-25,Minggu,SKU010,Sabun Mandi Batang,Kebersihan,pcs,5000,25.76,3700,3600,56,0,207200,5600,113,0,57,0,0,2028-01-11,716,1,0
2026-01-26,Senin,SKU010,Sabun Mandi Batang,Kebersihan,pcs,5000,0.0,5000,3600,18,0,90000,25200,57,0,39,150,0,2028-01-11,715,1,0
2026-01-27,Selasa,SKU010,Sabun Mandi Batang,Kebersihan,pcs,5000,0.0,5000,3600,31,0,155000,43400,39,0,8,0,0,2028-01-11,714,1,0
2026-01-28,Rabu,SKU010,Sabun Mandi Batang,Kebersihan,pcs,5000,0.0,5000,3600,23,0,115000,32200,158,150,135,0,0,2028-01-18,720,1,0
2026-01-29,Kamis,SKU010,Sabun Mandi Batang,Kebersihan,pcs,5000,0.0,5000,3600,30,0,150000,42000,135,0,105,0,0,2028-01-18,719,1,0
2026-01-30,Jumat,SKU010,Sabun Mandi Batang,Kebersihan,pcs,5000,0.0,5000,3600,36,0,180000,50400,105,0,69,0,0,2028-01-18,718,1,0
2026-01-31,Sabtu,SKU010,Sabun Mandi Batang,Kebersihan,pcs,5000,0.0,5000,3600,34,0,170000,47600,69,0,35,150,0,2028-01-18,717,1,0
2026-02-01,Minggu,SKU010,Sabun Mandi Batang,Kebersihan,pcs,5000,12.0,4400,3600,28,0,123200,22400,35,0,7,0,0,2028-01-18,716,1,0
2026-02-02,Senin,SKU010,Sabun Mandi Batang,Kebersihan,pcs,5000,0.0,5000,3600,7,10,35000,9800,7,0,0,0,0,2028-01-18,715,1,0
2026-02-03,Selasa,SKU010,Sabun Mandi Batang,Kebersihan,pcs,5000,0.0,5000,3600,21,0,105000,29400,150,150,129,0,0,2028-01-24,720,1,0
2026-02-04,Rabu,SKU010,Sabun Mandi Batang,Kebersihan,pcs,5000,0.0,5000,3600,28,0,140000,39200,129,0,101,0,0,2028-01-24,719,1,0
2026-02-05,Kamis,SKU010,Sabun Mandi Batang,Kebersihan,pcs,5000,0.0,5000,3600,31,0,155000,43400,101,0,70,0,0,2028-01-24,718,1,0
2026-02-06,Jumat,SKU010,Sabun Mandi Batang,Kebersihan,pcs,5000,0.0,5000,3600,22,0,110000,30800,70,0,48,150,0,2028-01-24,717,0,0
2026-02-07,Sabtu,SKU010,Sabun Mandi Batang,Kebersihan,pcs,5000,0.0,5000,3600,16,0,80000,22400,48,0,32,0,0,2028-01-24,716,0,0
2026-02-08,Minggu,SKU010,Sabun Mandi Batang,Kebersihan,pcs,5000,0.0,5000,3600,18,0,90000,25200,182,150,164,0,0,2028-01-29,720,0,0
2026-02-09,Senin,SKU010,Sabun Mandi Batang,Kebersihan,pcs,5000,0.0,5000,3600,10,0,50000,14000,164,0,154,0,0,2028-01-29,719,0,0
2026-02-10,Selasa,SKU010,Sabun Mandi Batang,Kebersihan,pcs,5000,0.0,5000,3600,19,0,95000,26600,154,0,135,0,0,2028-01-29,718,0,0
2026-02-11,Rabu,SKU010,Sabun Mandi Batang,Kebersihan,pcs,5000,0.0,5000,3600,27,0,135000,37800,135,0,108,0,0,2028-01-29,717,0,0
2026-02-12,Kamis,SKU010,Sabun Mandi Batang,Kebersihan,pcs,5000,0.0,5000,3600,18,0,90000,25200,108,0,90,0,0,2028-01-29,716,0,0
2026-02-13,Jumat,SKU010,Sabun Mandi Batang,Kebersihan,pcs,5000,25.0,3800,3600,27,0,102600,5400,90,0,63,0,0,2028-01-29,715,0,0
2026-02-14,Sabtu,SKU010,Sabun Mandi Batang,Kebersihan,pcs,5000,18.0,4100,3600,31,0,127100,15500,63,0,32,150,0,2028-01-29,714,0,0
2026-02-15,Minggu,SKU010,Sabun Mandi Batang,Kebersihan,pcs,5000,0.0,5000,3600,21,0,105000,29400,182,150,161,0,0,2028-02-05,720,0,0
2026-02-16,Senin,SKU010,Sabun Mandi Batang,Kebersihan,pcs,5000,0.0,5000,3600,23,0,115000,32200,161,0,138,0,0,2028-02-05,719,0,0
2026-02-17,Selasa,SKU010,Sabun Mandi Batang,Kebersihan,pcs,5000,0.0,5000,3600,21,0,105000,29400,138,0,117,0,0,2028-02-05,718,0,1
2026-02-18,Rabu,SKU010,Sabun Mandi Batang,Kebersihan,pcs,5000,0.0,5000,3600,27,0,135000,37800,117,0,90,0,0,2028-02-05,717,0,1
2026-02-19,Kamis,SKU010,Sabun Mandi Batang,Kebersihan,pcs,5000,8.0,4600,3600,25,0,115000,25000,90,0,65,0,0,2028-02-05,716,0,1
2026-02-20,Jumat,SKU010,Sabun Mandi Batang,Kebersihan,pcs,5000,0.0,5000,3600,22,0,110000,30800,65,0,43,150,0,2028-02-05,715,0,1
2026-02-21,Sabtu,SKU010,Sabun Mandi Batang,Kebersihan,pcs,5000,25.76,3700,3600,43,9,159100,4300,43,0,0,0,0,2028-02-05,714,0,1
2026-02-22,Minggu,SKU010,Sabun Mandi Batang,Kebersihan,pcs,5000,0.0,5000,3600,22,0,110000,30800,150,150,128,0,0,2028-02-12,720,0,1
2026-02-23,Senin,SKU010,Sabun Mandi Batang,Kebersihan,pcs,5000,0.0,5000,3600,16,0,80000,22400,128,0,112,0,0,2028-02-12,719,0,1
2026-02-24,Selasa,SKU010,Sabun Mandi Batang,Kebersihan,pcs,5000,0.0,5000,3600,25,0,125000,35000,112,0,87,0,0,2028-02-12,718,0,1
2026-02-25,Rabu,SKU010,Sabun Mandi Batang,Kebersihan,pcs,5000,0.0,5000,3600,35,0,175000,49000,87,0,52,150,0,2028-02-12,717,1,1
2026-02-26,Kamis,SKU010,Sabun Mandi Batang,Kebersihan,pcs,5000,0.0,5000,3600,42,0,210000,58800,202,150,160,0,0,2028-02-16,720,1,1
2026-02-27,Jumat,SKU010,Sabun Mandi Batang,Kebersihan,pcs,5000,0.0,5000,3600,44,0,220000,61600,160,0,116,0,0,2028-02-16,719,1,1
2026-02-28,Sabtu,SKU010,Sabun Mandi Batang,Kebersihan,pcs,5000,0.0,5000,3600,34,0,170000,47600,116,0,82,0,0,2028-02-16,718,1,1
2026-03-01,Minggu,SKU010,Sabun Mandi Batang,Kebersihan,pcs,5000,0.0,5000,3600,28,0,140000,39200,82,0,54,330,0,2028-02-16,717,1,1
2026-03-02,Senin,SKU010,Sabun Mandi Batang,Kebersihan,pcs,5000,8.0,4600,3600,23,0,105800,23000,54,0,31,0,0,2028-02-16,716,1,1
2026-03-03,Selasa,SKU010,Sabun Mandi Batang,Kebersihan,pcs,5000,0.0,5000,3600,26,0,130000,36400,31,0,5,0,0,2028-02-16,715,1,1
2026-03-04,Rabu,SKU010,Sabun Mandi Batang,Kebersihan,pcs,5000,20.0,4000,3600,50,0,200000,20000,335,330,285,0,0,2028-02-22,720,1,1
2026-03-05,Kamis,SKU010,Sabun Mandi Batang,Kebersihan,pcs,5000,5.0,4800,3600,24,0,115200,28800,285,0,261,0,0,2028-02-22,719,1,1
2026-03-06,Jumat,SKU010,Sabun Mandi Batang,Kebersihan,pcs,5000,0.0,5000,3600,39,0,195000,54600,261,0,222,0,0,2028-02-22,718,0,1
2026-03-07,Sabtu,SKU010,Sabun Mandi Batang,Kebersihan,pcs,5000,0.0,5000,3600,43,0,215000,60200,222,0,179,0,0,2028-02-22,717,0,1
2026-03-08,Minggu,SKU010,Sabun Mandi Batang,Kebersihan,pcs,5000,0.0,5000,3600,36,0,180000,50400,179,0,143,0,0,2028-02-22,716,0,1
2026-03-09,Senin,SKU010,Sabun Mandi Batang,Kebersihan,pcs,5000,0.0,5000,3600,19,0,95000,26600,143,0,124,0,0,2028-02-22,715,0,1
2026-03-10,Selasa,SKU010,Sabun Mandi Batang,Kebersihan,pcs,5000,18.0,4100,3600,38,0,155800,19000,124,0,86,0,0,2028-02-22,714,0,1
2026-03-11,Rabu,SKU010,Sabun Mandi Batang,Kebersihan,pcs,5000,25.76,3700,3600,18,0,66600,1800,86,0,68,0,0,2028-02-22,713,0,1
2026-03-12,Kamis,SKU010,Sabun Mandi Batang,Kebersihan,pcs,5000,0.0,5000,3600,25,0,125000,35000,68,0,43,150,0,2028-02-22,712,0,1
2026-03-13,Jumat,SKU010,Sabun Mandi Batang,Kebersihan,pcs,5000,0.0,5000,3600,28,0,140000,39200,43,0,15,0,0,2028-02-22,711,0,1
2026-03-14,Sabtu,SKU010,Sabun Mandi Batang,Kebersihan,pcs,5000,0.0,5000,3600,30,0,150000,42000,165,150,135,0,0,2028-03-03,720,0,1
2026-03-15,Minggu,SKU010,Sabun Mandi Batang,Kebersihan,pcs,5000,0.0,5000,3600,31,0,155000,43400,135,0,104,0,0,2028-03-03,719,0,1
2026-03-16,Senin,SKU010,Sabun Mandi Batang,Kebersihan,pcs,5000,0.0,5000,3600,26,0,130000,36400,104,0,78,0,0,2028-03-03,718,0,1
2026-03-17,Selasa,SKU010,Sabun Mandi Batang,Kebersihan,pcs,5000,0.0,5000,3600,23,0,115000,32200,78,0,55,150,0,2028-03-03,717,0,1
2026-03-18,Rabu,SKU010,Sabun Mandi Batang,Kebersihan,pcs,5000,15.0,4200,3600,19,0,79800,11400,205,150,186,0,0,2028-03-07,720,0,1
2026-03-19,Kamis,SKU010,Sabun Mandi Batang,Kebersihan,pcs,5000,0.0,5000,3600,21,0,105000,29400,186,0,165,0,0,2028-03-07,719,0,1
2026-03-20,Jumat,SKU010,Sabun Mandi Batang,Kebersihan,pcs,5000,5.0,4800,3600,18,0,86400,21600,165,0,147,0,0,2028-03-07,718,0,0
2026-03-21,Sabtu,SKU010,Sabun Mandi Batang,Kebersihan,pcs,5000,0.0,5000,3600,15,0,75000,21000,147,0,132,0,0,2028-03-07,717,0,0
2026-03-22,Minggu,SKU010,Sabun Mandi Batang,Kebersihan,pcs,5000,5.0,4800,3600,19,0,91200,22800,132,0,113,0,0,2028-03-07,716,0,0
2026-03-23,Senin,SKU010,Sabun Mandi Batang,Kebersihan,pcs,5000,8.0,4600,3600,14,0,64400,14000,113,0,99,0,0,2028-03-07,715,0,0
2026-03-24,Selasa,SKU010,Sabun Mandi Batang,Kebersihan,pcs,5000,8.0,4600,3600,10,0,46000,10000,99,0,89,0,0,2028-03-07,714,0,0
2026-03-25,Rabu,SKU010,Sabun Mandi Batang,Kebersihan,pcs,5000,0.0,5000,3600,9,0,45000,12600,89,0,80,0,0,2028-03-07,713,1,0
2026-03-26,Kamis,SKU010,Sabun Mandi Batang,Kebersihan,pcs,5000,0.0,5000,3600,16,0,80000,22400,80,0,64,0,0,2028-03-07,712,1,0
2026-03-27,Jumat,SKU010,Sabun Mandi Batang,Kebersihan,pcs,5000,0.0,5000,3600,28,0,140000,39200,64,0,36,150,0,2028-03-07,711,1,0
2026-03-28,Sabtu,SKU010,Sabun Mandi Batang,Kebersihan,pcs,5000,0.0,5000,3600,25,0,125000,35000,36,0,11,0,0,2028-03-07,710,1,0
2026-03-29,Minggu,SKU010,Sabun Mandi Batang,Kebersihan,pcs,5000,18.0,4100,3600,50,0,205000,25000,161,150,111,0,0,2028-03-18,720,1,0
2026-03-30,Senin,SKU010,Sabun Mandi Batang,Kebersihan,pcs,5000,0.0,5000,3600,21,0,105000,29400,111,0,90,0,0,2028-03-18,719,1,0
2026-03-31,Selasa,SKU010,Sabun Mandi Batang,Kebersihan,pcs,5000,8.0,4600,3600,36,0,165600,36000,90,0,54,150,0,2028-03-18,718,1,0
2026-04-01,Rabu,SKU010,Sabun Mandi Batang,Kebersihan,pcs,5000,0.0,5000,3600,30,0,150000,42000,204,150,174,0,0,2028-03-21,720,1,0
2026-04-02,Kamis,SKU010,Sabun Mandi Batang,Kebersihan,pcs,5000,0.0,5000,3600,31,0,155000,43400,174,0,143,0,0,2028-03-21,719,1,0
2026-04-03,Jumat,SKU010,Sabun Mandi Batang,Kebersihan,pcs,5000,0.0,5000,3600,38,0,190000,53200,143,0,105,0,0,2028-03-21,718,1,0
2026-04-04,Sabtu,SKU010,Sabun Mandi Batang,Kebersihan,pcs,5000,0.0,5000,3600,19,0,95000,26600,105,0,86,0,0,2028-03-21,717,1,0
2026-04-05,Minggu,SKU010,Sabun Mandi Batang,Kebersihan,pcs,5000,0.0,5000,3600,36,0,180000,50400,86,0,50,150,0,2028-03-21,716,1,0
2026-04-06,Senin,SKU010,Sabun Mandi Batang,Kebersihan,pcs,5000,8.0,4600,3600,22,0,101200,22000,50,0,28,0,0,2028-03-21,715,0,0
2026-04-07,Selasa,SKU010,Sabun Mandi Batang,Kebersihan,pcs,5000,0.0,5000,3600,22,0,110000,30800,28,0,6,0,0,2028-03-21,714,0,0
2026-04-08,Rabu,SKU010,Sabun Mandi Batang,Kebersihan,pcs,5000,0.0,5000,3600,21,0,105000,29400,156,150,135,0,0,2028-03-28,720,0,0
2026-04-09,Kamis,SKU010,Sabun Mandi Batang,Kebersihan,pcs,5000,0.0,5000,3600,24,0,120000,33600,135,0,111,0,0,2028-03-28,719,0,0
2026-04-10,Jumat,SKU010,Sabun Mandi Batang,Kebersihan,pcs,5000,0.0,5000,3600,40,0,200000,56000,111,0,71,0,0,2028-03-28,718,0,0
2026-04-11,Sabtu,SKU010,Sabun Mandi Batang,Kebersihan,pcs,5000,10.0,4500,3600,34,0,153000,30600,71,0,37,150,0,2028-03-28,717,0,0
2026-04-12,Minggu,SKU010,Sabun Mandi Batang,Kebersihan,pcs,5000,0.0,5000,3600,24,0,120000,33600,37,0,13,0,0,2028-03-28,716,0,0
2026-04-13,Senin,SKU010,Sabun Mandi Batang,Kebersihan,pcs,5000,20.0,4000,3600,13,7,52000,5200,13,0,0,0,0,2028-03-28,715,0,0
2026-04-14,Selasa,SKU010,Sabun Mandi Batang,Kebersihan,pcs,5000,5.0,4800,3600,19,0,91200,22800,150,150,131,0,0,2028-04-03,720,0,0
2026-04-15,Rabu,SKU010,Sabun Mandi Batang,Kebersihan,pcs,5000,0.0,5000,3600,22,0,110000,30800,131,0,109,0,0,2028-04-03,719,0,0
2026-04-16,Kamis,SKU010,Sabun Mandi Batang,Kebersihan,pcs,5000,0.0,5000,3600,23,0,115000,32200,109,0,86,0,0,2028-04-03,718,0,0
2026-04-17,Jumat,SKU010,Sabun Mandi Batang,Kebersihan,pcs,5000,0.0,5000,3600,26,0,130000,36400,86,0,60,0,0,2028-04-03,717,0,0
2026-04-18,Sabtu,SKU010,Sabun Mandi Batang,Kebersihan,pcs,5000,0.0,5000,3600,22,0,110000,30800,60,0,38,150,0,2028-04-03,716,0,0
2026-04-19,Minggu,SKU010,Sabun Mandi Batang,Kebersihan,pcs,5000,0.0,5000,3600,22,0,110000,30800,188,150,166,0,0,2028-04-08,720,0,0
2026-04-20,Senin,SKU010,Sabun Mandi Batang,Kebersihan,pcs,5000,0.0,5000,3600,14,0,70000,19600,166,0,152,0,0,2028-04-08,719,0,0
2026-04-21,Selasa,SKU010,Sabun Mandi Batang,Kebersihan,pcs,5000,0.0,5000,3600,25,0,125000,35000,152,0,127,0,0,2028-04-08,718,0,0
2026-04-22,Rabu,SKU010,Sabun Mandi Batang,Kebersihan,pcs,5000,0.0,5000,3600,20,0,100000,28000,127,0,107,0,0,2028-04-08,717,0,0
2026-04-23,Kamis,SKU010,Sabun Mandi Batang,Kebersihan,pcs,5000,0.0,5000,3600,12,0,60000,16800,107,0,95,0,0,2028-04-08,716,0,0
2026-04-24,Jumat,SKU010,Sabun Mandi Batang,Kebersihan,pcs,5000,0.0,5000,3600,24,0,120000,33600,95,0,71,0,0,2028-04-08,715,0,0
2026-04-25,Sabtu,SKU010,Sabun Mandi Batang,Kebersihan,pcs,5000,0.0,5000,3600,29,0,145000,40600,71,0,42,150,0,2028-04-08,714,1,0
2026-04-26,Minggu,SKU010,Sabun Mandi Batang,Kebersihan,pcs,5000,0.0,5000,3600,30,0,150000,42000,192,150,162,0,0,2028-04-15,720,1,0
2026-04-27,Senin,SKU010,Sabun Mandi Batang,Kebersihan,pcs,5000,0.0,5000,3600,17,0,85000,23800,162,0,145,0,0,2028-04-15,719,1,0
2026-04-28,Selasa,SKU010,Sabun Mandi Batang,Kebersihan,pcs,5000,0.0,5000,3600,32,0,160000,44800,145,0,113,0,0,2028-04-15,718,1,0
2026-04-29,Rabu,SKU010,Sabun Mandi Batang,Kebersihan,pcs,5000,0.0,5000,3600,31,0,155000,43400,113,0,82,0,0,2028-04-15,717,1,0
2026-04-30,Kamis,SKU010,Sabun Mandi Batang,Kebersihan,pcs,5000,0.0,5000,3600,36,0,180000,50400,82,0,46,150,0,2028-04-15,716,1,0
2026-05-01,Jumat,SKU010,Sabun Mandi Batang,Kebersihan,pcs,5000,0.0,5000,3600,28,0,140000,39200,196,150,168,0,0,2028-04-20,720,1,0
2026-05-02,Sabtu,SKU010,Sabun Mandi Batang,Kebersihan,pcs,5000,5.0,4800,3600,35,0,168000,42000,168,0,133,0,0,2028-04-20,719,1,0
2026-05-03,Minggu,SKU010,Sabun Mandi Batang,Kebersihan,pcs,5000,0.0,5000,3600,29,0,145000,40600,133,0,104,0,0,2028-04-20,718,1,0
2026-05-04,Senin,SKU010,Sabun Mandi Batang,Kebersihan,pcs,5000,0.0,5000,3600,32,0,160000,44800,104,0,72,0,0,2028-04-20,717,1,0
2026-05-05,Selasa,SKU010,Sabun Mandi Batang,Kebersihan,pcs,5000,0.0,5000,3600,31,0,155000,43400,72,0,41,150,0,2028-04-20,716,1,0
2026-05-06,Rabu,SKU010,Sabun Mandi Batang,Kebersihan,pcs,5000,5.0,4800,3600,19,0,91200,22800,41,0,22,0,0,2028-04-20,715,0,0
2026-05-07,Kamis,SKU010,Sabun Mandi Batang,Kebersihan,pcs,5000,0.0,5000,3600,19,0,95000,26600,22,0,3,0,0,2028-04-20,714,0,0
2026-05-08,Jumat,SKU010,Sabun Mandi Batang,Kebersihan,pcs,5000,0.0,5000,3600,33,0,165000,46200,153,150,120,0,0,2028-04-27,720,0,0
2026-05-09,Sabtu,SKU010,Sabun Mandi Batang,Kebersihan,pcs,5000,18.0,4100,3600,42,0,172200,21000,120,0,78,0,0,2028-04-27,719,0,0
2026-05-10,Minggu,SKU010,Sabun Mandi Batang,Kebersihan,pcs,5000,20.0,4000,3600,40,0,160000,16000,78,0,38,150,0,2028-04-27,718,0,0
2026-05-11,Senin,SKU010,Sabun Mandi Batang,Kebersihan,pcs,5000,0.0,5000,3600,19,0,95000,26600,38,0,19,0,0,2028-04-27,717,0,0
2026-05-12,Selasa,SKU010,Sabun Mandi Batang,Kebersihan,pcs,5000,0.0,5000,3600,12,0,60000,16800,169,150,157,0,0,2028-05-01,720,0,0
2026-05-13,Rabu,SKU010,Sabun Mandi Batang,Kebersihan,pcs,5000,0.0,5000,3600,15,0,75000,21000,157,0,142,0,0,2028-05-01,719,0,0
2026-05-14,Kamis,SKU010,Sabun Mandi Batang,Kebersihan,pcs,5000,25.76,3700,3600,33,0,122100,3300,142,0,109,0,0,2028-05-01,718,0,0
2026-05-15,Jumat,SKU010,Sabun Mandi Batang,Kebersihan,pcs,5000,0.0,5000,3600,17,0,85000,23800,109,0,92,0,0,2028-05-01,717,0,0
2026-05-16,Sabtu,SKU010,Sabun Mandi Batang,Kebersihan,pcs,5000,0.0,5000,3600,20,0,100000,28000,92,0,72,0,0,2028-05-01,716,0,0
2026-05-17,Minggu,SKU010,Sabun Mandi Batang,Kebersihan,pcs,5000,8.0,4600,3600,27,0,124200,27000,72,0,45,150,0,2028-05-01,715,0,0
2026-05-18,Senin,SKU010,Sabun Mandi Batang,Kebersihan,pcs,5000,20.0,4000,3600,18,0,72000,7200,45,0,27,0,0,2028-05-01,714,0,0
2026-05-19,Selasa,SKU010,Sabun Mandi Batang,Kebersihan,pcs,5000,0.0,5000,3600,14,0,70000,19600,177,150,163,0,0,2028-05-08,720,0,0
2026-05-20,Rabu,SKU010,Sabun Mandi Batang,Kebersihan,pcs,5000,0.0,5000,3600,15,0,75000,21000,163,0,148,0,0,2028-05-08,719,0,0
2026-05-21,Kamis,SKU010,Sabun Mandi Batang,Kebersihan,pcs,5000,0.0,5000,3600,20,0,100000,28000,148,0,128,0,0,2028-05-08,718,0,0
2026-05-22,Jumat,SKU010,Sabun Mandi Batang,Kebersihan,pcs,5000,5.0,4800,3600,30,0,144000,36000,128,0,98,0,0,2028-05-08,717,0,0
2026-05-23,Sabtu,SKU010,Sabun Mandi Batang,Kebersihan,pcs,5000,18.0,4100,3600,32,0,131200,16000,98,0,66,0,0,2028-05-08,716,0,0
2026-05-24,Minggu,SKU010,Sabun Mandi Batang,Kebersihan,pcs,5000,0.0,5000,3600,20,0,100000,28000,66,0,46,150,0,2028-05-08,715,0,0
2026-05-25,Senin,SKU010,Sabun Mandi Batang,Kebersihan,pcs,5000,0.0,5000,3600,22,0,110000,30800,196,150,174,0,0,2028-05-14,720,1,0
2026-05-26,Selasa,SKU010,Sabun Mandi Batang,Kebersihan,pcs,5000,0.0,5000,3600,29,0,145000,40600,174,0,145,0,0,2028-05-14,719,1,0
2026-05-27,Rabu,SKU010,Sabun Mandi Batang,Kebersihan,pcs,5000,0.0,5000,3600,34,0,170000,47600,145,0,111,0,0,2028-05-14,718,1,0
2026-05-28,Kamis,SKU010,Sabun Mandi Batang,Kebersihan,pcs,5000,15.0,4200,3600,33,0,138600,19800,111,0,78,0,0,2028-05-14,717,1,0
2026-05-29,Jumat,SKU010,Sabun Mandi Batang,Kebersihan,pcs,5000,0.0,5000,3600,28,0,140000,39200,78,0,50,150,0,2028-05-14,716,1,0
2026-05-30,Sabtu,SKU010,Sabun Mandi Batang,Kebersihan,pcs,5000,25.0,3800,3600,36,0,136800,7200,50,0,14,0,0,2028-05-14,715,1,0
2026-05-31,Minggu,SKU010,Sabun Mandi Batang,Kebersihan,pcs,5000,25.0,3800,3600,36,0,136800,7200,164,150,128,0,0,2028-05-20,720,1,0
2026-06-01,Senin,SKU010,Sabun Mandi Batang,Kebersihan,pcs,5000,0.0,5000,3600,13,0,65000,18200,128,0,115,0,0,2028-05-20,719,1,0
2026-06-02,Selasa,SKU010,Sabun Mandi Batang,Kebersihan,pcs,5000,25.0,3800,3600,21,0,79800,4200,115,0,94,0,0,2028-05-20,718,1,0
2026-06-03,Rabu,SKU010,Sabun Mandi Batang,Kebersihan,pcs,5000,8.0,4600,3600,22,0,101200,22000,94,0,72,0,0,2028-05-20,717,1,0
2026-06-04,Kamis,SKU010,Sabun Mandi Batang,Kebersihan,pcs,5000,0.0,5000,3600,23,0,115000,32200,72,0,49,150,0,2028-05-20,716,1,0
2026-06-05,Jumat,SKU010,Sabun Mandi Batang,Kebersihan,pcs,5000,10.0,4500,3600,39,0,175500,35100,199,150,160,0,0,2028-05-25,720,1,0
2026-06-06,Sabtu,SKU010,Sabun Mandi Batang,Kebersihan,pcs,5000,0.0,5000,3600,44,0,220000,61600,160,0,116,0,0,2028-05-25,719,0,0
2026-06-07,Minggu,SKU010,Sabun Mandi Batang,Kebersihan,pcs,5000,0.0,5000,3600,20,0,100000,28000,116,0,96,0,0,2028-05-25,718,0,0
2026-06-08,Senin,SKU010,Sabun Mandi Batang,Kebersihan,pcs,5000,0.0,5000,3600,19,0,95000,26600,96,0,77,0,0,2028-05-25,717,0,0
2026-06-09,Selasa,SKU010,Sabun Mandi Batang,Kebersihan,pcs,5000,0.0,5000,3600,29,0,145000,40600,77,0,48,150,0,2028-05-25,716,0,0
2026-06-10,Rabu,SKU010,Sabun Mandi Batang,Kebersihan,pcs,5000,12.0,4400,3600,26,0,114400,20800,198,150,172,0,0,2028-05-30,720,0,0
2026-06-11,Kamis,SKU010,Sabun Mandi Batang,Kebersihan,pcs,5000,0.0,5000,3600,21,0,105000,29400,172,0,151,0,0,2028-05-30,719,0,0
2026-06-12,Jumat,SKU010,Sabun Mandi Batang,Kebersihan,pcs,5000,0.0,5000,3600,35,0,175000,49000,151,0,116,0,0,2028-05-30,718,0,0
2026-06-13,Sabtu,SKU010,Sabun Mandi Batang,Kebersihan,pcs,5000,0.0,5000,3600,22,0,110000,30800,116,0,94,0,0,2028-05-30,717,0,0
2026-06-14,Minggu,SKU010,Sabun Mandi Batang,Kebersihan,pcs,5000,15.0,4200,3600,29,0,121800,17400,94,0,65,0,0,2028-05-30,716,0,0
2026-06-15,Senin,SKU010,Sabun Mandi Batang,Kebersihan,pcs,5000,0.0,5000,3600,21,0,105000,29400,65,0,44,150,0,2028-05-30,715,0,0
2026-06-16,Selasa,SKU010,Sabun Mandi Batang,Kebersihan,pcs,5000,25.0,3800,3600,31,0,117800,6200,44,0,13,0,0,2028-05-30,714,0,0
2026-06-17,Rabu,SKU010,Sabun Mandi Batang,Kebersihan,pcs,5000,0.0,5000,3600,13,5,65000,18200,13,0,0,0,0,2028-05-30,713,0,0
2026-06-18,Kamis,SKU010,Sabun Mandi Batang,Kebersihan,pcs,5000,0.0,5000,3600,11,0,55000,15400,150,150,139,0,0,2028-06-07,720,0,0
2026-06-19,Jumat,SKU010,Sabun Mandi Batang,Kebersihan,pcs,5000,0.0,5000,3600,32,0,160000,44800,139,0,107,0,0,2028-06-07,719,0,0
2026-06-20,Sabtu,SKU010,Sabun Mandi Batang,Kebersihan,pcs,5000,0.0,5000,3600,28,0,140000,39200,107,0,79,0,0,2028-06-07,718,0,0
2026-06-21,Minggu,SKU010,Sabun Mandi Batang,Kebersihan,pcs,5000,0.0,5000,3600,23,0,115000,32200,79,0,56,0,0,2028-06-07,717,0,0
2026-06-22,Senin,SKU010,Sabun Mandi Batang,Kebersihan,pcs,5000,0.0,5000,3600,15,0,75000,21000,56,0,41,150,0,2028-06-07,716,0,0
2026-06-23,Selasa,SKU010,Sabun Mandi Batang,Kebersihan,pcs,5000,20.0,4000,3600,26,0,104000,10400,41,0,15,0,0,2028-06-07,715,0,0
2026-06-24,Rabu,SKU010,Sabun Mandi Batang,Kebersihan,pcs,5000,0.0,5000,3600,15,14,75000,21000,15,0,0,0,0,2028-06-07,714,0,0
2026-06-25,Kamis,SKU010,Sabun Mandi Batang,Kebersihan,pcs,5000,0.0,5000,3600,33,0,165000,46200,150,150,117,0,0,2028-06-14,720,1,0
2026-06-26,Jumat,SKU010,Sabun Mandi Batang,Kebersihan,pcs,5000,8.0,4600,3600,40,0,184000,40000,117,0,77,0,0,2028-06-14,719,1,0
2026-06-27,Sabtu,SKU010,Sabun Mandi Batang,Kebersihan,pcs,5000,0.0,5000,3600,34,0,170000,47600,77,0,43,330,0,2028-06-14,718,1,0
2026-06-28,Minggu,SKU010,Sabun Mandi Batang,Kebersihan,pcs,5000,0.0,5000,3600,36,0,180000,50400,43,0,7,0,0,2028-06-14,717,1,0
2026-06-29,Senin,SKU010,Sabun Mandi Batang,Kebersihan,pcs,5000,0.0,5000,3600,7,20,35000,9800,7,0,0,0,0,2028-06-14,716,1,0
2026-06-30,Selasa,SKU010,Sabun Mandi Batang,Kebersihan,pcs,5000,0.0,5000,3600,20,0,100000,28000,330,330,310,0,0,2028-06-19,720,1,0
2026-07-01,Rabu,SKU010,Sabun Mandi Batang,Kebersihan,pcs,5000,10.0,4500,3600,31,0,139500,27900,310,0,279,0,0,2028-06-19,719,1,0
2026-07-02,Kamis,SKU010,Sabun Mandi Batang,Kebersihan,pcs,5000,0.0,5000,3600,22,0,110000,30800,279,0,257,0,0,2028-06-19,718,1,0
2026-07-03,Jumat,SKU010,Sabun Mandi Batang,Kebersihan,pcs,5000,18.0,4100,3600,23,0,94300,11500,257,0,234,0,0,2028-06-19,717,1,0
2026-07-04,Sabtu,SKU010,Sabun Mandi Batang,Kebersihan,pcs,5000,5.0,4800,3600,32,0,153600,38400,234,0,202,0,0,2028-06-19,716,1,0
2026-07-05,Minggu,SKU010,Sabun Mandi Batang,Kebersihan,pcs,5000,8.0,4600,3600,35,0,161000,35000,202,0,167,0,0,2028-06-19,715,1,0
2026-07-06,Senin,SKU010,Sabun Mandi Batang,Kebersihan,pcs,5000,0.0,5000,3600,18,0,90000,25200,167,0,149,0,0,2028-06-19,714,0,0
2026-07-07,Selasa,SKU010,Sabun Mandi Batang,Kebersihan,pcs,5000,0.0,5000,3600,17,0,85000,23800,149,0,132,0,0,2028-06-19,713,0,0
2026-07-08,Rabu,SKU010,Sabun Mandi Batang,Kebersihan,pcs,5000,25.0,3800,3600,18,0,68400,3600,132,0,114,0,0,2028-06-19,712,0,0
2026-07-09,Kamis,SKU010,Sabun Mandi Batang,Kebersihan,pcs,5000,8.0,4600,3600,22,0,101200,22000,114,0,92,0,0,2028-06-19,711,0,0
2026-07-10,Jumat,SKU010,Sabun Mandi Batang,Kebersihan,pcs,5000,0.0,5000,3600,10,0,50000,14000,92,0,82,0,0,2028-06-19,710,0,0
2026-07-11,Sabtu,SKU010,Sabun Mandi Batang,Kebersihan,pcs,5000,10.0,4500,3600,19,0,85500,17100,82,0,63,0,0,2028-06-19,709,0,0
2026-07-12,Minggu,SKU010,Sabun Mandi Batang,Kebersihan,pcs,5000,0.0,5000,3600,26,0,130000,36400,63,0,37,150,0,2028-06-19,708,0,0
2026-07-13,Senin,SKU010,Sabun Mandi Batang,Kebersihan,pcs,5000,25.76,3700,3600,25,0,92500,2500,187,150,162,0,0,2028-07-02,720,0,0
2026-07-14,Selasa,SKU010,Sabun Mandi Batang,Kebersihan,pcs,5000,0.0,5000,3600,14,0,70000,19600,162,0,148,0,0,2028-07-02,719,0,0
2026-07-15,Rabu,SKU010,Sabun Mandi Batang,Kebersihan,pcs,5000,8.0,4600,3600,23,0,105800,23000,148,0,125,0,0,2028-07-02,718,0,0
2026-07-16,Kamis,SKU010,Sabun Mandi Batang,Kebersihan,pcs,5000,5.0,4800,3600,19,0,91200,22800,125,0,106,0,0,2028-07-02,717,0,0
2026-07-17,Jumat,SKU010,Sabun Mandi Batang,Kebersihan,pcs,5000,5.0,4800,3600,29,0,139200,34800,106,0,77,0,0,2028-07-02,716,0,0
2026-07-18,Sabtu,SKU010,Sabun Mandi Batang,Kebersihan,pcs,5000,0.0,5000,3600,28,0,140000,39200,77,0,49,150,0,2028-07-02,715,0,0
2026-07-19,Minggu,SKU010,Sabun Mandi Batang,Kebersihan,pcs,5000,8.0,4600,3600,27,0,124200,27000,49,0,22,0,0,2028-07-02,714,0,0
2026-07-20,Senin,SKU010,Sabun Mandi Batang,Kebersihan,pcs,5000,0.0,5000,3600,20,0,100000,28000,22,0,2,0,0,2028-07-02,713,0,0
2026-07-21,Selasa,SKU010,Sabun Mandi Batang,Kebersihan,pcs,5000,18.0,4100,3600,21,0,86100,10500,152,150,131,0,0,2028-07-10,720,0,0
2026-07-22,Rabu,SKU010,Sabun Mandi Batang,Kebersihan,pcs,5000,0.0,5000,3600,25,0,125000,35000,131,0,106,0,0,2028-07-10,719,0,0
2026-07-23,Kamis,SKU010,Sabun Mandi Batang,Kebersihan,pcs,5000,0.0,5000,3600,16,0,80000,22400,106,0,90,0,0,2028-07-10,718,0,0
2026-07-24,Jumat,SKU010,Sabun Mandi Batang,Kebersihan,pcs,5000,5.0,4800,3600,24,0,115200,28800,90,0,66,0,0,2028-07-10,717,0,0
2026-07-25,Sabtu,SKU010,Sabun Mandi Batang,Kebersihan,pcs,5000,0.0,5000,3600,38,0,190000,53200,66,0,28,150,0,2028-07-10,716,1,0
2026-07-26,Minggu,SKU010,Sabun Mandi Batang,Kebersihan,pcs,5000,12.0,4400,3600,28,13,123200,22400,28,0,0,0,0,2028-07-10,715,1,0
2026-07-27,Senin,SKU010,Sabun Mandi Batang,Kebersihan,pcs,5000,0.0,5000,3600,32,0,160000,44800,150,150,118,0,0,2028-07-16,720,1,0
2026-07-28,Selasa,SKU010,Sabun Mandi Batang,Kebersihan,pcs,5000,0.0,5000,3600,21,0,105000,29400,118,0,97,0,0,2028-07-16,719,1,0
2026-07-29,Rabu,SKU010,Sabun Mandi Batang,Kebersihan,pcs,5000,5.0,4800,3600,40,0,192000,48000,97,0,57,0,0,2028-07-16,718,1,0
2026-07-30,Kamis,SKU010,Sabun Mandi Batang,Kebersihan,pcs,5000,0.0,5000,3600,32,0,160000,44800,57,0,25,150,0,2028-07-16,717,1,0
2026-07-31,Jumat,SKU010,Sabun Mandi Batang,Kebersihan,pcs,5000,12.0,4400,3600,25,15,110000,20000,25,0,0,0,0,2028-07-16,716,1,0
2026-08-01,Sabtu,SKU010,Sabun Mandi Batang,Kebersihan,pcs,5000,25.0,3800,3600,65,0,247000,13000,150,150,85,0,0,2028-07-21,720,1,0
2026-08-02,Minggu,SKU010,Sabun Mandi Batang,Kebersihan,pcs,5000,0.0,5000,3600,38,0,190000,53200,85,0,47,150,0,2028-07-21,719,1,0
2026-08-03,Senin,SKU010,Sabun Mandi Batang,Kebersihan,pcs,5000,0.0,5000,3600,29,0,145000,40600,47,0,18,0,0,2028-07-21,718,1,0
2026-08-04,Selasa,SKU010,Sabun Mandi Batang,Kebersihan,pcs,5000,18.0,4100,3600,18,11,73800,9000,18,0,0,0,0,2028-07-21,717,1,0
2026-08-05,Rabu,SKU010,Sabun Mandi Batang,Kebersihan,pcs,5000,0.0,5000,3600,24,0,120000,33600,150,150,126,0,0,2028-07-25,720,1,0
2026-08-06,Kamis,SKU010,Sabun Mandi Batang,Kebersihan,pcs,5000,0.0,5000,3600,18,0,90000,25200,126,0,108,0,0,2028-07-25,719,0,0
2026-08-07,Jumat,SKU010,Sabun Mandi Batang,Kebersihan,pcs,5000,25.0,3800,3600,32,0,121600,6400,108,0,76,0,0,2028-07-25,718,0,0
2026-08-08,Sabtu,SKU010,Sabun Mandi Batang,Kebersihan,pcs,5000,0.0,5000,3600,35,0,175000,49000,76,0,41,150,0,2028-07-25,717,0,0
2026-08-09,Minggu,SKU010,Sabun Mandi Batang,Kebersihan,pcs,5000,0.0,5000,3600,28,0,140000,39200,41,0,13,0,0,2028-07-25,716,0,0
2026-08-10,Senin,SKU010,Sabun Mandi Batang,Kebersihan,pcs,5000,0.0,5000,3600,19,0,95000,26600,163,150,144,0,0,2028-07-30,720,0,0
2026-08-11,Selasa,SKU010,Sabun Mandi Batang,Kebersihan,pcs,5000,18.0,4100,3600,14,0,57400,7000,144,0,130,0,0,2028-07-30,719,0,0
2026-08-12,Rabu,SKU010,Sabun Mandi Batang,Kebersihan,pcs,5000,0.0,5000,3600,18,0,90000,25200,130,0,112,0,0,2028-07-30,718,0,0
2026-08-13,Kamis,SKU010,Sabun Mandi Batang,Kebersihan,pcs,5000,0.0,5000,3600,19,0,95000,26600,112,0,93,0,0,2028-07-30,717,0,0
2026-08-14,Jumat,SKU010,Sabun Mandi Batang,Kebersihan,pcs,5000,0.0,5000,3600,24,0,120000,33600,93,0,69,0,0,2028-07-30,716,0,0
2026-08-15,Sabtu,SKU010,Sabun Mandi Batang,Kebersihan,pcs,5000,0.0,5000,3600,20,0,100000,28000,69,0,49,150,0,2028-07-30,715,0,0
2026-08-16,Minggu,SKU010,Sabun Mandi Batang,Kebersihan,pcs,5000,0.0,5000,3600,31,0,155000,43400,49,0,18,0,0,2028-07-30,714,0,0
2026-08-17,Senin,SKU010,Sabun Mandi Batang,Kebersihan,pcs,5000,5.0,4800,3600,17,0,81600,20400,18,0,1,0,0,2028-07-30,713,0,0
2025-08-18,Senin,SKU011,Shampo Sachet Isi 12,Kebersihan,renceng,11000,0.0,11000,8300,9,0,99000,24300,49,0,40,0,0,2026-09-06,384,0,0
2025-08-19,Selasa,SKU011,Shampo Sachet Isi 12,Kebersihan,renceng,11000,0.0,11000,8300,3,0,33000,8100,40,0,37,0,0,2026-09-06,383,0,0
2025-08-20,Rabu,SKU011,Shampo Sachet Isi 12,Kebersihan,renceng,11000,22.58,8500,8300,11,0,93500,2200,37,0,26,0,0,2026-09-06,382,0,0
2025-08-21,Kamis,SKU011,Shampo Sachet Isi 12,Kebersihan,renceng,11000,0.0,11000,8300,8,0,88000,21600,26,0,18,58,0,2026-09-06,381,0,0
2025-08-22,Jumat,SKU011,Shampo Sachet Isi 12,Kebersihan,renceng,11000,0.0,11000,8300,11,0,121000,29700,18,0,7,0,0,2026-09-06,380,0,0
2025-08-23,Sabtu,SKU011,Shampo Sachet Isi 12,Kebersihan,renceng,11000,0.0,11000,8300,2,0,22000,5400,65,58,63,0,0,2027-04-15,600,0,0
2025-08-24,Minggu,SKU011,Shampo Sachet Isi 12,Kebersihan,renceng,11000,0.0,11000,8300,13,0,143000,35100,63,0,50,0,0,2027-04-15,599,0,0
2025-08-25,Senin,SKU011,Shampo Sachet Isi 12,Kebersihan,renceng,11000,0.0,11000,8300,6,0,66000,16200,50,0,44,0,0,2027-04-15,598,1,0
2025-08-26,Selasa,SKU011,Shampo Sachet Isi 12,Kebersihan,renceng,11000,22.58,8500,8300,10,0,85000,2000,44,0,34,0,0,2027-04-15,597,1,0
2025-08-27,Rabu,SKU011,Shampo Sachet Isi 12,Kebersihan,renceng,11000,10.0,9900,8300,7,0,69300,11200,34,0,27,0,0,2027-04-15,596,1,0
2025-08-28,Kamis,SKU011,Shampo Sachet Isi 12,Kebersihan,renceng,11000,12.0,9700,8300,12,0,116400,16800,27,0,15,58,0,2027-04-15,595,1,0
2025-08-29,Jumat,SKU011,Shampo Sachet Isi 12,Kebersihan,renceng,11000,5.0,10400,8300,14,0,145600,29400,15,0,1,0,0,2027-04-15,594,1,0
2025-08-30,Sabtu,SKU011,Shampo Sachet Isi 12,Kebersihan,renceng,11000,22.58,8500,8300,1,12,8500,200,1,0,0,0,0,2027-04-15,593,1,0
2025-08-31,Minggu,SKU011,Shampo Sachet Isi 12,Kebersihan,renceng,11000,0.0,11000,8300,11,0,121000,29700,58,58,47,0,0,2027-04-23,600,1,0
2025-09-01,Senin,SKU011,Shampo Sachet Isi 12,Kebersihan,renceng,11000,0.0,11000,8300,10,0,110000,27000,47,0,37,0,0,2027-04-23,599,1,0
2025-09-02,Selasa,SKU011,Shampo Sachet Isi 12,Kebersihan,renceng,11000,0.0,11000,8300,8,0,88000,21600,37,0,29,0,0,2027-04-23,598,1,0
2025-09-03,Rabu,SKU011,Shampo Sachet Isi 12,Kebersihan,renceng,11000,0.0,11000,8300,13,0,143000,35100,29,0,16,58,0,2027-04-23,597,1,0
2025-09-04,Kamis,SKU011,Shampo Sachet Isi 12,Kebersihan,renceng,11000,0.0,11000,8300,7,0,77000,18900,16,0,9,0,0,2027-04-23,596,1,0
2025-09-05,Jumat,SKU011,Shampo Sachet Isi 12,Kebersihan,renceng,11000,0.0,11000,8300,9,1,99000,24300,9,0,0,0,0,2027-04-23,595,1,0
2025-09-06,Sabtu,SKU011,Shampo Sachet Isi 12,Kebersihan,renceng,11000,8.0,10100,8300,10,0,101000,18000,58,58,48,0,0,2027-04-29,600,0,0
2025-09-07,Minggu,SKU011,Shampo Sachet Isi 12,Kebersihan,renceng,11000,0.0,11000,8300,10,0,110000,27000,48,0,38,0,0,2027-04-29,599,0,0
2025-09-08,Senin,SKU011,Shampo Sachet Isi 12,Kebersihan,renceng,11000,0.0,11000,8300,4,0,44000,10800,38,0,34,0,0,2027-04-29,598,0,0
2025-09-09,Selasa,SKU011,Shampo Sachet Isi 12,Kebersihan,renceng,11000,0.0,11000,8300,6,0,66000,16200,34,0,28,0,0,2027-04-29,597,0,0
2025-09-10,Rabu,SKU011,Shampo Sachet Isi 12,Kebersihan,renceng,11000,0.0,11000,8300,5,0,55000,13500,28,0,23,0,0,2027-04-29,596,0,0
2025-09-11,Kamis,SKU011,Shampo Sachet Isi 12,Kebersihan,renceng,11000,0.0,11000,8300,5,0,55000,13500,23,0,18,58,0,2027-04-29,595,0,0
2025-09-12,Jumat,SKU011,Shampo Sachet Isi 12,Kebersihan,renceng,11000,12.0,9700,8300,13,0,126100,18200,18,0,5,0,0,2027-04-29,594,0,0
2025-09-13,Sabtu,SKU011,Shampo Sachet Isi 12,Kebersihan,renceng,11000,20.0,8800,8300,20,0,176000,10000,63,58,43,0,0,2027-05-06,600,0,0
2025-09-14,Minggu,SKU011,Shampo Sachet Isi 12,Kebersihan,renceng,11000,0.0,11000,8300,3,0,33000,8100,43,0,40,0,0,2027-05-06,599,0,0
2025-09-15,Senin,SKU011,Shampo Sachet Isi 12,Kebersihan,renceng,11000,12.0,9700,8300,1,0,9700,1400,40,0,39,0,0,2027-05-06,598,0,0
2025-09-16,Selasa,SKU011,Shampo Sachet Isi 12,Kebersihan,renceng,11000,0.0,11000,8300,7,0,77000,18900,39,0,32,0,0,2027-05-06,597,0,0
2025-09-17,Rabu,SKU011,Shampo Sachet Isi 12,Kebersihan,renceng,11000,0.0,11000,8300,10,0,110000,27000,32,0,22,58,0,2027-05-06,596,0,0
2025-09-18,Kamis,SKU011,Shampo Sachet Isi 12,Kebersihan,renceng,11000,22.58,8500,8300,11,0,93500,2200,22,0,11,0,0,2027-05-06,595,0,0
2025-09-19,Jumat,SKU011,Shampo Sachet Isi 12,Kebersihan,renceng,11000,0.0,11000,8300,11,0,121000,29700,11,0,0,0,0,2027-05-06,594,0,0
2025-09-20,Sabtu,SKU011,Shampo Sachet Isi 12,Kebersihan,renceng,11000,0.0,11000,8300,6,0,66000,16200,58,58,52,0,0,2027-05-13,600,0,0
2025-09-21,Minggu,SKU011,Shampo Sachet Isi 12,Kebersihan,renceng,11000,0.0,11000,8300,13,0,143000,35100,52,0,39,0,0,2027-05-13,599,0,0
2025-09-22,Senin,SKU011,Shampo Sachet Isi 12,Kebersihan,renceng,11000,0.0,11000,8300,5,0,55000,13500,39,0,34,0,0,2027-05-13,598,0,0
2025-09-23,Selasa,SKU011,Shampo Sachet Isi 12,Kebersihan,renceng,11000,0.0,11000,8300,3,0,33000,8100,34,0,31,0,0,2027-05-13,597,0,0
2025-09-24,Rabu,SKU011,Shampo Sachet Isi 12,Kebersihan,renceng,11000,0.0,11000,8300,6,0,66000,16200,31,0,25,0,0,2027-05-13,596,0,0
2025-09-25,Kamis,SKU011,Shampo Sachet Isi 12,Kebersihan,renceng,11000,0.0,11000,8300,9,0,99000,24300,25,0,16,58,0,2027-05-13,595,1,0
2025-09-26,Jumat,SKU011,Shampo Sachet Isi 12,Kebersihan,renceng,11000,0.0,11000,8300,14,0,154000,37800,74,58,60,0,0,2027-05-19,600,1,0
2025-09-27,Sabtu,SKU011,Shampo Sachet Isi 12,Kebersihan,renceng,11000,8.0,10100,8300,11,0,111100,19800,60,0,49,0,0,2027-05-19,599,1,0
2025-09-28,Minggu,SKU011,Shampo Sachet Isi 12,Kebersihan,renceng,11000,0.0,11000,8300,13,0,143000,35100,49,0,36,0,0,2027-05-19,598,1,0
2025-09-29,Senin,SKU011,Shampo Sachet Isi 12,Kebersihan,renceng,11000,0.0,11000,8300,12,0,132000,32400,36,0,24,0,0,2027-05-19,597,1,0
2025-09-30,Selasa,SKU011,Shampo Sachet Isi 12,Kebersihan,renceng,11000,15.0,9400,8300,9,0,84600,9900,24,0,15,58,0,2027-05-19,596,1,0
2025-10-01,Rabu,SKU011,Shampo Sachet Isi 12,Kebersihan,renceng,11000,18.0,9000,8300,3,0,27000,2100,73,58,70,0,0,2027-05-24,600,1,0
2025-10-02,Kamis,SKU011,Shampo Sachet Isi 12,Kebersihan,renceng,11000,0.0,11000,8300,10,0,110000,27000,70,0,60,0,0,2027-05-24,599,1,0
2025-10-03,Jumat,SKU011,Shampo Sachet Isi 12,Kebersihan,renceng,11000,0.0,11000,8300,8,0,88000,21600,60,0,52,0,0,2027-05-24,598,1,0
2025-10-04,Sabtu,SKU011,Shampo Sachet Isi 12,Kebersihan,renceng,11000,20.0,8800,8300,15,0,132000,7500,52,0,37,0,0,2027-05-24,597,1,0
2025-10-05,Minggu,SKU011,Shampo Sachet Isi 12,Kebersihan,renceng,11000,22.58,8500,8300,17,0,144500,3400,37,0,20,58,0,2027-05-24,596,1,0
2025-10-06,Senin,SKU011,Shampo Sachet Isi 12,Kebersihan,renceng,11000,0.0,11000,8300,8,0,88000,21600,20,0,12,0,0,2027-05-24,595,0,0
2025-10-07,Selasa,SKU011,Shampo Sachet Isi 12,Kebersihan,renceng,11000,0.0,11000,8300,6,0,66000,16200,70,58,64,0,0,2027-05-30,600,0,0
2025-10-08,Rabu,SKU011,Shampo Sachet Isi 12,Kebersihan,renceng,11000,0.0,11000,8300,5,0,55000,13500,64,0,59,0,0,2027-05-30,599,0,0
2025-10-09,Kamis,SKU011,Shampo Sachet Isi 12,Kebersihan,renceng,11000,12.0,9700,8300,13,0,126100,18200,59,0,46,0,0,2027-05-30,598,0,0
2025-10-10,Jumat,SKU011,Shampo Sachet Isi 12,Kebersihan,renceng,11000,0.0,11000,8300,10,0,110000,27000,46,0,36,0,0,2027-05-30,597,0,0
2025-10-11,Sabtu,SKU011,Shampo Sachet Isi 12,Kebersihan,renceng,11000,0.0,11000,8300,12,0,132000,32400,36,0,24,0,0,2027-05-30,596,0,0
2025-10-12,Minggu,SKU011,Shampo Sachet Isi 12,Kebersihan,renceng,11000,15.0,9400,8300,6,0,56400,6600,24,0,18,58,0,2027-05-30,595,0,0
2025-10-13,Senin,SKU011,Shampo Sachet Isi 12,Kebersihan,renceng,11000,0.0,11000,8300,2,0,22000,5400,18,0,16,0,0,2027-05-30,594,0,0
2025-10-14,Selasa,SKU011,Shampo Sachet Isi 12,Kebersihan,renceng,11000,0.0,11000,8300,6,0,66000,16200,74,58,68,0,0,2027-06-06,600,0,0
2025-10-15,Rabu,SKU011,Shampo Sachet Isi 12,Kebersihan,renceng,11000,18.0,9000,8300,7,0,63000,4900,68,0,61,0,0,2027-06-06,599,0,0
2025-10-16,Kamis,SKU011,Shampo Sachet Isi 12,Kebersihan,renceng,11000,22.58,8500,8300,9,0,76500,1800,61,0,52,0,0,2027-06-06,598,0,0
2025-10-17,Jumat,SKU011,Shampo Sachet Isi 12,Kebersihan,renceng,11000,0.0,11000,8300,6,0,66000,16200,52,0,46,0,0,2027-06-06,597,0,0
2025-10-18,Sabtu,SKU011,Shampo Sachet Isi 12,Kebersihan,renceng,11000,8.0,10100,8300,15,0,151500,27000,46,0,31,0,0,2027-06-06,596,0,0
2025-10-19,Minggu,SKU011,Shampo Sachet Isi 12,Kebersihan,renceng,11000,0.0,11000,8300,6,0,66000,16200,31,0,25,0,0,2027-06-06,595,0,0
2025-10-20,Senin,SKU011,Shampo Sachet Isi 12,Kebersihan,renceng,11000,0.0,11000,8300,4,0,44000,10800,25,0,21,58,0,2027-06-06,594,0,0
2025-10-21,Selasa,SKU011,Shampo Sachet Isi 12,Kebersihan,renceng,11000,18.0,9000,8300,8,0,72000,5600,79,58,71,0,0,2027-06-13,600,0,0
2025-10-22,Rabu,SKU011,Shampo Sachet Isi 12,Kebersihan,renceng,11000,20.0,8800,8300,3,0,26400,1500,71,0,68,0,0,2027-06-13,599,0,0
2025-10-23,Kamis,SKU011,Shampo Sachet Isi 12,Kebersihan,renceng,11000,0.0,11000,8300,3,0,33000,8100,68,0,65,0,0,2027-06-13,598,0,0
2025-10-24,Jumat,SKU011,Shampo Sachet Isi 12,Kebersihan,renceng,11000,0.0,11000,8300,8,0,88000,21600,65,0,57,0,0,2027-06-13,597,0,0
2025-10-25,Sabtu,SKU011,Shampo Sachet Isi 12,Kebersihan,renceng,11000,12.0,9700,8300,15,0,145500,21000,57,0,42,0,0,2027-06-13,596,1,0
2025-10-26,Minggu,SKU011,Shampo Sachet Isi 12,Kebersihan,renceng,11000,0.0,11000,8300,11,0,121000,29700,42,0,31,0,0,2027-06-13,595,1,0
2025-10-27,Senin,SKU011,Shampo Sachet Isi 12,Kebersihan,renceng,11000,18.0,9000,8300,15,0,135000,10500,31,0,16,58,0,2027-06-13,594,1,0
2025-10-28,Selasa,SKU011,Shampo Sachet Isi 12,Kebersihan,renceng,11000,22.58,8500,8300,12,0,102000,2400,16,0,4,0,0,2027-06-13,593,1,0
2025-10-29,Rabu,SKU011,Shampo Sachet Isi 12,Kebersihan,renceng,11000,0.0,11000,8300,4,2,44000,10800,4,0,0,0,0,2027-06-13,592,1,0
2025-10-30,Kamis,SKU011,Shampo Sachet Isi 12,Kebersihan,renceng,11000,0.0,11000,8300,11,0,121000,29700,58,58,47,0,0,2027-06-22,600,1,0
2025-10-31,Jumat,SKU011,Shampo Sachet Isi 12,Kebersihan,renceng,11000,0.0,11000,8300,17,0,187000,45900,47,0,30,0,0,2027-06-22,599,1,0
2025-11-01,Sabtu,SKU011,Shampo Sachet Isi 12,Kebersihan,renceng,11000,0.0,11000,8300,14,0,154000,37800,30,0,16,58,0,2027-06-22,598,1,0
2025-11-02,Minggu,SKU011,Shampo Sachet Isi 12,Kebersihan,renceng,11000,0.0,11000,8300,7,0,77000,18900,74,58,67,0,0,2027-06-25,600,1,0
2025-11-03,Senin,SKU011,Shampo Sachet Isi 12,Kebersihan,renceng,11000,0.0,11000,8300,6,0,66000,16200,67,0,61,0,0,2027-06-25,599,1,0
2025-11-04,Selasa,SKU011,Shampo Sachet Isi 12,Kebersihan,renceng,11000,22.58,8500,8300,8,0,68000,1600,61,0,53,0,0,2027-06-25,598,1,0
2025-11-05,Rabu,SKU011,Shampo Sachet Isi 12,Kebersihan,renceng,11000,0.0,11000,8300,7,0,77000,18900,53,0,46,0,0,2027-06-25,597,1,0
2025-11-06,Kamis,SKU011,Shampo Sachet Isi 12,Kebersihan,renceng,11000,0.0,11000,8300,4,0,44000,10800,46,0,42,0,0,2027-06-25,596,0,0
2025-11-07,Jumat,SKU011,Shampo Sachet Isi 12,Kebersihan,renceng,11000,12.0,9700,8300,9,0,87300,12600,42,0,33,0,0,2027-06-25,595,0,0
2025-11-08,Sabtu,SKU011,Shampo Sachet Isi 12,Kebersihan,renceng,11000,0.0,11000,8300,8,0,88000,21600,33,0,25,0,0,2027-06-25,594,0,0
2025-11-09,Minggu,SKU011,Shampo Sachet Isi 12,Kebersihan,renceng,11000,0.0,11000,8300,8,0,88000,21600,25,0,17,58,0,2027-06-25,593,0,0
2025-11-10,Senin,SKU011,Shampo Sachet Isi 12,Kebersihan,renceng,11000,0.0,11000,8300,8,0,88000,21600,75,58,67,0,0,2027-07-03,600,0,0
2025-11-11,Selasa,SKU011,Shampo Sachet Isi 12,Kebersihan,renceng,11000,0.0,11000,8300,7,0,77000,18900,67,0,60,0,0,2027-07-03,599,0,0
2025-11-12,Rabu,SKU011,Shampo Sachet Isi 12,Kebersihan,renceng,11000,0.0,11000,8300,6,0,66000,16200,60,0,54,0,0,2027-07-03,598,0,0
2025-11-13,Kamis,SKU011,Shampo Sachet Isi 12,Kebersihan,renceng,11000,0.0,11000,8300,0,0,0,0,54,0,54,0,0,2027-07-03,597,0,0
2025-11-14,Jumat,SKU011,Shampo Sachet Isi 12,Kebersihan,renceng,11000,0.0,11000,8300,11,0,121000,29700,54,0,43,0,0,2027-07-03,596,0,0
2025-11-15,Sabtu,SKU011,Shampo Sachet Isi 12,Kebersihan,renceng,11000,0.0,11000,8300,8,0,88000,21600,43,0,35,0,0,2027-07-03,595,0,0
2025-11-16,Minggu,SKU011,Shampo Sachet Isi 12,Kebersihan,renceng,11000,0.0,11000,8300,10,0,110000,27000,35,0,25,0,0,2027-07-03,594,0,0
2025-11-17,Senin,SKU011,Shampo Sachet Isi 12,Kebersihan,renceng,11000,0.0,11000,8300,10,0,110000,27000,25,0,15,58,0,2027-07-03,593,0,0
2025-11-18,Selasa,SKU011,Shampo Sachet Isi 12,Kebersihan,renceng,11000,0.0,11000,8300,3,0,33000,8100,15,0,12,0,0,2027-07-03,592,0,0
2025-11-19,Rabu,SKU011,Shampo Sachet Isi 12,Kebersihan,renceng,11000,22.58,8500,8300,11,0,93500,2200,70,58,59,0,0,2027-07-12,600,0,0
2025-11-20,Kamis,SKU011,Shampo Sachet Isi 12,Kebersihan,renceng,11000,0.0,11000,8300,8,0,88000,21600,59,0,51,0,0,2027-07-12,599,0,0
2025-11-21,Jumat,SKU011,Shampo Sachet Isi 12,Kebersihan,renceng,11000,0.0,11000,8300,9,0,99000,24300,51,0,42,0,0,2027-07-12,598,0,0
2025-11-22,Sabtu,SKU011,Shampo Sachet Isi 12,Kebersihan,renceng,11000,22.58,8500,8300,12,0,102000,2400,42,0,30,0,0,2027-07-12,597,0,0
2025-11-23,Minggu,SKU011,Shampo Sachet Isi 12,Kebersihan,renceng,11000,0.0,11000,8300,13,0,143000,35100,30,0,17,58,0,2027-07-12,596,0,0
2025-11-24,Senin,SKU011,Shampo Sachet Isi 12,Kebersihan,renceng,11000,5.0,10400,8300,4,0,41600,8400,75,58,71,0,0,2027-07-17,600,0,0
2025-11-25,Selasa,SKU011,Shampo Sachet Isi 12,Kebersihan,renceng,11000,12.0,9700,8300,9,0,87300,12600,71,0,62,0,0,2027-07-17,599,1,0
2025-11-26,Rabu,SKU011,Shampo Sachet Isi 12,Kebersihan,renceng,11000,0.0,11000,8300,8,0,88000,21600,62,0,54,0,0,2027-07-17,598,1,0
2025-11-27,Kamis,SKU011,Shampo Sachet Isi 12,Kebersihan,renceng,11000,20.0,8800,8300,12,0,105600,6000,54,0,42,0,0,2027-07-17,597,1,0
2025-11-28,Jumat,SKU011,Shampo Sachet Isi 12,Kebersihan,renceng,11000,8.0,10100,8300,7,0,70700,12600,42,0,35,0,0,2027-07-17,596,1,0
2025-11-29,Sabtu,SKU011,Shampo Sachet Isi 12,Kebersihan,renceng,11000,0.0,11000,8300,18,0,198000,48600,35,0,17,58,0,2027-07-17,595,1,0
2025-11-30,Minggu,SKU011,Shampo Sachet Isi 12,Kebersihan,renceng,11000,10.0,9900,8300,7,0,69300,11200,17,0,10,0,0,2027-07-17,594,1,0
2025-12-01,Senin,SKU011,Shampo Sachet Isi 12,Kebersihan,renceng,11000,0.0,11000,8300,5,0,55000,13500,68,58,63,0,0,2027-07-24,600,1,0
2025-12-02,Selasa,SKU011,Shampo Sachet Isi 12,Kebersihan,renceng,11000,12.0,9700,8300,12,0,116400,16800,63,0,51,0,0,2027-07-24,599,1,0
2025-12-03,Rabu,SKU011,Shampo Sachet Isi 12,Kebersihan,renceng,11000,0.0,11000,8300,11,0,121000,29700,51,0,40,0,0,2027-07-24,598,1,0
2025-12-04,Kamis,SKU011,Shampo Sachet Isi 12,Kebersihan,renceng,11000,0.0,11000,8300,8,0,88000,21600,40,0,32,0,0,2027-07-24,597,1,0
2025-12-05,Jumat,SKU011,Shampo Sachet Isi 12,Kebersihan,renceng,11000,0.0,11000,8300,8,0,88000,21600,32,0,24,0,0,2027-07-24,596,1,0
2025-12-06,Sabtu,SKU011,Shampo Sachet Isi 12,Kebersihan,renceng,11000,0.0,11000,8300,8,0,88000,21600,24,0,16,58,0,2027-07-24,595,0,0
2025-12-07,Minggu,SKU011,Shampo Sachet Isi 12,Kebersihan,renceng,11000,0.0,11000,8300,8,0,88000,21600,16,0,8,0,0,2027-07-24,594,0,0
2025-12-08,Senin,SKU011,Shampo Sachet Isi 12,Kebersihan,renceng,11000,0.0,11000,8300,2,0,22000,5400,66,58,64,0,0,2027-07-31,600,0,0
2025-12-09,Selasa,SKU011,Shampo Sachet Isi 12,Kebersihan,renceng,11000,0.0,11000,8300,1,0,11000,2700,64,0,63,0,0,2027-07-31,599,0,0
2025-12-10,Rabu,SKU011,Shampo Sachet Isi 12,Kebersihan,renceng,11000,0.0,11000,8300,5,0,55000,13500,63,0,58,0,0,2027-07-31,598,0,0
2025-12-11,Kamis,SKU011,Shampo Sachet Isi 12,Kebersihan,renceng,11000,12.0,9700,8300,7,0,67900,9800,58,0,51,0,0,2027-07-31,597,0,0
2025-12-12,Jumat,SKU011,Shampo Sachet Isi 12,Kebersihan,renceng,11000,22.58,8500,8300,17,0,144500,3400,51,0,34,0,0,2027-07-31,596,0,0
2025-12-13,Sabtu,SKU011,Shampo Sachet Isi 12,Kebersihan,renceng,11000,12.0,9700,8300,13,0,126100,18200,34,0,21,58,0,2027-07-31,595,0,0
2025-12-14,Minggu,SKU011,Shampo Sachet Isi 12,Kebersihan,renceng,11000,0.0,11000,8300,4,0,44000,10800,79,58,75,0,0,2027-08-06,600,0,0
2025-12-15,Senin,SKU011,Shampo Sachet Isi 12,Kebersihan,renceng,11000,20.0,8800,8300,7,0,61600,3500,75,0,68,0,0,2027-08-06,599,0,0
2025-12-16,Selasa,SKU011,Shampo Sachet Isi 12,Kebersihan,renceng,11000,0.0,11000,8300,4,0,44000,10800,68,0,64,0,0,2027-08-06,598,0,0
2025-12-17,Rabu,SKU011,Shampo Sachet Isi 12,Kebersihan,renceng,11000,12.0,9700,8300,4,0,38800,5600,64,0,60,0,0,2027-08-06,597,0,0
2025-12-18,Kamis,SKU011,Shampo Sachet Isi 12,Kebersihan,renceng,11000,0.0,11000,8300,9,0,99000,24300,60,0,51,0,0,2027-08-06,596,0,0
2025-12-19,Jumat,SKU011,Shampo Sachet Isi 12,Kebersihan,renceng,11000,10.0,9900,8300,12,0,118800,19200,51,0,39,0,0,2027-08-06,595,0,0
2025-12-20,Sabtu,SKU011,Shampo Sachet Isi 12,Kebersihan,renceng,11000,0.0,11000,8300,10,0,110000,27000,39,0,29,0,0,2027-08-06,594,0,0
2025-12-21,Minggu,SKU011,Shampo Sachet Isi 12,Kebersihan,renceng,11000,0.0,11000,8300,11,0,121000,29700,29,0,18,58,0,2027-08-06,593,0,0
2025-12-22,Senin,SKU011,Shampo Sachet Isi 12,Kebersihan,renceng,11000,0.0,11000,8300,2,0,22000,5400,18,0,16,0,0,2027-08-06,592,0,0
2025-12-23,Selasa,SKU011,Shampo Sachet Isi 12,Kebersihan,renceng,11000,0.0,11000,8300,8,0,88000,21600,74,58,66,0,0,2027-08-15,600,0,0
2025-12-24,Rabu,SKU011,Shampo Sachet Isi 12,Kebersihan,renceng,11000,0.0,11000,8300,7,0,77000,18900,66,0,59,0,0,2027-08-15,599,0,0
2025-12-25,Kamis,SKU011,Shampo Sachet Isi 12,Kebersihan,renceng,11000,12.0,9700,8300,15,0,145500,21000,59,0,44,0,0,2027-08-15,598,1,0
2025-12-26,Jumat,SKU011,Shampo Sachet Isi 12,Kebersihan,renceng,11000,15.0,9400,8300,6,0,56400,6600,44,0,38,0,0,2027-08-15,597,1,0
2025-12-27,Sabtu,SKU011,Shampo Sachet Isi 12,Kebersihan,renceng,11000,0.0,11000,8300,12,0,132000,32400,38,0,26,0,0,2027-08-15,596,1,0
2025-12-28,Minggu,SKU011,Shampo Sachet Isi 12,Kebersihan,renceng,11000,22.58,8500,8300,14,0,119000,2800,26,0,12,127,0,2027-08-15,595,1,0
2025-12-29,Senin,SKU011,Shampo Sachet Isi 12,Kebersihan,renceng,11000,18.0,9000,8300,8,0,72000,5600,12,0,4,0,0,2027-08-15,594,1,0
2025-12-30,Selasa,SKU011,Shampo Sachet Isi 12,Kebersihan,renceng,11000,0.0,11000,8300,8,0,88000,21600,131,127,123,0,0,2027-08-22,600,1,0
2025-12-31,Rabu,SKU011,Shampo Sachet Isi 12,Kebersihan,renceng,11000,0.0,11000,8300,12,0,132000,32400,123,0,111,0,0,2027-08-22,599,1,0
2026-01-01,Kamis,SKU011,Shampo Sachet Isi 12,Kebersihan,renceng,11000,0.0,11000,8300,4,0,44000,10800,111,0,107,0,0,2027-08-22,598,1,0
2026-01-02,Jumat,SKU011,Shampo Sachet Isi 12,Kebersihan,renceng,11000,0.0,11000,8300,8,0,88000,21600,107,0,99,0,0,2027-08-22,597,1,0
2026-01-03,Sabtu,SKU011,Shampo Sachet Isi 12,Kebersihan,renceng,11000,0.0,11000,8300,12,0,132000,32400,99,0,87,0,0,2027-08-22,596,1,0
2026-01-04,Minggu,SKU011,Shampo Sachet Isi 12,Kebersihan,renceng,11000,0.0,11000,8300,6,0,66000,16200,87,0,81,0,0,2027-08-22,595,1,0
2026-01-05,Senin,SKU011,Shampo Sachet Isi 12,Kebersihan,renceng,11000,0.0,11000,8300,7,0,77000,18900,81,0,74,0,0,2027-08-22,594,1,0
2026-01-06,Selasa,SKU011,Shampo Sachet Isi 12,Kebersihan,renceng,11000,0.0,11000,8300,6,0,66000,16200,74,0,68,0,0,2027-08-22,593,0,0
2026-01-07,Rabu,SKU011,Shampo Sachet Isi 12,Kebersihan,renceng,11000,0.0,11000,8300,4,0,44000,10800,68,0,64,0,0,2027-08-22,592,0,0
2026-01-08,Kamis,SKU011,Shampo Sachet Isi 12,Kebersihan,renceng,11000,0.0,11000,8300,9,0,99000,24300,64,0,55,0,0,2027-08-22,591,0,0
2026-01-09,Jumat,SKU011,Shampo Sachet Isi 12,Kebersihan,renceng,11000,0.0,11000,8300,11,0,121000,29700,55,0,44,0,0,2027-08-22,590,0,0
2026-01-10,Sabtu,SKU011,Shampo Sachet Isi 12,Kebersihan,renceng,11000,0.0,11000,8300,11,0,121000,29700,44,0,33,0,0,2027-08-22,589,0,0
2026-01-11,Minggu,SKU011,Shampo Sachet Isi 12,Kebersihan,renceng,11000,0.0,11000,8300,7,0,77000,18900,33,0,26,0,0,2027-08-22,588,0,0
2026-01-12,Senin,SKU011,Shampo Sachet Isi 12,Kebersihan,renceng,11000,0.0,11000,8300,2,0,22000,5400,26,0,24,0,0,2027-08-22,587,0,0
2026-01-13,Selasa,SKU011,Shampo Sachet Isi 12,Kebersihan,renceng,11000,0.0,11000,8300,8,0,88000,21600,24,0,16,58,0,2027-08-22,586,0,0
2026-01-14,Rabu,SKU011,Shampo Sachet Isi 12,Kebersihan,renceng,11000,0.0,11000,8300,6,0,66000,16200,16,0,10,0,0,2027-08-22,585,0,0
2026-01-15,Kamis,SKU011,Shampo Sachet Isi 12,Kebersihan,renceng,11000,5.0,10400,8300,7,0,72800,14700,10,0,3,0,0,2027-08-22,584,0,0
2026-01-16,Jumat,SKU011,Shampo Sachet Isi 12,Kebersihan,renceng,11000,0.0,11000,8300,7,0,77000,18900,61,58,54,0,0,2027-09-08,600,0,0
2026-01-17,Sabtu,SKU011,Shampo Sachet Isi 12,Kebersihan,renceng,11000,0.0,11000,8300,9,0,99000,24300,54,0,45,0,0,2027-09-08,599,0,0
2026-01-18,Minggu,SKU011,Shampo Sachet Isi 12,Kebersihan,renceng,11000,22.58,8500,8300,5,0,42500,1000,45,0,40,0,0,2027-09-08,598,0,0
2026-01-19,Senin,SKU011,Shampo Sachet Isi 12,Kebersihan,renceng,11000,12.0,9700,8300,4,0,38800,5600,40,0,36,0,0,2027-09-08,597,0,0
2026-01-20,Selasa,SKU011,Shampo Sachet Isi 12,Kebersihan,renceng,11000,0.0,11000,8300,6,0,66000,16200,36,0,30,0,0,2027-09-08,596,0,0
2026-01-21,Rabu,SKU011,Shampo Sachet Isi 12,Kebersihan,renceng,11000,0.0,11000,8300,7,0,77000,18900,30,0,23,0,0,2027-09-08,595,0,0
2026-01-22,Kamis,SKU011,Shampo Sachet Isi 12,Kebersihan,renceng,11000,0.0,11000,8300,6,0,66000,16200,23,0,17,58,0,2027-09-08,594,0,0
2026-01-23,Jumat,SKU011,Shampo Sachet Isi 12,Kebersihan,renceng,11000,0.0,11000,8300,7,0,77000,18900,75,58,68,0,0,2027-09-15,600,0,0
2026-01-24,Sabtu,SKU011,Shampo Sachet Isi 12,Kebersihan,renceng,11000,5.0,10400,8300,7,0,72800,14700,68,0,61,0,0,2027-09-15,599,0,0
2026-01-25,Minggu,SKU011,Shampo Sachet Isi 12,Kebersihan,renceng,11000,20.0,8800,8300,11,0,96800,5500,61,0,50,0,0,2027-09-15,598,1,0
2026-01-26,Senin,SKU011,Shampo Sachet Isi 12,Kebersihan,renceng,11000,0.0,11000,8300,7,0,77000,18900,50,0,43,0,0,2027-09-15,597,1,0
2026-01-27,Selasa,SKU011,Shampo Sachet Isi 12,Kebersihan,renceng,11000,0.0,11000,8300,3,0,33000,8100,43,0,40,0,0,2027-09-15,596,1,0
2026-01-28,Rabu,SKU011,Shampo Sachet Isi 12,Kebersihan,renceng,11000,15.0,9400,8300,11,0,103400,12100,40,0,29,0,0,2027-09-15,595,1,0
2026-01-29,Kamis,SKU011,Shampo Sachet Isi 12,Kebersihan,renceng,11000,0.0,11000,8300,7,0,77000,18900,29,0,22,58,0,2027-09-15,594,1,0
2026-01-30,Jumat,SKU011,Shampo Sachet Isi 12,Kebersihan,renceng,11000,0.0,11000,8300,10,0,110000,27000,22,0,12,0,0,2027-09-15,593,1,0
2026-01-31,Sabtu,SKU011,Shampo Sachet Isi 12,Kebersihan,renceng,11000,0.0,11000,8300,11,0,121000,29700,12,0,1,0,0,2027-09-15,592,1,0
2026-02-01,Minggu,SKU011,Shampo Sachet Isi 12,Kebersihan,renceng,11000,18.0,9000,8300,16,0,144000,11200,59,58,43,0,0,2027-09-24,600,1,0
2026-02-02,Senin,SKU011,Shampo Sachet Isi 12,Kebersihan,renceng,11000,0.0,11000,8300,11,0,121000,29700,43,0,32,0,0,2027-09-24,599,1,0
2026-02-03,Selasa,SKU011,Shampo Sachet Isi 12,Kebersihan,renceng,11000,18.0,9000,8300,15,0,135000,10500,32,0,17,58,0,2027-09-24,598,1,0
2026-02-04,Rabu,SKU011,Shampo Sachet Isi 12,Kebersihan,renceng,11000,18.0,9000,8300,10,0,90000,7000,75,58,65,0,0,2027-09-27,600,1,0
2026-02-05,Kamis,SKU011,Shampo Sachet Isi 12,Kebersihan,renceng,11000,0.0,11000,8300,15,0,165000,40500,65,0,50,0,0,2027-09-27,599,1,0
2026-02-06,Jumat,SKU011,Shampo Sachet Isi 12,Kebersihan,renceng,11000,22.58,8500,8300,6,0,51000,1200,50,0,44,0,0,2027-09-27,598,0,0
2026-02-07,Sabtu,SKU011,Shampo Sachet Isi 12,Kebersihan,renceng,11000,0.0,11000,8300,8,0,88000,21600,44,0,36,0,0,2027-09-27,597,0,0
2026-02-08,Minggu,SKU011,Shampo Sachet Isi 12,Kebersihan,renceng,11000,0.0,11000,8300,12,0,132000,32400,36,0,24,0,0,2027-09-27,596,0,0
2026-02-09,Senin,SKU011,Shampo Sachet Isi 12,Kebersihan,renceng,11000,0.0,11000,8300,3,0,33000,8100,24,0,21,58,0,2027-09-27,595,0,0
2026-02-10,Selasa,SKU011,Shampo Sachet Isi 12,Kebersihan,renceng,11000,0.0,11000,8300,13,0,143000,35100,21,0,8,0,0,2027-09-27,594,0,0
2026-02-11,Rabu,SKU011,Shampo Sachet Isi 12,Kebersihan,renceng,11000,0.0,11000,8300,6,0,66000,16200,8,0,2,0,0,2027-09-27,593,0,0
2026-02-12,Kamis,SKU011,Shampo Sachet Isi 12,Kebersihan,renceng,11000,10.0,9900,8300,11,0,108900,17600,60,58,49,0,0,2027-10-05,600,0,0
2026-02-13,Jumat,SKU011,Shampo Sachet Isi 12,Kebersihan,renceng,11000,0.0,11000,8300,12,0,132000,32400,49,0,37,0,0,2027-10-05,599,0,0
2026-02-14,Sabtu,SKU011,Shampo Sachet Isi 12,Kebersihan,renceng,11000,8.0,10100,8300,15,0,151500,27000,37,0,22,58,0,2027-10-05,598,0,0
2026-02-15,Minggu,SKU011,Shampo Sachet Isi 12,Kebersihan,renceng,11000,0.0,11000,8300,5,0,55000,13500,80,58,75,0,0,2027-10-08,600,0,0
2026-02-16,Senin,SKU011,Shampo Sachet Isi 12,Kebersihan,renceng,11000,10.0,9900,8300,4,0,39600,6400,75,0,71,0,0,2027-10-08,599,0,0
2026-02-17,Selasa,SKU011,Shampo Sachet Isi 12,Kebersihan,renceng,11000,10.0,9900,8300,7,0,69300,11200,71,0,64,0,0,2027-10-08,598,0,1
2026-02-18,Rabu,SKU011,Shampo Sachet Isi 12,Kebersihan,renceng,11000,18.0,9000,8300,12,0,108000,8400,64,0,52,0,0,2027-10-08,597,0,1
2026-02-19,Kamis,SKU011,Shampo Sachet Isi 12,Kebersihan,renceng,11000,5.0,10400,8300,8,0,83200,16800,52,0,44,0,0,2027-10-08,596,0,1
2026-02-20,Jumat,SKU011,Shampo Sachet Isi 12,Kebersihan,renceng,11000,20.0,8800,8300,9,0,79200,4500,44,0,35,0,0,2027-10-08,595,0,1
2026-02-21,Sabtu,SKU011,Shampo Sachet Isi 12,Kebersihan,renceng,11000,12.0,9700,8300,13,0,126100,18200,35,0,22,58,0,2027-10-08,594,0,1
2026-02-22,Minggu,SKU011,Shampo Sachet Isi 12,Kebersihan,renceng,11000,0.0,11000,8300,10,0,110000,27000,22,0,12,0,0,2027-10-08,593,0,1
2026-02-23,Senin,SKU011,Shampo Sachet Isi 12,Kebersihan,renceng,11000,22.58,8500,8300,6,0,51000,1200,12,0,6,0,0,2027-10-08,592,0,1
2026-02-24,Selasa,SKU011,Shampo Sachet Isi 12,Kebersihan,renceng,11000,0.0,11000,8300,8,0,88000,21600,64,58,56,0,0,2027-10-17,600,0,1
2026-02-25,Rabu,SKU011,Shampo Sachet Isi 12,Kebersihan,renceng,11000,5.0,10400,8300,10,0,104000,21000,56,0,46,0,0,2027-10-17,599,1,1
2026-02-26,Kamis,SKU011,Shampo Sachet Isi 12,Kebersihan,renceng,11000,8.0,10100,8300,10,0,101000,18000,46,0,36,0,0,2027-10-17,598,1,1
2026-02-27,Jumat,SKU011,Shampo Sachet Isi 12,Kebersihan,renceng,11000,0.0,11000,8300,8,0,88000,21600,36,0,28,0,0,2027-10-17,597,1,1
2026-02-28,Sabtu,SKU011,Shampo Sachet Isi 12,Kebersihan,renceng,11000,0.0,11000,8300,13,0,143000,35100,28,0,15,58,0,2027-10-17,596,1,1
2026-03-01,Minggu,SKU011,Shampo Sachet Isi 12,Kebersihan,renceng,11000,12.0,9700,8300,9,0,87300,12600,15,0,6,0,0,2027-10-17,595,1,1
2026-03-02,Senin,SKU011,Shampo Sachet Isi 12,Kebersihan,renceng,11000,5.0,10400,8300,8,0,83200,16800,64,58,56,0,0,2027-10-23,600,1,1
2026-03-03,Selasa,SKU011,Shampo Sachet Isi 12,Kebersihan,renceng,11000,18.0,9000,8300,11,0,99000,7700,56,0,45,0,0,2027-10-23,599,1,1
2026-03-04,Rabu,SKU011,Shampo Sachet Isi 12,Kebersihan,renceng,11000,0.0,11000,8300,10,0,110000,27000,45,0,35,0,0,2027-10-23,598,1,1
2026-03-05,Kamis,SKU011,Shampo Sachet Isi 12,Kebersihan,renceng,11000,0.0,11000,8300,1,0,11000,2700,35,0,34,0,0,2027-10-23,597,1,1
2026-03-06,Jumat,SKU011,Shampo Sachet Isi 12,Kebersihan,renceng,11000,0.0,11000,8300,7,0,77000,18900,34,0,27,0,0,2027-10-23,596,0,1
2026-03-07,Sabtu,SKU011,Shampo Sachet Isi 12,Kebersihan,renceng,11000,0.0,11000,8300,8,0,88000,21600,27,0,19,58,0,2027-10-23,595,0,1
2026-03-08,Minggu,SKU011,Shampo Sachet Isi 12,Kebersihan,renceng,11000,0.0,11000,8300,2,0,22000,5400,19,0,17,0,0,2027-10-23,594,0,1
2026-03-09,Senin,SKU011,Shampo Sachet Isi 12,Kebersihan,renceng,11000,0.0,11000,8300,7,0,77000,18900,75,58,68,0,0,2027-10-30,600,0,1
2026-03-10,Selasa,SKU011,Shampo Sachet Isi 12,Kebersihan,renceng,11000,0.0,11000,8300,8,0,88000,21600,68,0,60,0,0,2027-10-30,599,0,1
2026-03-11,Rabu,SKU011,Shampo Sachet Isi 12,Kebersihan,renceng,11000,5.0,10400,8300,12,0,124800,25200,60,0,48,0,0,2027-10-30,598,0,1
2026-03-12,Kamis,SKU011,Shampo Sachet Isi 12,Kebersihan,renceng,11000,0.0,11000,8300,6,0,66000,16200,48,0,42,0,0,2027-10-30,597,0,1
2026-03-13,Jumat,SKU011,Shampo Sachet Isi 12,Kebersihan,renceng,11000,0.0,11000,8300,12,0,132000,32400,42,0,30,0,0,2027-10-30,596,0,1
2026-03-14,Sabtu,SKU011,Shampo Sachet Isi 12,Kebersihan,renceng,11000,15.0,9400,8300,10,0,94000,11000,30,0,20,58,0,2027-10-30,595,0,1
2026-03-15,Minggu,SKU011,Shampo Sachet Isi 12,Kebersihan,renceng,11000,0.0,11000,8300,7,0,77000,18900,20,0,13,0,0,2027-10-30,594,0,1
2026-03-16,Senin,SKU011,Shampo Sachet Isi 12,Kebersihan,renceng,11000,0.0,11000,8300,4,0,44000,10800,13,0,9,0,0,2027-10-30,593,0,1
2026-03-17,Selasa,SKU011,Shampo Sachet Isi 12,Kebersihan,renceng,11000,10.0,9900,8300,12,0,118800,19200,67,58,55,0,0,2027-11-07,600,0,1
2026-03-18,Rabu,SKU011,Shampo Sachet Isi 12,Kebersihan,renceng,11000,10.0,9900,8300,8,0,79200,12800,55,0,47,0,0,2027-11-07,599,0,1
2026-03-19,Kamis,SKU011,Shampo Sachet Isi 12,Kebersihan,renceng,11000,0.0,11000,8300,8,0,88000,21600,47,0,39,0,0,2027-11-07,598,0,1
2026-03-20,Jumat,SKU011,Shampo Sachet Isi 12,Kebersihan,renceng,11000,0.0,11000,8300,4,0,44000,10800,39,0,35,0,0,2027-11-07,597,0,0
2026-03-21,Sabtu,SKU011,Shampo Sachet Isi 12,Kebersihan,renceng,11000,0.0,11000,8300,8,0,88000,21600,35,0,27,0,0,2027-11-07,596,0,0
2026-03-22,Minggu,SKU011,Shampo Sachet Isi 12,Kebersihan,renceng,11000,0.0,11000,8300,2,0,22000,5400,27,0,25,0,0,2027-11-07,595,0,0
2026-03-23,Senin,SKU011,Shampo Sachet Isi 12,Kebersihan,renceng,11000,22.58,8500,8300,4,0,34000,800,25,0,21,58,0,2027-11-07,594,0,0
2026-03-24,Selasa,SKU011,Shampo Sachet Isi 12,Kebersihan,renceng,11000,0.0,11000,8300,2,0,22000,5400,79,58,77,0,0,2027-11-14,600,0,0
2026-03-25,Rabu,SKU011,Shampo Sachet Isi 12,Kebersihan,renceng,11000,0.0,11000,8300,4,0,44000,10800,77,0,73,0,0,2027-11-14,599,1,0
2026-03-26,Kamis,SKU011,Shampo Sachet Isi 12,Kebersihan,renceng,11000,0.0,11000,8300,2,0,22000,5400,73,0,71,0,0,2027-11-14,598,1,0
2026-03-27,Jumat,SKU011,Shampo Sachet Isi 12,Kebersihan,renceng,11000,8.0,10100,8300,14,0,141400,25200,71,0,57,0,0,2027-11-14,597,1,0
2026-03-28,Sabtu,SKU011,Shampo Sachet Isi 12,Kebersihan,renceng,11000,5.0,10400,8300,16,0,166400,33600,57,0,41,0,0,2027-11-14,596,1,0
2026-03-29,Minggu,SKU011,Shampo Sachet Isi 12,Kebersihan,renceng,11000,0.0,11000,8300,9,0,99000,24300,41,0,32,0,0,2027-11-14,595,1,0
2026-03-30,Senin,SKU011,Shampo Sachet Isi 12,Kebersihan,renceng,11000,10.0,9900,8300,15,0,148500,24000,32,0,17,58,0,2027-11-14,594,1,0
2026-03-31,Selasa,SKU011,Shampo Sachet Isi 12,Kebersihan,renceng,11000,15.0,9400,8300,8,0,75200,8800,75,58,67,0,0,2027-11-21,600,1,0
2026-04-01,Rabu,SKU011,Shampo Sachet Isi 12,Kebersihan,renceng,11000,0.0,11000,8300,12,0,132000,32400,67,0,55,0,0,2027-11-21,599,1,0
2026-04-02,Kamis,SKU011,Shampo Sachet Isi 12,Kebersihan,renceng,11000,12.0,9700,8300,13,0,126100,18200,55,0,42,0,0,2027-11-21,598,1,0
2026-04-03,Jumat,SKU011,Shampo Sachet Isi 12,Kebersihan,renceng,11000,8.0,10100,8300,5,0,50500,9000,42,0,37,0,0,2027-11-21,597,1,0
2026-04-04,Sabtu,SKU011,Shampo Sachet Isi 12,Kebersihan,renceng,11000,15.0,9400,8300,14,0,131600,15400,37,0,23,0,0,2027-11-21,596,1,0
2026-04-05,Minggu,SKU011,Shampo Sachet Isi 12,Kebersihan,renceng,11000,15.0,9400,8300,16,0,150400,17600,23,0,7,58,0,2027-11-21,595,1,0
2026-04-06,Senin,SKU011,Shampo Sachet Isi 12,Kebersihan,renceng,11000,0.0,11000,8300,7,2,77000,18900,7,0,0,0,0,2027-11-21,594,0,0
2026-04-07,Selasa,SKU011,Shampo Sachet Isi 12,Kebersihan,renceng,11000,0.0,11000,8300,0,7,0,0,0,0,0,0,0,2027-11-21,593,0,0
2026-04-08,Rabu,SKU011,Shampo Sachet Isi 12,Kebersihan,renceng,11000,0.0,11000,8300,12,0,132000,32400,58,58,46,0,0,2027-11-29,600,0,0
2026-04-09,Kamis,SKU011,Shampo Sachet Isi 12,Kebersihan,renceng,11000,0.0,11000,8300,10,0,110000,27000,46,0,36,0,0,2027-11-29,599,0,0
2026-04-10,Jumat,SKU011,Shampo Sachet Isi 12,Kebersihan,renceng,11000,0.0,11000,8300,14,0,154000,37800,36,0,22,58,0,2027-11-29,598,0,0
2026-04-11,Sabtu,SKU011,Shampo Sachet Isi 12,Kebersihan,renceng,11000,0.0,11000,8300,11,0,121000,29700,22,0,11,0,0,2027-11-29,597,0,0
2026-04-12,Minggu,SKU011,Shampo Sachet Isi 12,Kebersihan,renceng,11000,0.0,11000,8300,3,0,33000,8100,11,0,8,0,0,2027-11-29,596,0,0
2026-04-13,Senin,SKU011,Shampo Sachet Isi 12,Kebersihan,renceng,11000,0.0,11000,8300,2,0,22000,5400,66,58,64,0,0,2027-12-04,600,0,0
2026-04-14,Selasa,SKU011,Shampo Sachet Isi 12,Kebersihan,renceng,11000,22.58,8500,8300,8,0,68000,1600,64,0,56,0,0,2027-12-04,599,0,0
2026-04-15,Rabu,SKU011,Shampo Sachet Isi 12,Kebersihan,renceng,11000,0.0,11000,8300,5,0,55000,13500,56,0,51,0,0,2027-12-04,598,0,0
2026-04-16,Kamis,SKU011,Shampo Sachet Isi 12,Kebersihan,renceng,11000,8.0,10100,8300,6,0,60600,10800,51,0,45,0,0,2027-12-04,597,0,0
2026-04-17,Jumat,SKU011,Shampo Sachet Isi 12,Kebersihan,renceng,11000,22.58,8500,8300,11,0,93500,2200,45,0,34,0,0,2027-12-04,596,0,0
2026-04-18,Sabtu,SKU011,Shampo Sachet Isi 12,Kebersihan,renceng,11000,0.0,11000,8300,5,0,55000,13500,34,0,29,0,0,2027-12-04,595,0,0
2026-04-19,Minggu,SKU011,Shampo Sachet Isi 12,Kebersihan,renceng,11000,5.0,10400,8300,9,0,93600,18900,29,0,20,58,0,2027-12-04,594,0,0
2026-04-20,Senin,SKU011,Shampo Sachet Isi 12,Kebersihan,renceng,11000,8.0,10100,8300,5,0,50500,9000,20,0,15,0,0,2027-12-04,593,0,0
2026-04-21,Selasa,SKU011,Shampo Sachet Isi 12,Kebersihan,renceng,11000,0.0,11000,8300,5,0,55000,13500,15,0,10,0,0,2027-12-04,592,0,0
2026-04-22,Rabu,SKU011,Shampo Sachet Isi 12,Kebersihan,renceng,11000,0.0,11000,8300,9,0,99000,24300,68,58,59,0,0,2027-12-13,600,0,0
2026-04-23,Kamis,SKU011,Shampo Sachet Isi 12,Kebersihan,renceng,11000,0.0,11000,8300,7,0,77000,18900,59,0,52,0,0,2027-12-13,599,0,0
2026-04-24,Jumat,SKU011,Shampo Sachet Isi 12,Kebersihan,renceng,11000,8.0,10100,8300,4,0,40400,7200,52,0,48,0,0,2027-12-13,598,0,0
2026-04-25,Sabtu,SKU011,Shampo Sachet Isi 12,Kebersihan,renceng,11000,0.0,11000,8300,8,0,88000,21600,48,0,40,0,0,2027-12-13,597,1,0
2026-04-26,Minggu,SKU011,Shampo Sachet Isi 12,Kebersihan,renceng,11000,8.0,10100,8300,19,0,191900,34200,40,0,21,58,0,2027-12-13,596,1,0
2026-04-27,Senin,SKU011,Shampo Sachet Isi 12,Kebersihan,renceng,11000,0.0,11000,8300,9,0,99000,24300,21,0,12,0,0,2027-12-13,595,1,0
2026-04-28,Selasa,SKU011,Shampo Sachet Isi 12,Kebersihan,renceng,11000,0.0,11000,8300,9,0,99000,24300,12,0,3,0,0,2027-12-13,594,1,0
2026-04-29,Rabu,SKU011,Shampo Sachet Isi 12,Kebersihan,renceng,11000,12.0,9700,8300,17,0,164900,23800,61,58,44,0,0,2027-12-20,600,1,0
2026-04-30,Kamis,SKU011,Shampo Sachet Isi 12,Kebersihan,renceng,11000,0.0,11000,8300,10,0,110000,27000,44,0,34,0,0,2027-12-20,599,1,0
2026-05-01,Jumat,SKU011,Shampo Sachet Isi 12,Kebersihan,renceng,11000,15.0,9400,8300,16,0,150400,17600,34,0,18,58,0,2027-12-20,598,1,0
2026-05-02,Sabtu,SKU011,Shampo Sachet Isi 12,Kebersihan,renceng,11000,22.58,8500,8300,12,0,102000,2400,18,0,6,0,0,2027-12-20,597,1,0
2026-05-03,Minggu,SKU011,Shampo Sachet Isi 12,Kebersihan,renceng,11000,0.0,11000,8300,10,0,110000,27000,64,58,54,0,0,2027-12-24,600,1,0
2026-05-04,Senin,SKU011,Shampo Sachet Isi 12,Kebersihan,renceng,11000,0.0,11000,8300,7,0,77000,18900,54,0,47,0,0,2027-12-24,599,1,0
2026-05-05,Selasa,SKU011,Shampo Sachet Isi 12,Kebersihan,renceng,11000,22.58,8500,8300,7,0,59500,1400,47,0,40,0,0,2027-12-24,598,1,0
2026-05-06,Rabu,SKU011,Shampo Sachet Isi 12,Kebersihan,renceng,11000,0.0,11000,8300,6,0,66000,16200,40,0,34,0,0,2027-12-24,597,0,0
2026-05-07,Kamis,SKU011,Shampo Sachet Isi 12,Kebersihan,renceng,11000,0.0,11000,8300,3,0,33000,8100,34,0,31,0,0,2027-12-24,596,0,0
2026-05-08,Jumat,SKU011,Shampo Sachet Isi 12,Kebersihan,renceng,11000,5.0,10400,8300,9,0,93600,18900,31,0,22,58,0,2027-12-24,595,0,0
2026-05-09,Sabtu,SKU011,Shampo Sachet Isi 12,Kebersihan,renceng,11000,0.0,11000,8300,8,0,88000,21600,80,58,72,0,0,2027-12-30,600,0,0
2026-05-10,Minggu,SKU011,Shampo Sachet Isi 12,Kebersihan,renceng,11000,20.0,8800,8300,8,0,70400,4000,72,0,64,0,0,2027-12-30,599,0,0
2026-05-11,Senin,SKU011,Shampo Sachet Isi 12,Kebersihan,renceng,11000,0.0,11000,8300,4,0,44000,10800,64,0,60,0,0,2027-12-30,598,0,0
2026-05-12,Selasa,SKU011,Shampo Sachet Isi 12,Kebersihan,renceng,11000,22.58,8500,8300,4,0,34000,800,60,0,56,0,0,2027-12-30,597,0,0
2026-05-13,Rabu,SKU011,Shampo Sachet Isi 12,Kebersihan,renceng,11000,0.0,11000,8300,7,0,77000,18900,56,0,49,0,0,2027-12-30,596,0,0
2026-05-14,Kamis,SKU011,Shampo Sachet Isi 12,Kebersihan,renceng,11000,22.58,8500,8300,7,0,59500,1400,49,0,42,0,0,2027-12-30,595,0,0
2026-05-15,Jumat,SKU011,Shampo Sachet Isi 12,Kebersihan,renceng,11000,0.0,11000,8300,8,0,88000,21600,42,0,34,0,0,2027-12-30,594,0,0
2026-05-16,Sabtu,SKU011,Shampo Sachet Isi 12,Kebersihan,renceng,11000,0.0,11000,8300,10,0,110000,27000,34,0,24,0,0,2027-12-30,593,0,0
2026-05-17,Minggu,SKU011,Shampo Sachet Isi 12,Kebersihan,renceng,11000,5.0,10400,8300,9,0,93600,18900,24,0,15,58,0,2027-12-30,592,0,0
2026-05-18,Senin,SKU011,Shampo Sachet Isi 12,Kebersihan,renceng,11000,18.0,9000,8300,10,0,90000,7000,15,0,5,0,0,2027-12-30,591,0,0
2026-05-19,Selasa,SKU011,Shampo Sachet Isi 12,Kebersihan,renceng,11000,0.0,11000,8300,5,1,55000,13500,5,0,0,0,0,2027-12-30,590,0,0
2026-05-20,Rabu,SKU011,Shampo Sachet Isi 12,Kebersihan,renceng,11000,10.0,9900,8300,9,0,89100,14400,58,58,49,0,0,2028-01-10,600,0,0
2026-05-21,Kamis,SKU011,Shampo Sachet Isi 12,Kebersihan,renceng,11000,18.0,9000,8300,7,0,63000,4900,49,0,42,0,0,2028-01-10,599,0,0
2026-05-22,Jumat,SKU011,Shampo Sachet Isi 12,Kebersihan,renceng,11000,0.0,11000,8300,4,0,44000,10800,42,0,38,0,0,2028-01-10,598,0,0
2026-05-23,Sabtu,SKU011,Shampo Sachet Isi 12,Kebersihan,renceng,11000,22.58,8500,8300,13,0,110500,2600,38,0,25,0,0,2028-01-10,597,0,0
2026-05-24,Minggu,SKU011,Shampo Sachet Isi 12,Kebersihan,renceng,11000,0.0,11000,8300,2,0,22000,5400,25,0,23,0,0,2028-01-10,596,0,0
2026-05-25,Senin,SKU011,Shampo Sachet Isi 12,Kebersihan,renceng,11000,22.58,8500,8300,17,0,144500,3400,23,0,6,58,0,2028-01-10,595,1,0
2026-05-26,Selasa,SKU011,Shampo Sachet Isi 12,Kebersihan,renceng,11000,0.0,11000,8300,4,0,44000,10800,6,0,2,0,0,2028-01-10,594,1,0
2026-05-27,Rabu,SKU011,Shampo Sachet Isi 12,Kebersihan,renceng,11000,0.0,11000,8300,2,2,22000,5400,2,0,0,0,0,2028-01-10,593,1,0
2026-05-28,Kamis,SKU011,Shampo Sachet Isi 12,Kebersihan,renceng,11000,0.0,11000,8300,7,0,77000,18900,58,58,51,0,0,2028-01-18,600,1,0
2026-05-29,Jumat,SKU011,Shampo Sachet Isi 12,Kebersihan,renceng,11000,0.0,11000,8300,12,0,132000,32400,51,0,39,0,0,2028-01-18,599,1,0
2026-05-30,Sabtu,SKU011,Shampo Sachet Isi 12,Kebersihan,renceng,11000,0.0,11000,8300,19,0,209000,51300,39,0,20,58,0,2028-01-18,598,1,0
2026-05-31,Minggu,SKU011,Shampo Sachet Isi 12,Kebersihan,renceng,11000,15.0,9400,8300,12,0,112800,13200,20,0,8,0,0,2028-01-18,597,1,0
2026-06-01,Senin,SKU011,Shampo Sachet Isi 12,Kebersihan,renceng,11000,0.0,11000,8300,12,0,132000,32400,66,58,54,0,0,2028-01-22,600,1,0
2026-06-02,Selasa,SKU011,Shampo Sachet Isi 12,Kebersihan,renceng,11000,0.0,11000,8300,2,0,22000,5400,54,0,52,0,0,2028-01-22,599,1,0
2026-06-03,Rabu,SKU011,Shampo Sachet Isi 12,Kebersihan,renceng,11000,22.58,8500,8300,7,0,59500,1400,52,0,45,0,0,2028-01-22,598,1,0
2026-06-04,Kamis,SKU011,Shampo Sachet Isi 12,Kebersihan,renceng,11000,0.0,11000,8300,9,0,99000,24300,45,0,36,0,0,2028-01-22,597,1,0
2026-06-05,Jumat,SKU011,Shampo Sachet Isi 12,Kebersihan,renceng,11000,12.0,9700,8300,14,0,135800,19600,36,0,22,58,0,2028-01-22,596,1,0
2026-06-06,Sabtu,SKU011,Shampo Sachet Isi 12,Kebersihan,renceng,11000,0.0,11000,8300,14,0,154000,37800,80,58,66,0,0,2028-01-27,600,0,0
2026-06-07,Minggu,SKU011,Shampo Sachet Isi 12,Kebersihan,renceng,11000,0.0,11000,8300,7,0,77000,18900,66,0,59,0,0,2028-01-27,599,0,0
2026-06-08,Senin,SKU011,Shampo Sachet Isi 12,Kebersihan,renceng,11000,22.58,8500,8300,3,0,25500,600,59,0,56,0,0,2028-01-27,598,0,0
2026-06-09,Selasa,SKU011,Shampo Sachet Isi 12,Kebersihan,renceng,11000,18.0,9000,8300,9,0,81000,6300,56,0,47,0,0,2028-01-27,597,0,0
2026-06-10,Rabu,SKU011,Shampo Sachet Isi 12,Kebersihan,renceng,11000,10.0,9900,8300,7,0,69300,11200,47,0,40,0,0,2028-01-27,596,0,0
2026-06-11,Kamis,SKU011,Shampo Sachet Isi 12,Kebersihan,renceng,11000,22.58,8500,8300,9,0,76500,1800,40,0,31,0,0,2028-01-27,595,0,0
2026-06-12,Jumat,SKU011,Shampo Sachet Isi 12,Kebersihan,renceng,11000,0.0,11000,8300,6,0,66000,16200,31,0,25,0,0,2028-01-27,594,0,0
2026-06-13,Sabtu,SKU011,Shampo Sachet Isi 12,Kebersihan,renceng,11000,20.0,8800,8300,14,0,123200,7000,25,0,11,127,0,2028-01-27,593,0,0
2026-06-14,Minggu,SKU011,Shampo Sachet Isi 12,Kebersihan,renceng,11000,0.0,11000,8300,6,0,66000,16200,11,0,5,0,0,2028-01-27,592,0,0
2026-06-15,Senin,SKU011,Shampo Sachet Isi 12,Kebersihan,renceng,11000,0.0,11000,8300,8,0,88000,21600,132,127,124,0,0,2028-02-05,600,0,0
2026-06-16,Selasa,SKU011,Shampo Sachet Isi 12,Kebersihan,renceng,11000,18.0,9000,8300,12,0,108000,8400,124,0,112,0,0,2028-02-05,599,0,0
2026-06-17,Rabu,SKU011,Shampo Sachet Isi 12,Kebersihan,renceng,11000,22.58,8500,8300,13,0,110500,2600,112,0,99,0,0,2028-02-05,598,0,0
2026-06-18,Kamis,SKU011,Shampo Sachet Isi 12,Kebersihan,renceng,11000,0.0,11000,8300,10,0,110000,27000,99,0,89,0,0,2028-02-05,597,0,0
2026-06-19,Jumat,SKU011,Shampo Sachet Isi 12,Kebersihan,renceng,11000,0.0,11000,8300,6,0,66000,16200,89,0,83,0,0,2028-02-05,596,0,0
2026-06-20,Sabtu,SKU011,Shampo Sachet Isi 12,Kebersihan,renceng,11000,8.0,10100,8300,12,0,121200,21600,83,0,71,0,0,2028-02-05,595,0,0
2026-06-21,Minggu,SKU011,Shampo Sachet Isi 12,Kebersihan,renceng,11000,0.0,11000,8300,3,0,33000,8100,71,0,68,0,0,2028-02-05,594,0,0
2026-06-22,Senin,SKU011,Shampo Sachet Isi 12,Kebersihan,renceng,11000,0.0,11000,8300,3,0,33000,8100,68,0,65,0,0,2028-02-05,593,0,0
2026-06-23,Selasa,SKU011,Shampo Sachet Isi 12,Kebersihan,renceng,11000,0.0,11000,8300,4,0,44000,10800,65,0,61,0,0,2028-02-05,592,0,0
2026-06-24,Rabu,SKU011,Shampo Sachet Isi 12,Kebersihan,renceng,11000,10.0,9900,8300,7,0,69300,11200,61,0,54,0,0,2028-02-05,591,0,0
2026-06-25,Kamis,SKU011,Shampo Sachet Isi 12,Kebersihan,renceng,11000,0.0,11000,8300,7,0,77000,18900,54,0,47,0,0,2028-02-05,590,1,0
2026-06-26,Jumat,SKU011,Shampo Sachet Isi 12,Kebersihan,renceng,11000,0.0,11000,8300,11,0,121000,29700,47,0,36,0,0,2028-02-05,589,1,0
2026-06-27,Sabtu,SKU011,Shampo Sachet Isi 12,Kebersihan,renceng,11000,0.0,11000,8300,9,0,99000,24300,36,0,27,0,0,2028-02-05,588,1,0
2026-06-28,Minggu,SKU011,Shampo Sachet Isi 12,Kebersihan,renceng,11000,8.0,10100,8300,13,0,131300,23400,27,0,14,58,0,2028-02-05,587,1,0
2026-06-29,Senin,SKU011,Shampo Sachet Isi 12,Kebersihan,renceng,11000,0.0,11000,8300,8,0,88000,21600,72,58,64,0,0,2028-02-19,600,1,0
2026-06-30,Selasa,SKU011,Shampo Sachet Isi 12,Kebersihan,renceng,11000,0.0,11000,8300,9,0,99000,24300,64,0,55,0,0,2028-02-19,599,1,0
2026-07-01,Rabu,SKU011,Shampo Sachet Isi 12,Kebersihan,renceng,11000,15.0,9400,8300,16,0,150400,17600,55,0,39,0,0,2028-02-19,598,1,0
2026-07-02,Kamis,SKU011,Shampo Sachet Isi 12,Kebersihan,renceng,11000,5.0,10400,8300,4,0,41600,8400,39,0,35,0,0,2028-02-19,597,1,0
2026-07-03,Jumat,SKU011,Shampo Sachet Isi 12,Kebersihan,renceng,11000,0.0,11000,8300,10,0,110000,27000,35,0,25,0,0,2028-02-19,596,1,0
2026-07-04,Sabtu,SKU011,Shampo Sachet Isi 12,Kebersihan,renceng,11000,0.0,11000,8300,16,0,176000,43200,25,0,9,58,0,2028-02-19,595,1,0
2026-07-05,Minggu,SKU011,Shampo Sachet Isi 12,Kebersihan,renceng,11000,5.0,10400,8300,8,0,83200,16800,67,58,59,0,0,2028-02-25,600,1,0
2026-07-06,Senin,SKU011,Shampo Sachet Isi 12,Kebersihan,renceng,11000,0.0,11000,8300,6,0,66000,16200,59,0,53,0,0,2028-02-25,599,0,0
2026-07-07,Selasa,SKU011,Shampo Sachet Isi 12,Kebersihan,renceng,11000,0.0,11000,8300,8,0,88000,21600,53,0,45,0,0,2028-02-25,598,0,0
2026-07-08,Rabu,SKU011,Shampo Sachet Isi 12,Kebersihan,renceng,11000,22.58,8500,8300,6,0,51000,1200,45,0,39,0,0,2028-02-25,597,0,0
2026-07-09,Kamis,SKU011,Shampo Sachet Isi 12,Kebersihan,renceng,11000,0.0,11000,8300,5,0,55000,13500,39,0,34,0,0,2028-02-25,596,0,0
2026-07-10,Jumat,SKU011,Shampo Sachet Isi 12,Kebersihan,renceng,11000,0.0,11000,8300,6,0,66000,16200,34,0,28,0,0,2028-02-25,595,0,0
2026-07-11,Sabtu,SKU011,Shampo Sachet Isi 12,Kebersihan,renceng,11000,18.0,9000,8300,12,0,108000,8400,28,0,16,58,0,2028-02-25,594,0,0
2026-07-12,Minggu,SKU011,Shampo Sachet Isi 12,Kebersihan,renceng,11000,0.0,11000,8300,12,0,132000,32400,16,0,4,0,0,2028-02-25,593,0,0
2026-07-13,Senin,SKU011,Shampo Sachet Isi 12,Kebersihan,renceng,11000,0.0,11000,8300,1,0,11000,2700,4,0,3,0,0,2028-02-25,592,0,0
2026-07-14,Selasa,SKU011,Shampo Sachet Isi 12,Kebersihan,renceng,11000,0.0,11000,8300,5,0,55000,13500,61,58,56,0,0,2028-03-05,600,0,0
2026-07-15,Rabu,SKU011,Shampo Sachet Isi 12,Kebersihan,renceng,11000,0.0,11000,8300,8,0,88000,21600,56,0,48,0,0,2028-03-05,599,0,0
2026-07-16,Kamis,SKU011,Shampo Sachet Isi 12,Kebersihan,renceng,11000,0.0,11000,8300,7,0,77000,18900,48,0,41,0,0,2028-03-05,598,0,0
2026-07-17,Jumat,SKU011,Shampo Sachet Isi 12,Kebersihan,renceng,11000,8.0,10100,8300,10,0,101000,18000,41,0,31,0,0,2028-03-05,597,0,0
2026-07-18,Sabtu,SKU011,Shampo Sachet Isi 12,Kebersihan,renceng,11000,0.0,11000,8300,10,0,110000,27000,31,0,21,58,0,2028-03-05,596,0,0
2026-07-19,Minggu,SKU011,Shampo Sachet Isi 12,Kebersihan,renceng,11000,0.0,11000,8300,17,0,187000,45900,79,58,62,0,0,2028-03-10,600,0,0
2026-07-20,Senin,SKU011,Shampo Sachet Isi 12,Kebersihan,renceng,11000,0.0,11000,8300,7,0,77000,18900,62,0,55,0,0,2028-03-10,599,0,0
2026-07-21,Selasa,SKU011,Shampo Sachet Isi 12,Kebersihan,renceng,11000,12.0,9700,8300,4,0,38800,5600,55,0,51,0,0,2028-03-10,598,0,0
2026-07-22,Rabu,SKU011,Shampo Sachet Isi 12,Kebersihan,renceng,11000,10.0,9900,8300,6,0,59400,9600,51,0,45,0,0,2028-03-10,597,0,0
2026-07-23,Kamis,SKU011,Shampo Sachet Isi 12,Kebersihan,renceng,11000,12.0,9700,8300,6,0,58200,8400,45,0,39,0,0,2028-03-10,596,0,0
2026-07-24,Jumat,SKU011,Shampo Sachet Isi 12,Kebersihan,renceng,11000,18.0,9000,8300,9,0,81000,6300,39,0,30,0,0,2028-03-10,595,0,0
2026-07-25,Sabtu,SKU011,Shampo Sachet Isi 12,Kebersihan,renceng,11000,0.0,11000,8300,9,0,99000,24300,30,0,21,58,0,2028-03-10,594,1,0
2026-07-26,Minggu,SKU011,Shampo Sachet Isi 12,Kebersihan,renceng,11000,0.0,11000,8300,18,0,198000,48600,21,0,3,0,0,2028-03-10,593,1,0
2026-07-27,Senin,SKU011,Shampo Sachet Isi 12,Kebersihan,renceng,11000,10.0,9900,8300,3,6,29700,4800,3,0,0,0,0,2028-03-10,592,1,0
2026-07-28,Selasa,SKU011,Shampo Sachet Isi 12,Kebersihan,renceng,11000,20.0,8800,8300,10,0,88000,5000,58,58,48,0,0,2028-03-19,600,1,0
2026-07-29,Rabu,SKU011,Shampo Sachet Isi 12,Kebersihan,renceng,11000,5.0,10400,8300,3,0,31200,6300,48,0,45,0,0,2028-03-19,599,1,0
2026-07-30,Kamis,SKU011,Shampo Sachet Isi 12,Kebersihan,renceng,11000,10.0,9900,8300,3,0,29700,4800,45,0,42,0,0,2028-03-19,598,1,0
2026-07-31,Jumat,SKU011,Shampo Sachet Isi 12,Kebersihan,renceng,11000,18.0,9000,8300,20,0,180000,14000,42,0,22,58,0,2028-03-19,597,1,0
2026-08-01,Sabtu,SKU011,Shampo Sachet Isi 12,Kebersihan,renceng,11000,12.0,9700,8300,20,0,194000,28000,80,58,60,0,0,2028-03-23,600,1,0
2026-08-02,Minggu,SKU011,Shampo Sachet Isi 12,Kebersihan,renceng,11000,0.0,11000,8300,14,0,154000,37800,60,0,46,0,0,2028-03-23,599,1,0
2026-08-03,Senin,SKU011,Shampo Sachet Isi 12,Kebersihan,renceng,11000,0.0,11000,8300,9,0,99000,24300,46,0,37,0,0,2028-03-23,598,1,0
2026-08-04,Selasa,SKU011,Shampo Sachet Isi 12,Kebersihan,renceng,11000,20.0,8800,8300,4,0,35200,2000,37,0,33,0,0,2028-03-23,597,1,0
2026-08-05,Rabu,SKU011,Shampo Sachet Isi 12,Kebersihan,renceng,11000,0.0,11000,8300,9,0,99000,24300,33,0,24,0,0,2028-03-23,596,1,0
2026-08-06,Kamis,SKU011,Shampo Sachet Isi 12,Kebersihan,renceng,11000,0.0,11000,8300,3,0,33000,8100,24,0,21,58,0,2028-03-23,595,0,0
2026-08-07,Jumat,SKU011,Shampo Sachet Isi 12,Kebersihan,renceng,11000,0.0,11000,8300,6,0,66000,16200,21,0,15,0,0,2028-03-23,594,0,0
2026-08-08,Sabtu,SKU011,Shampo Sachet Isi 12,Kebersihan,renceng,11000,12.0,9700,8300,9,0,87300,12600,15,0,6,0,0,2028-03-23,593,0,0
2026-08-09,Minggu,SKU011,Shampo Sachet Isi 12,Kebersihan,renceng,11000,10.0,9900,8300,9,0,89100,14400,64,58,55,0,0,2028-03-31,600,0,0
2026-08-10,Senin,SKU011,Shampo Sachet Isi 12,Kebersihan,renceng,11000,0.0,11000,8300,6,0,66000,16200,55,0,49,0,0,2028-03-31,599,0,0
2026-08-11,Selasa,SKU011,Shampo Sachet Isi 12,Kebersihan,renceng,11000,0.0,11000,8300,6,0,66000,16200,49,0,43,0,0,2028-03-31,598,0,0
2026-08-12,Rabu,SKU011,Shampo Sachet Isi 12,Kebersihan,renceng,11000,0.0,11000,8300,7,0,77000,18900,43,0,36,0,0,2028-03-31,597,0,0
2026-08-13,Kamis,SKU011,Shampo Sachet Isi 12,Kebersihan,renceng,11000,0.0,11000,8300,12,0,132000,32400,36,0,24,0,0,2028-03-31,596,0,0
2026-08-14,Jumat,SKU011,Shampo Sachet Isi 12,Kebersihan,renceng,11000,0.0,11000,8300,3,0,33000,8100,24,0,21,58,0,2028-03-31,595,0,0
2026-08-15,Sabtu,SKU011,Shampo Sachet Isi 12,Kebersihan,renceng,11000,0.0,11000,8300,11,0,121000,29700,79,58,68,0,0,2028-04-06,600,0,0
2026-08-16,Minggu,SKU011,Shampo Sachet Isi 12,Kebersihan,renceng,11000,0.0,11000,8300,8,0,88000,21600,68,0,60,0,0,2028-04-06,599,0,0
2026-08-17,Senin,SKU011,Shampo Sachet Isi 12,Kebersihan,renceng,11000,0.0,11000,8300,2,0,22000,5400,60,0,58,0,0,2028-04-06,598,0,0
2025-08-18,Senin,SKU012,Roti Tawar Gandum,Segar,bungkus,16500,15.0,14000,13200,9,0,126000,7200,30,0,21,0,0,2025-08-21,3,0,0
2025-08-19,Selasa,SKU012,Roti Tawar Gandum,Segar,bungkus,16500,18.4,13500,13200,9,0,121500,2700,21,0,12,38,0,2025-08-21,2,0,0
2025-08-20,Rabu,SKU012,Roti Tawar Gandum,Segar,bungkus,16500,0.0,16500,13200,7,0,115500,23100,50,38,43,0,0,2025-08-27,7,0,0
2025-08-21,Kamis,SKU012,Roti Tawar Gandum,Segar,bungkus,16500,0.0,16500,13200,5,0,82500,16500,43,0,38,0,0,2025-08-27,6,0,0
2025-08-22,Jumat,SKU012,Roti Tawar Gandum,Segar,bungkus,16500,18.4,13500,13200,7,0,94500,2100,38,0,31,0,0,2025-08-27,5,0,0
2025-08-23,Sabtu,SKU012,Roti Tawar Gandum,Segar,bungkus,16500,15.0,14000,13200,9,0,126000,7200,31,0,22,0,0,2025-08-27,4,0,0
2025-08-24,Minggu,SKU012,Roti Tawar Gandum,Segar,bungkus,16500,15.0,14000,13200,13,0,182000,10400,22,0,9,38,0,2025-08-27,3,0,0
2025-08-25,Senin,SKU012,Roti Tawar Gandum,Segar,bungkus,16500,18.4,13500,13200,9,6,121500,2700,9,0,0,0,0,2025-08-27,2,1,0
2025-08-26,Selasa,SKU012,Roti Tawar Gandum,Segar,bungkus,16500,18.4,13500,13200,0,18,0,0,0,0,0,0,0,2025-08-27,1,1,0
2025-08-27,Rabu,SKU012,Roti Tawar Gandum,Segar,bungkus,16500,0.0,16500,13200,6,0,99000,19800,38,38,32,0,0,2025-09-03,7,1,0
2025-08-28,Kamis,SKU012,Roti Tawar Gandum,Segar,bungkus,16500,15.0,14000,13200,10,0,140000,8000,32,0,22,0,0,2025-09-03,6,1,0
2025-08-29,Jumat,SKU012,Roti Tawar Gandum,Segar,bungkus,16500,8.0,15200,13200,9,0,136800,18000,22,0,13,38,0,2025-09-03,5,1,0
2025-08-30,Sabtu,SKU012,Roti Tawar Gandum,Segar,bungkus,16500,18.4,13500,13200,9,0,121500,2700,13,0,4,0,0,2025-09-03,4,1,0
2025-08-31,Minggu,SKU012,Roti Tawar Gandum,Segar,bungkus,16500,18.4,13500,13200,4,11,54000,1200,4,0,0,0,0,2025-09-03,3,1,0
2025-09-01,Senin,SKU012,Roti Tawar Gandum,Segar,bungkus,16500,5.0,15700,13200,7,0,109900,17500,38,38,31,0,0,2025-09-08,7,1,0
2025-09-02,Selasa,SKU012,Roti Tawar Gandum,Segar,bungkus,16500,0.0,16500,13200,2,0,33000,6600,31,0,29,0,0,2025-09-08,6,1,0
2025-09-03,Rabu,SKU012,Roti Tawar Gandum,Segar,bungkus,16500,0.0,16500,13200,9,0,148500,29700,29,0,20,0,0,2025-09-08,5,1,0
2025-09-04,Kamis,SKU012,Roti Tawar Gandum,Segar,bungkus,16500,15.0,14000,13200,19,0,266000,15200,20,0,1,38,0,2025-09-08,4,1,0
2025-09-05,Jumat,SKU012,Roti Tawar Gandum,Segar,bungkus,16500,15.0,14000,13200,1,13,14000,800,1,0,0,0,0,2025-09-08,3,1,0
2025-09-06,Sabtu,SKU012,Roti Tawar Gandum,Segar,bungkus,16500,18.4,13500,13200,0,27,0,0,0,0,0,0,0,2025-09-08,2,0,0
2025-09-07,Minggu,SKU012,Roti Tawar Gandum,Segar,bungkus,16500,5.0,15700,13200,9,0,141300,22500,38,38,29,0,0,2025-09-14,7,0,0
2025-09-08,Senin,SKU012,Roti Tawar Gandum,Segar,bungkus,16500,0.0,16500,13200,8,0,132000,26400,29,0,21,0,0,2025-09-14,6,0,0
2025-09-09,Selasa,SKU012,Roti Tawar Gandum,Segar,bungkus,16500,0.0,16500,13200,6,0,99000,19800,21,0,15,0,0,2025-09-14,5,0,0
2025-09-10,Rabu,SKU012,Roti Tawar Gandum,Segar,bungkus,16500,15.0,14000,13200,15,3,210000,12000,15,0,0,38,0,2025-09-14,4,0,0
2025-09-11,Kamis,SKU012,Roti Tawar Gandum,Segar,bungkus,16500,15.0,14000,13200,0,3,0,0,0,0,0,0,0,2025-09-14,3,0,0
2025-09-12,Jumat,SKU012,Roti Tawar Gandum,Segar,bungkus,16500,18.4,13500,13200,0,14,0,0,0,0,0,0,0,2025-09-14,2,0,0
2025-09-13,Sabtu,SKU012,Roti Tawar Gandum,Segar,bungkus,16500,0.0,16500,13200,9,0,148500,29700,38,38,29,0,0,2025-09-20,7,0,0
2025-09-14,Minggu,SKU012,Roti Tawar Gandum,Segar,bungkus,16500,18.4,13500,13200,6,0,81000,1800,29,0,23,0,0,2025-09-20,6,0,0
2025-09-15,Senin,SKU012,Roti Tawar Gandum,Segar,bungkus,16500,0.0,16500,13200,4,0,66000,13200,23,0,19,0,0,2025-09-20,5,0,0
2025-09-16,Selasa,SKU012,Roti Tawar Gandum,Segar,bungkus,16500,15.0,14000,13200,11,0,154000,8800,19,0,8,38,0,2025-09-20,4,0,0
2025-09-17,Rabu,SKU012,Roti Tawar Gandum,Segar,bungkus,16500,15.0,14000,13200,8,0,112000,6400,8,0,0,0,0,2025-09-20,3,0,0
2025-09-18,Kamis,SKU012,Roti Tawar Gandum,Segar,bungkus,16500,18.4,13500,13200,0,5,0,0,0,0,0,0,0,2025-09-20,2,0,0
2025-09-19,Jumat,SKU012,Roti Tawar Gandum,Segar,bungkus,16500,8.0,15200,13200,8,0,121600,16000,38,38,30,0,0,2025-09-26,7,0,0
2025-09-20,Sabtu,SKU012,Roti Tawar Gandum,Segar,bungkus,16500,0.0,16500,13200,11,0,181500,36300,30,0,19,0,0,2025-09-26,6,0,0
2025-09-21,Minggu,SKU012,Roti Tawar Gandum,Segar,bungkus,16500,10.0,14800,13200,11,0,162800,17600,19,0,8,83,0,2025-09-26,5,0,0
2025-09-22,Senin,SKU012,Roti Tawar Gandum,Segar,bungkus,16500,15.0,14000,13200,8,2,112000,6400,8,0,0,0,0,2025-09-26,4,0,0
2025-09-23,Selasa,SKU012,Roti Tawar Gandum,Segar,bungkus,16500,15.0,14000,13200,0,14,0,0,0,0,0,0,0,2025-09-26,3,0,0
2025-09-24,Rabu,SKU012,Roti Tawar Gandum,Segar,bungkus,16500,0.0,16500,13200,3,0,49500,9900,83,83,80,0,0,2025-10-01,7,0,0
2025-09-25,Kamis,SKU012,Roti Tawar Gandum,Segar,bungkus,16500,0.0,16500,13200,9,0,148500,29700,80,0,71,0,0,2025-10-01,6,1,0
2025-09-26,Jumat,SKU012,Roti Tawar Gandum,Segar,bungkus,16500,0.0,16500,13200,12,0,198000,39600,71,0,59,0,0,2025-10-01,5,1,0
2025-09-27,Sabtu,SKU012,Roti Tawar Gandum,Segar,bungkus,16500,15.0,14000,13200,16,0,224000,12800,59,0,43,0,0,2025-10-01,4,1,0
2025-09-28,Minggu,SKU012,Roti Tawar Gandum,Segar,bungkus,16500,15.0,14000,13200,8,0,112000,6400,43,0,35,0,0,2025-10-01,3,1,0
2025-09-29,Senin,SKU012,Roti Tawar Gandum,Segar,bungkus,16500,18.4,13500,13200,13,0,175500,3900,35,0,22,0,0,2025-10-01,2,1,0
2025-09-30,Selasa,SKU012,Roti Tawar Gandum,Segar,bungkus,16500,18.4,13500,13200,18,0,243000,5400,22,0,4,38,0,2025-10-01,1,1,0
2025-10-01,Rabu,SKU012,Roti Tawar Gandum,Segar,bungkus,16500,18.4,13500,13200,4,2,54000,1200,4,0,0,0,0,2025-10-01,0,1,0
2025-10-02,Kamis,SKU012,Roti Tawar Gandum,Segar,bungkus,16500,18.4,13500,13200,0,20,0,0,0,0,0,0,0,2025-10-01,0,1,0
2025-10-03,Jumat,SKU012,Roti Tawar Gandum,Segar,bungkus,16500,0.0,16500,13200,6,0,99000,19800,38,38,32,0,0,2025-10-10,7,1,0
2025-10-04,Sabtu,SKU012,Roti Tawar Gandum,Segar,bungkus,16500,0.0,16500,13200,13,0,214500,42900,32,0,19,0,0,2025-10-10,6,1,0
2025-10-05,Minggu,SKU012,Roti Tawar Gandum,Segar,bungkus,16500,0.0,16500,13200,5,0,82500,16500,19,0,14,38,0,2025-10-10,5,1,0
2025-10-06,Senin,SKU012,Roti Tawar Gandum,Segar,bungkus,16500,0.0,16500,13200,5,0,82500,16500,52,38,47,0,0,2025-10-13,7,0,0
2025-10-07,Selasa,SKU012,Roti Tawar Gandum,Segar,bungkus,16500,10.0,14800,13200,7,0,103600,11200,47,0,40,0,0,2025-10-13,6,0,0
2025-10-08,Rabu,SKU012,Roti Tawar Gandum,Segar,bungkus,16500,0.0,16500,13200,6,0,99000,19800,40,0,34,0,0,2025-10-13,5,0,0
2025-10-09,Kamis,SKU012,Roti Tawar Gandum,Segar,bungkus,16500,18.4,13500,13200,8,0,108000,2400,34,0,26,0,0,2025-10-13,4,0,0
2025-10-10,Jumat,SKU012,Roti Tawar Gandum,Segar,bungkus,16500,15.0,14000,13200,15,0,210000,12000,26,0,11,38,0,2025-10-13,3,0,0
2025-10-11,Sabtu,SKU012,Roti Tawar Gandum,Segar,bungkus,16500,18.4,13500,13200,11,6,148500,3300,11,0,0,0,0,2025-10-13,2,0,0
2025-10-12,Minggu,SKU012,Roti Tawar Gandum,Segar,bungkus,16500,18.4,13500,13200,0,13,0,0,0,0,0,0,0,2025-10-13,1,0,0
2025-10-13,Senin,SKU012,Roti Tawar Gandum,Segar,bungkus,16500,0.0,16500,13200,3,0,49500,9900,38,38,35,0,0,2025-10-20,7,0,0
2025-10-14,Selasa,SKU012,Roti Tawar Gandum,Segar,bungkus,16500,12.0,14500,13200,3,0,43500,3900,35,0,32,0,0,2025-10-20,6,0,0
2025-10-15,Rabu,SKU012,Roti Tawar Gandum,Segar,bungkus,16500,0.0,16500,13200,7,0,115500,23100,32,0,25,0,0,2025-10-20,5,0,0
2025-10-16,Kamis,SKU012,Roti Tawar Gandum,Segar,bungkus,16500,15.0,14000,13200,13,0,182000,10400,25,0,12,38,0,2025-10-20,4,0,0
2025-10-17,Jumat,SKU012,Roti Tawar Gandum,Segar,bungkus,16500,15.0,14000,13200,12,3,168000,9600,12,0,0,0,0,2025-10-20,3,0,0
2025-10-18,Sabtu,SKU012,Roti Tawar Gandum,Segar,bungkus,16500,8.0,15200,13200,8,0,121600,16000,38,38,30,0,0,2025-10-25,7,0,0
2025-10-19,Minggu,SKU012,Roti Tawar Gandum,Segar,bungkus,16500,0.0,16500,13200,11,0,181500,36300,30,0,19,0,0,2025-10-25,6,0,0
2025-10-20,Senin,SKU012,Roti Tawar Gandum,Segar,bungkus,16500,0.0,16500,13200,3,0,49500,9900,19,0,16,0,0,2025-10-25,5,0,0
2025-10-21,Selasa,SKU012,Roti Tawar Gandum,Segar,bungkus,16500,15.0,14000,13200,9,0,126000,7200,16,0,7,38,0,2025-10-25,4,0,0
2025-10-22,Rabu,SKU012,Roti Tawar Gandum,Segar,bungkus,16500,15.0,14000,13200,6,0,84000,4800,7,0,1,0,0,2025-10-25,3,0,0
2025-10-23,Kamis,SKU012,Roti Tawar Gandum,Segar,bungkus,16500,18.4,13500,13200,1,19,13500,300,1,0,0,0,0,2025-10-25,2,0,0
2025-10-24,Jumat,SKU012,Roti Tawar Gandum,Segar,bungkus,16500,0.0,16500,13200,10,0,165000,33000,38,38,28,0,0,2025-10-31,7,0,0
2025-10-25,Sabtu,SKU012,Roti Tawar Gandum,Segar,bungkus,16500,18.4,13500,13200,17,0,229500,5100,28,0,11,38,0,2025-10-31,6,1,0
2025-10-26,Minggu,SKU012,Roti Tawar Gandum,Segar,bungkus,16500,0.0,16500,13200,7,0,115500,23100,11,0,4,0,0,2025-10-31,5,1,0
2025-10-27,Senin,SKU012,Roti Tawar Gandum,Segar,bungkus,16500,15.0,14000,13200,4,14,56000,3200,4,0,0,0,0,2025-10-31,4,1,0
2025-10-28,Selasa,SKU012,Roti Tawar Gandum,Segar,bungkus,16500,0.0,16500,13200,11,0,181500,36300,38,38,27,0,0,2025-11-04,7,1,0
2025-10-29,Rabu,SKU012,Roti Tawar Gandum,Segar,bungkus,16500,0.0,16500,13200,6,0,99000,19800,27,0,21,0,0,2025-11-04,6,1,0
2025-10-30,Kamis,SKU012,Roti Tawar Gandum,Segar,bungkus,16500,15.0,14000,13200,11,0,154000,8800,21,0,10,83,0,2025-11-04,5,1,0
2025-10-31,Jumat,SKU012,Roti Tawar Gandum,Segar,bungkus,16500,15.0,14000,13200,10,5,140000,8000,10,0,0,0,0,2025-11-04,4,1,0
2025-11-01,Sabtu,SKU012,Roti Tawar Gandum,Segar,bungkus,16500,0.0,16500,13200,6,0,99000,19800,83,83,77,0,0,2025-11-08,7,1,0
2025-11-02,Minggu,SKU012,Roti Tawar Gandum,Segar,bungkus,16500,0.0,16500,13200,14,0,231000,46200,77,0,63,0,0,2025-11-08,6,1,0
2025-11-03,Senin,SKU012,Roti Tawar Gandum,Segar,bungkus,16500,18.4,13500,13200,11,0,148500,3300,63,0,52,0,0,2025-11-08,5,1,0
2025-11-04,Selasa,SKU012,Roti Tawar Gandum,Segar,bungkus,16500,15.0,14000,13200,16,0,224000,12800,52,0,36,0,0,2025-11-08,4,1,0
2025-11-05,Rabu,SKU012,Roti Tawar Gandum,Segar,bungkus,16500,18.4,13500,13200,17,0,229500,5100,36,0,19,0,0,2025-11-08,3,1,0
2025-11-06,Kamis,SKU012,Roti Tawar Gandum,Segar,bungkus,16500,18.4,13500,13200,5,0,67500,1500,19,0,14,38,0,2025-11-08,2,0,0
2025-11-07,Jumat,SKU012,Roti Tawar Gandum,Segar,bungkus,16500,18.4,13500,13200,14,5,189000,4200,14,0,0,0,0,2025-11-08,1,0,0
2025-11-08,Sabtu,SKU012,Roti Tawar Gandum,Segar,bungkus,16500,0.0,16500,13200,5,0,82500,16500,38,38,33,0,0,2025-11-15,7,0,0
2025-11-09,Minggu,SKU012,Roti Tawar Gandum,Segar,bungkus,16500,18.4,13500,13200,16,0,216000,4800,33,0,17,0,0,2025-11-15,6,0,0
2025-11-10,Senin,SKU012,Roti Tawar Gandum,Segar,bungkus,16500,0.0,16500,13200,11,0,181500,36300,17,0,6,38,0,2025-11-15,5,0,0
2025-11-11,Selasa,SKU012,Roti Tawar Gandum,Segar,bungkus,16500,15.0,14000,13200,6,12,84000,4800,6,0,0,0,0,2025-11-15,4,0,0
2025-11-12,Rabu,SKU012,Roti Tawar Gandum,Segar,bungkus,16500,0.0,16500,13200,5,0,82500,16500,38,38,33,0,0,2025-11-19,7,0,0
2025-11-13,Kamis,SKU012,Roti Tawar Gandum,Segar,bungkus,16500,18.0,13500,13200,8,0,108000,2400,33,0,25,0,0,2025-11-19,6,0,0
2025-11-14,Jumat,SKU012,Roti Tawar Gandum,Segar,bungkus,16500,0.0,16500,13200,9,0,148500,29700,25,0,16,0,0,2025-11-19,5,0,0
2025-11-15,Sabtu,SKU012,Roti Tawar Gandum,Segar,bungkus,16500,15.0,14000,13200,5,0,70000,4000,16,0,11,38,0,2025-11-19,4,0,0
2025-11-16,Minggu,SKU012,Roti Tawar Gandum,Segar,bungkus,16500,15.0,14000,13200,9,0,126000,7200,11,0,2,0,0,2025-11-19,3,0,0
2025-11-17,Senin,SKU012,Roti Tawar Gandum,Segar,bungkus,16500,18.4,13500,13200,2,12,27000,600,2,0,0,0,0,2025-11-19,2,0,0
2025-11-18,Selasa,SKU012,Roti Tawar Gandum,Segar,bungkus,16500,18.4,13500,13200,7,0,94500,2100,38,38,31,0,0,2025-11-25,7,0,0
2025-11-19,Rabu,SKU012,Roti Tawar Gandum,Segar,bungkus,16500,0.0,16500,13200,5,0,82500,16500,31,0,26,0,0,2025-11-25,6,0,0
2025-11-20,Kamis,SKU012,Roti Tawar Gandum,Segar,bungkus,16500,0.0,16500,13200,6,0,99000,19800,26,0,20,0,0,2025-11-25,5,0,0
2025-11-21,Jumat,SKU012,Roti Tawar Gandum,Segar,bungkus,16500,15.0,14000,13200,9,0,126000,7200,20,0,11,83,0,2025-11-25,4,0,0
2025-11-22,Sabtu,SKU012,Roti Tawar Gandum,Segar,bungkus,16500,15.0,14000,13200,11,0,154000,8800,11,0,0,0,0,2025-11-25,3,0,0
2025-11-23,Minggu,SKU012,Roti Tawar Gandum,Segar,bungkus,16500,18.4,13500,13200,0,18,0,0,0,0,0,0,0,2025-11-25,2,0,0
2025-11-24,Senin,SKU012,Roti Tawar Gandum,Segar,bungkus,16500,0.0,16500,13200,6,0,99000,19800,83,83,77,0,0,2025-12-01,7,0,0
2025-11-25,Selasa,SKU012,Roti Tawar Gandum,Segar,bungkus,16500,0.0,16500,13200,9,0,148500,29700,77,0,68,0,0,2025-12-01,6,1,0
2025-11-26,Rabu,SKU012,Roti Tawar Gandum,Segar,bungkus,16500,0.0,16500,13200,5,0,82500,16500,68,0,63,0,0,2025-12-01,5,1,0
2025-11-27,Kamis,SKU012,Roti Tawar Gandum,Segar,bungkus,16500,15.0,14000,13200,12,0,168000,9600,63,0,51,0,0,2025-12-01,4,1,0
2025-11-28,Jumat,SKU012,Roti Tawar Gandum,Segar,bungkus,16500,15.0,14000,13200,19,0,266000,15200,51,0,32,0,0,2025-12-01,3,1,0
2025-11-29,Sabtu,SKU012,Roti Tawar Gandum,Segar,bungkus,16500,18.4,13500,13200,16,0,216000,4800,32,0,16,0,0,2025-12-01,2,1,0
2025-11-30,Minggu,SKU012,Roti Tawar Gandum,Segar,bungkus,16500,18.4,13500,13200,16,2,216000,4800,16,0,0,38,0,2025-12-01,1,1,0
2025-12-01,Senin,SKU012,Roti Tawar Gandum,Segar,bungkus,16500,18.4,13500,13200,0,10,0,0,0,0,0,0,0,2025-12-01,0,1,0
2025-12-02,Selasa,SKU012,Roti Tawar Gandum,Segar,bungkus,16500,0.0,16500,13200,5,0,82500,16500,38,38,33,0,0,2025-12-09,7,1,0
2025-12-03,Rabu,SKU012,Roti Tawar Gandum,Segar,bungkus,16500,5.0,15700,13200,3,0,47100,7500,33,0,30,0,0,2025-12-09,6,1,0
2025-12-04,Kamis,SKU012,Roti Tawar Gandum,Segar,bungkus,16500,18.4,13500,13200,19,0,256500,5700,30,0,11,38,0,2025-12-09,5,1,0
2025-12-05,Jumat,SKU012,Roti Tawar Gandum,Segar,bungkus,16500,15.0,14000,13200,11,2,154000,8800,11,0,0,0,0,2025-12-09,4,1,0
2025-12-06,Sabtu,SKU012,Roti Tawar Gandum,Segar,bungkus,16500,18.4,13500,13200,19,0,256500,5700,38,38,19,0,0,2025-12-13,7,0,0
2025-12-07,Minggu,SKU012,Roti Tawar Gandum,Segar,bungkus,16500,10.0,14800,13200,13,0,192400,20800,19,0,6,83,0,2025-12-13,6,0,0
2025-12-08,Senin,SKU012,Roti Tawar Gandum,Segar,bungkus,16500,0.0,16500,13200,5,0,82500,16500,89,83,84,0,0,2025-12-15,7,0,0
2025-12-09,Selasa,SKU012,Roti Tawar Gandum,Segar,bungkus,16500,18.4,13500,13200,11,0,148500,3300,84,0,73,0,0,2025-12-15,6,0,0
2025-12-10,Rabu,SKU012,Roti Tawar Gandum,Segar,bungkus,16500,12.0,14500,13200,12,0,174000,15600,73,0,61,0,0,2025-12-15,5,0,0
2025-12-11,Kamis,SKU012,Roti Tawar Gandum,Segar,bungkus,16500,15.0,14000,13200,8,0,112000,6400,61,0,53,0,0,2025-12-15,4,0,0
2025-12-12,Jumat,SKU012,Roti Tawar Gandum,Segar,bungkus,16500,15.0,14000,13200,12,0,168000,9600,53,0,41,0,0,2025-12-15,3,0,0
2025-12-13,Sabtu,SKU012,Roti Tawar Gandum,Segar,bungkus,16500,18.4,13500,13200,12,0,162000,3600,41,0,29,0,0,2025-12-15,2,0,0
2025-12-14,Minggu,SKU012,Roti Tawar Gandum,Segar,bungkus,16500,18.4,13500,13200,20,0,270000,6000,29,0,9,38,0,2025-12-15,1,0,0
2025-12-15,Senin,SKU012,Roti Tawar Gandum,Segar,bungkus,16500,0.0,16500,13200,7,0,115500,23100,47,38,40,0,0,2025-12-22,7,0,0
2025-12-16,Selasa,SKU012,Roti Tawar Gandum,Segar,bungkus,16500,0.0,16500,13200,5,0,82500,16500,40,0,35,0,0,2025-12-22,6,0,0
2025-12-17,Rabu,SKU012,Roti Tawar Gandum,Segar,bungkus,16500,10.0,14800,13200,13,0,192400,20800,35,0,22,0,0,2025-12-22,5,0,0
2025-12-18,Kamis,SKU012,Roti Tawar Gandum,Segar,bungkus,16500,15.0,14000,13200,7,0,98000,5600,22,0,15,0,0,2025-12-22,4,0,0
2025-12-19,Jumat,SKU012,Roti Tawar Gandum,Segar,bungkus,16500,15.0,14000,13200,10,0,140000,8000,15,0,5,38,0,2025-12-22,3,0,0
2025-12-20,Sabtu,SKU012,Roti Tawar Gandum,Segar,bungkus,16500,18.4,13500,13200,5,13,67500,1500,5,0,0,0,0,2025-12-22,2,0,0
2025-12-21,Minggu,SKU012,Roti Tawar Gandum,Segar,bungkus,16500,18.4,13500,13200,0,8,0,0,0,0,0,0,0,2025-12-22,1,0,0
2025-12-22,Senin,SKU012,Roti Tawar Gandum,Segar,bungkus,16500,0.0,16500,13200,5,0,82500,16500,38,38,33,0,0,2025-12-29,7,0,0
2025-12-23,Selasa,SKU012,Roti Tawar Gandum,Segar,bungkus,16500,18.0,13500,13200,12,0,162000,3600,33,0,21,0,0,2025-12-29,6,0,0
2025-12-24,Rabu,SKU012,Roti Tawar Gandum,Segar,bungkus,16500,0.0,16500,13200,6,0,99000,19800,21,0,15,0,0,2025-12-29,5,0,0
2025-12-25,Kamis,SKU012,Roti Tawar Gandum,Segar,bungkus,16500,15.0,14000,13200,15,0,210000,12000,15,0,0,38,0,2025-12-29,4,1,0
2025-12-26,Jumat,SKU012,Roti Tawar Gandum,Segar,bungkus,16500,18.4,13500,13200,0,14,0,0,0,0,0,0,0,2025-12-29,3,1,0
2025-12-27,Sabtu,SKU012,Roti Tawar Gandum,Segar,bungkus,16500,18.4,13500,13200,0,12,0,0,0,0,0,0,0,2025-12-29,2,1,0
2025-12-28,Minggu,SKU012,Roti Tawar Gandum,Segar,bungkus,16500,0.0,16500,13200,6,0,99000,19800,38,38,32,0,0,2026-01-04,7,1,0
2025-12-29,Senin,SKU012,Roti Tawar Gandum,Segar,bungkus,16500,0.0,16500,13200,1,0,16500,3300,32,0,31,0,0,2026-01-04,6,1,0
2025-12-30,Selasa,SKU012,Roti Tawar Gandum,Segar,bungkus,16500,0.0,16500,13200,5,0,82500,16500,31,0,26,0,0,2026-01-04,5,1,0
2025-12-31,Rabu,SKU012,Roti Tawar Gandum,Segar,bungkus,16500,15.0,14000,13200,8,0,112000,6400,26,0,18,0,0,2026-01-04,4,1,0
2026-01-01,Kamis,SKU012,Roti Tawar Gandum,Segar,bungkus,16500,15.0,14000,13200,13,0,182000,10400,18,0,5,83,0,2026-01-04,3,1,0
2026-01-02,Jumat,SKU012,Roti Tawar Gandum,Segar,bungkus,16500,10.0,14800,13200,17,0,251600,27200,88,83,71,0,0,2026-01-09,7,1,0
2026-01-03,Sabtu,SKU012,Roti Tawar Gandum,Segar,bungkus,16500,0.0,16500,13200,10,0,165000,33000,71,0,61,0,0,2026-01-09,6,1,0
2026-01-04,Minggu,SKU012,Roti Tawar Gandum,Segar,bungkus,16500,0.0,16500,13200,5,0,82500,16500,61,0,56,0,0,2026-01-09,5,1,0
2026-01-05,Senin,SKU012,Roti Tawar Gandum,Segar,bungkus,16500,15.0,14000,13200,13,0,182000,10400,56,0,43,0,0,2026-01-09,4,1,0
2026-01-06,Selasa,SKU012,Roti Tawar Gandum,Segar,bungkus,16500,15.0,14000,13200,13,0,182000,10400,43,0,30,0,0,2026-01-09,3,0,0
2026-01-07,Rabu,SKU012,Roti Tawar Gandum,Segar,bungkus,16500,18.4,13500,13200,12,0,162000,3600,30,0,18,0,0,2026-01-09,2,0,0
2026-01-08,Kamis,SKU012,Roti Tawar Gandum,Segar,bungkus,16500,18.4,13500,13200,10,0,135000,3000,18,0,8,83,0,2026-01-09,1,0,0
2026-01-09,Jumat,SKU012,Roti Tawar Gandum,Segar,bungkus,16500,8.0,15200,13200,15,0,228000,30000,91,83,76,0,0,2026-01-16,7,0,0
2026-01-10,Sabtu,SKU012,Roti Tawar Gandum,Segar,bungkus,16500,0.0,16500,13200,14,0,231000,46200,76,0,62,0,0,2026-01-16,6,0,0
2026-01-11,Minggu,SKU012,Roti Tawar Gandum,Segar,bungkus,16500,0.0,16500,13200,4,0,66000,13200,62,0,58,0,0,2026-01-16,5,0,0
2026-01-12,Senin,SKU012,Roti Tawar Gandum,Segar,bungkus,16500,15.0,14000,13200,7,0,98000,5600,58,0,51,0,0,2026-01-16,4,0,0
2026-01-13,Selasa,SKU012,Roti Tawar Gandum,Segar,bungkus,16500,15.0,14000,13200,9,0,126000,7200,51,0,42,0,0,2026-01-16,3,0,0
2026-01-14,Rabu,SKU012,Roti Tawar Gandum,Segar,bungkus,16500,18.4,13500,13200,12,0,162000,3600,42,0,30,0,0,2026-01-16,2,0,0
2026-01-15,Kamis,SKU012,Roti Tawar Gandum,Segar,bungkus,16500,18.4,13500,13200,10,0,135000,3000,30,0,20,0,0,2026-01-16,1,0,0
2026-01-16,Jumat,SKU012,Roti Tawar Gandum,Segar,bungkus,16500,18.4,13500,13200,7,0,94500,2100,20,0,13,38,0,2026-01-16,0,0,0
2026-01-17,Sabtu,SKU012,Roti Tawar Gandum,Segar,bungkus,16500,18.4,13500,13200,0,11,0,0,0,0,0,0,13,2026-01-16,0,0,0
2026-01-18,Minggu,SKU012,Roti Tawar Gandum,Segar,bungkus,16500,0.0,16500,13200,9,0,148500,29700,38,38,29,0,0,2026-01-25,7,0,0
2026-01-19,Senin,SKU012,Roti Tawar Gandum,Segar,bungkus,16500,18.4,13500,13200,13,0,175500,3900,29,0,16,0,0,2026-01-25,6,0,0
2026-01-20,Selasa,SKU012,Roti Tawar Gandum,Segar,bungkus,16500,0.0,16500,13200,9,0,148500,29700,16,0,7,38,0,2026-01-25,5,0,0
2026-01-21,Rabu,SKU012,Roti Tawar Gandum,Segar,bungkus,16500,0.0,16500,13200,6,0,99000,19800,45,38,39,0,0,2026-01-28,7,0,0
2026-01-22,Kamis,SKU012,Roti Tawar Gandum,Segar,bungkus,16500,0.0,16500,13200,9,0,148500,29700,39,0,30,0,0,2026-01-28,6,0,0
2026-01-23,Jumat,SKU012,Roti Tawar Gandum,Segar,bungkus,16500,15.0,14000,13200,17,0,238000,13600,30,0,13,38,0,2026-01-28,5,0,0
2026-01-24,Sabtu,SKU012,Roti Tawar Gandum,Segar,bungkus,16500,0.0,16500,13200,8,0,132000,26400,51,38,43,0,0,2026-01-31,7,0,0
2026-01-25,Minggu,SKU012,Roti Tawar Gandum,Segar,bungkus,16500,12.0,14500,13200,11,0,159500,14300,43,0,32,0,0,2026-01-31,6,1,0
2026-01-26,Senin,SKU012,Roti Tawar Gandum,Segar,bungkus,16500,0.0,16500,13200,7,0,115500,23100,32,0,25,0,0,2026-01-31,5,1,0
2026-01-27,Selasa,SKU012,Roti Tawar Gandum,Segar,bungkus,16500,15.0,14000,13200,13,0,182000,10400,25,0,12,38,0,2026-01-31,4,1,0
2026-01-28,Rabu,SKU012,Roti Tawar Gandum,Segar,bungkus,16500,15.0,14000,13200,8,0,112000,6400,12,0,4,0,0,2026-01-31,3,1,0
2026-01-29,Kamis,SKU012,Roti Tawar Gandum,Segar,bungkus,16500,0.0,16500,13200,9,0,148500,29700,42,38,33,0,0,2026-02-05,7,1,0
2026-01-30,Jumat,SKU012,Roti Tawar Gandum,Segar,bungkus,16500,8.0,15200,13200,13,0,197600,26000,33,0,20,0,0,2026-02-05,6,1,0
2026-01-31,Sabtu,SKU012,Roti Tawar Gandum,Segar,bungkus,16500,0.0,16500,13200,5,0,82500,16500,20,0,15,0,0,2026-02-05,5,1,0
2026-02-01,Minggu,SKU012,Roti Tawar Gandum,Segar,bungkus,16500,15.0,14000,13200,7,0,98000,5600,15,0,8,38,0,2026-02-05,4,1,0
2026-02-02,Senin,SKU012,Roti Tawar Gandum,Segar,bungkus,16500,15.0,14000,13200,4,0,56000,3200,8,0,4,0,0,2026-02-05,3,1,0
2026-02-03,Selasa,SKU012,Roti Tawar Gandum,Segar,bungkus,16500,0.0,16500,13200,3,0,49500,9900,42,38,39,0,0,2026-02-10,7,1,0
2026-02-04,Rabu,SKU012,Roti Tawar Gandum,Segar,bungkus,16500,0.0,16500,13200,7,0,115500,23100,39,0,32,0,0,2026-02-10,6,1,0
2026-02-05,Kamis,SKU012,Roti Tawar Gandum,Segar,bungkus,16500,0.0,16500,13200,9,0,148500,29700,32,0,23,0,0,2026-02-10,5,1,0
2026-02-06,Jumat,SKU012,Roti Tawar Gandum,Segar,bungkus,16500,18.4,13500,13200,7,0,94500,2100,23,0,16,0,0,2026-02-10,4,0,0
2026-02-07,Sabtu,SKU012,Roti Tawar Gandum,Segar,bungkus,16500,15.0,14000,13200,8,0,112000,6400,16,0,8,38,0,2026-02-10,3,0,0
2026-02-08,Minggu,SKU012,Roti Tawar Gandum,Segar,bungkus,16500,18.4,13500,13200,8,2,108000,2400,8,0,0,0,0,2026-02-10,2,0,0
2026-02-09,Senin,SKU012,Roti Tawar Gandum,Segar,bungkus,16500,18.4,13500,13200,0,7,0,0,0,0,0,0,0,2026-02-10,1,0,0
2026-02-10,Selasa,SKU012,Roti Tawar Gandum,Segar,bungkus,16500,8.0,15200,13200,4,0,60800,8000,38,38,34,0,0,2026-02-17,7,0,0
2026-02-11,Rabu,SKU012,Roti Tawar Gandum,Segar,bungkus,16500,15.0,14000,13200,14,0,196000,11200,34,0,20,0,0,2026-02-17,6,0,0
2026-02-12,Kamis,SKU012,Roti Tawar Gandum,Segar,bungkus,16500,0.0,16500,13200,3,0,49500,9900,20,0,17,0,0,2026-02-17,5,0,0
2026-02-13,Jumat,SKU012,Roti Tawar Gandum,Segar,bungkus,16500,15.0,14000,13200,9,0,126000,7200,17,0,8,38,0,2026-02-17,4,0,0
2026-02-14,Sabtu,SKU012,Roti Tawar Gandum,Segar,bungkus,16500,15.0,14000,13200,8,1,112000,6400,8,0,0,0,0,2026-02-17,3,0,0
2026-02-15,Minggu,SKU012,Roti Tawar Gandum,Segar,bungkus,16500,18.4,13500,13200,0,7,0,0,0,0,0,0,0,2026-02-17,2,0,0
2026-02-16,Senin,SKU012,Roti Tawar Gandum,Segar,bungkus,16500,0.0,16500,13200,5,0,82500,16500,38,38,33,0,0,2026-02-23,7,0,0
2026-02-17,Selasa,SKU012,Roti Tawar Gandum,Segar,bungkus,16500,0.0,16500,13200,5,0,82500,16500,33,0,28,0,0,2026-02-23,6,0,1
2026-02-18,Rabu,SKU012,Roti Tawar Gandum,Segar,bungkus,16500,0.0,16500,13200,4,0,66000,13200,28,0,24,0,0,2026-02-23,5,0,1
2026-02-19,Kamis,SKU012,Roti Tawar Gandum,Segar,bungkus,16500,15.0,14000,13200,2,0,28000,1600,24,0,22,0,0,2026-02-23,4,0,1
2026-02-20,Jumat,SKU012,Roti Tawar Gandum,Segar,bungkus,16500,15.0,14000,13200,16,0,224000,12800,22,0,6,38,0,2026-02-23,3,0,1
2026-02-21,Sabtu,SKU012,Roti Tawar Gandum,Segar,bungkus,16500,18.4,13500,13200,6,3,81000,1800,6,0,0,0,0,2026-02-23,2,0,1
2026-02-22,Minggu,SKU012,Roti Tawar Gandum,Segar,bungkus,16500,0.0,16500,13200,8,0,132000,26400,38,38,30,0,0,2026-03-01,7,0,1
2026-02-23,Senin,SKU012,Roti Tawar Gandum,Segar,bungkus,16500,0.0,16500,13200,2,0,33000,6600,30,0,28,0,0,2026-03-01,6,0,1
2026-02-24,Selasa,SKU012,Roti Tawar Gandum,Segar,bungkus,16500,0.0,16500,13200,4,0,66000,13200,28,0,24,0,0,2026-03-01,5,0,1
2026-02-25,Rabu,SKU012,Roti Tawar Gandum,Segar,bungkus,16500,15.0,14000,13200,13,0,182000,10400,24,0,11,38,0,2026-03-01,4,1,1
2026-02-26,Kamis,SKU012,Roti Tawar Gandum,Segar,bungkus,16500,15.0,14000,13200,11,2,154000,8800,11,0,0,0,0,2026-03-01,3,1,1
2026-02-27,Jumat,SKU012,Roti Tawar Gandum,Segar,bungkus,16500,0.0,16500,13200,6,0,99000,19800,38,38,32,0,0,2026-03-06,7,1,1
2026-02-28,Sabtu,SKU012,Roti Tawar Gandum,Segar,bungkus,16500,0.0,16500,13200,7,0,115500,23100,32,0,25,0,0,2026-03-06,6,1,1
2026-03-01,Minggu,SKU012,Roti Tawar Gandum,Segar,bungkus,16500,0.0,16500,13200,6,0,99000,19800,25,0,19,0,0,2026-03-06,5,1,1
2026-03-02,Senin,SKU012,Roti Tawar Gandum,Segar,bungkus,16500,15.0,14000,13200,3,0,42000,2400,19,0,16,0,0,2026-03-06,4,1,1
2026-03-03,Selasa,SKU012,Roti Tawar Gandum,Segar,bungkus,16500,15.0,14000,13200,9,0,126000,7200,16,0,7,38,0,2026-03-06,3,1,1
2026-03-04,Rabu,SKU012,Roti Tawar Gandum,Segar,bungkus,16500,18.0,13500,13200,8,0,108000,2400,45,38,37,0,0,2026-03-11,7,1,1
2026-03-05,Kamis,SKU012,Roti Tawar Gandum,Segar,bungkus,16500,0.0,16500,13200,6,0,99000,19800,37,0,31,0,0,2026-03-11,6,1,1
2026-03-06,Jumat,SKU012,Roti Tawar Gandum,Segar,bungkus,16500,0.0,16500,13200,5,0,82500,16500,31,0,26,0,0,2026-03-11,5,0,1
2026-03-07,Sabtu,SKU012,Roti Tawar Gandum,Segar,bungkus,16500,15.0,14000,13200,12,0,168000,9600,26,0,14,83,0,2026-03-11,4,0,1
2026-03-08,Minggu,SKU012,Roti Tawar Gandum,Segar,bungkus,16500,15.0,14000,13200,5,0,70000,4000,14,0,9,0,0,2026-03-11,3,0,1
2026-03-09,Senin,SKU012,Roti Tawar Gandum,Segar,bungkus,16500,18.4,13500,13200,4,0,54000,1200,9,0,5,0,0,2026-03-11,2,0,1
2026-03-10,Selasa,SKU012,Roti Tawar Gandum,Segar,bungkus,16500,15.0,14000,13200,9,0,126000,7200,88,83,79,0,0,2026-03-17,7,0,1
2026-03-11,Rabu,SKU012,Roti Tawar Gandum,Segar,bungkus,16500,12.0,14500,13200,3,0,43500,3900,79,0,76,0,0,2026-03-17,6,0,1
2026-03-12,Kamis,SKU012,Roti Tawar Gandum,Segar,bungkus,16500,0.0,16500,13200,10,0,165000,33000,76,0,66,0,0,2026-03-17,5,0,1
2026-03-13,Jumat,SKU012,Roti Tawar Gandum,Segar,bungkus,16500,15.0,14000,13200,9,0,126000,7200,66,0,57,0,0,2026-03-17,4,0,1
2026-03-14,Sabtu,SKU012,Roti Tawar Gandum,Segar,bungkus,16500,18.4,13500,13200,15,0,202500,4500,57,0,42,0,0,2026-03-17,3,0,1
2026-03-15,Minggu,SKU012,Roti Tawar Gandum,Segar,bungkus,16500,18.4,13500,13200,14,0,189000,4200,42,0,28,0,0,2026-03-17,2,0,1
2026-03-16,Senin,SKU012,Roti Tawar Gandum,Segar,bungkus,16500,18.4,13500,13200,5,0,67500,1500,28,0,23,0,0,2026-03-17,1,0,1
2026-03-17,Selasa,SKU012,Roti Tawar Gandum,Segar,bungkus,16500,18.4,13500,13200,3,0,40500,900,23,0,20,0,0,2026-03-17,0,0,1
2026-03-18,Rabu,SKU012,Roti Tawar Gandum,Segar,bungkus,16500,18.4,13500,13200,0,7,0,0,0,0,0,38,20,2026-03-17,0,0,1
2026-03-19,Kamis,SKU012,Roti Tawar Gandum,Segar,bungkus,16500,18.4,13500,13200,0,6,0,0,0,0,0,0,0,2026-03-17,0,0,1
2026-03-20,Jumat,SKU012,Roti Tawar Gandum,Segar,bungkus,16500,18.0,13500,13200,12,0,162000,3600,38,38,26,0,0,2026-03-27,7,0,0
2026-03-21,Sabtu,SKU012,Roti Tawar Gandum,Segar,bungkus,16500,0.0,16500,13200,6,0,99000,19800,26,0,20,0,0,2026-03-27,6,0,0
2026-03-22,Minggu,SKU012,Roti Tawar Gandum,Segar,bungkus,16500,0.0,16500,13200,5,0,82500,16500,20,0,15,0,0,2026-03-27,5,0,0
2026-03-23,Senin,SKU012,Roti Tawar Gandum,Segar,bungkus,16500,15.0,14000,13200,2,0,28000,1600,15,0,13,83,0,2026-03-27,4,0,0
2026-03-24,Selasa,SKU012,Roti Tawar Gandum,Segar,bungkus,16500,15.0,14000,13200,4,0,56000,3200,13,0,9,0,0,2026-03-27,3,0,0
2026-03-25,Rabu,SKU012,Roti Tawar Gandum,Segar,bungkus,16500,18.4,13500,13200,9,0,121500,2700,9,0,0,0,0,2026-03-27,2,1,0
2026-03-26,Kamis,SKU012,Roti Tawar Gandum,Segar,bungkus,16500,0.0,16500,13200,5,0,82500,16500,83,83,78,0,0,2026-04-02,7,1,0
2026-03-27,Jumat,SKU012,Roti Tawar Gandum,Segar,bungkus,16500,0.0,16500,13200,12,0,198000,39600,78,0,66,0,0,2026-04-02,6,1,0
2026-03-28,Sabtu,SKU012,Roti Tawar Gandum,Segar,bungkus,16500,0.0,16500,13200,10,0,165000,33000,66,0,56,0,0,2026-04-02,5,1,0
2026-03-29,Minggu,SKU012,Roti Tawar Gandum,Segar,bungkus,16500,15.0,14000,13200,19,0,266000,15200,56,0,37,0,0,2026-04-02,4,1,0
2026-03-30,Senin,SKU012,Roti Tawar Gandum,Segar,bungkus,16500,15.0,14000,13200,13,0,182000,10400,37,0,24,0,0,2026-04-02,3,1,0
2026-03-31,Selasa,SKU012,Roti Tawar Gandum,Segar,bungkus,16500,18.4,13500,13200,8,0,108000,2400,24,0,16,0,0,2026-04-02,2,1,0
2026-04-01,Rabu,SKU012,Roti Tawar Gandum,Segar,bungkus,16500,18.4,13500,13200,13,0,175500,3900,16,0,3,38,0,2026-04-02,1,1,0
2026-04-02,Kamis,SKU012,Roti Tawar Gandum,Segar,bungkus,16500,18.4,13500,13200,3,9,40500,900,3,0,0,0,0,2026-04-02,0,1,0
2026-04-03,Jumat,SKU012,Roti Tawar Gandum,Segar,bungkus,16500,18.4,13500,13200,0,14,0,0,0,0,0,0,0,2026-04-02,0,1,0
2026-04-04,Sabtu,SKU012,Roti Tawar Gandum,Segar,bungkus,16500,0.0,16500,13200,10,0,165000,33000,38,38,28,0,0,2026-04-11,7,1,0
2026-04-05,Minggu,SKU012,Roti Tawar Gandum,Segar,bungkus,16500,0.0,16500,13200,7,0,115500,23100,28,0,21,0,0,2026-04-11,6,1,0
2026-04-06,Senin,SKU012,Roti Tawar Gandum,Segar,bungkus,16500,18.4,13500,13200,11,0,148500,3300,21,0,10,38,0,2026-04-11,5,0,0
2026-04-07,Selasa,SKU012,Roti Tawar Gandum,Segar,bungkus,16500,15.0,14000,13200,7,0,98000,5600,10,0,3,0,0,2026-04-11,4,0,0
2026-04-08,Rabu,SKU012,Roti Tawar Gandum,Segar,bungkus,16500,15.0,14000,13200,3,5,42000,2400,3,0,0,0,0,2026-04-11,3,0,0
2026-04-09,Kamis,SKU012,Roti Tawar Gandum,Segar,bungkus,16500,18.4,13500,13200,16,0,216000,4800,38,38,22,0,0,2026-04-16,7,0,0
2026-04-10,Jumat,SKU012,Roti Tawar Gandum,Segar,bungkus,16500,0.0,16500,13200,5,0,82500,16500,22,0,17,0,0,2026-04-16,6,0,0
2026-04-11,Sabtu,SKU012,Roti Tawar Gandum,Segar,bungkus,16500,5.0,15700,13200,7,0,109900,17500,17,0,10,38,0,2026-04-16,5,0,0
2026-04-12,Minggu,SKU012,Roti Tawar Gandum,Segar,bungkus,16500,5.0,15700,13200,7,0,109900,17500,48,38,41,0,0,2026-04-19,7,0,0
2026-04-13,Senin,SKU012,Roti Tawar Gandum,Segar,bungkus,16500,0.0,16500,13200,3,0,49500,9900,41,0,38,0,0,2026-04-19,6,0,0
2026-04-14,Selasa,SKU012,Roti Tawar Gandum,Segar,bungkus,16500,0.0,16500,13200,6,0,99000,19800,38,0,32,0,0,2026-04-19,5,0,0
2026-04-15,Rabu,SKU012,Roti Tawar Gandum,Segar,bungkus,16500,15.0,14000,13200,5,0,70000,4000,32,0,27,0,0,2026-04-19,4,0,0
2026-04-16,Kamis,SKU012,Roti Tawar Gandum,Segar,bungkus,16500,15.0,14000,13200,8,0,112000,6400,27,0,19,0,0,2026-04-19,3,0,0
2026-04-17,Jumat,SKU012,Roti Tawar Gandum,Segar,bungkus,16500,18.4,13500,13200,12,0,162000,3600,19,0,7,38,0,2026-04-19,2,0,0
2026-04-18,Sabtu,SKU012,Roti Tawar Gandum,Segar,bungkus,16500,18.4,13500,13200,7,5,94500,2100,7,0,0,0,0,2026-04-19,1,0,0
2026-04-19,Minggu,SKU012,Roti Tawar Gandum,Segar,bungkus,16500,18.4,13500,13200,0,11,0,0,0,0,0,0,0,2026-04-19,0,0,0
2026-04-20,Senin,SKU012,Roti Tawar Gandum,Segar,bungkus,16500,0.0,16500,13200,5,0,82500,16500,38,38,33,0,0,2026-04-27,7,0,0
2026-04-21,Selasa,SKU012,Roti Tawar Gandum,Segar,bungkus,16500,0.0,16500,13200,1,0,16500,3300,33,0,32,0,0,2026-04-27,6,0,0
2026-04-22,Rabu,SKU012,Roti Tawar Gandum,Segar,bungkus,16500,0.0,16500,13200,4,0,66000,13200,32,0,28,0,0,2026-04-27,5,0,0
2026-04-23,Kamis,SKU012,Roti Tawar Gandum,Segar,bungkus,16500,15.0,14000,13200,9,0,126000,7200,28,0,19,0,0,2026-04-27,4,0,0
2026-04-24,Jumat,SKU012,Roti Tawar Gandum,Segar,bungkus,16500,15.0,14000,13200,7,0,98000,5600,19,0,12,38,0,2026-04-27,3,0,0
2026-04-25,Sabtu,SKU012,Roti Tawar Gandum,Segar,bungkus,16500,18.4,13500,13200,12,8,162000,3600,12,0,0,0,0,2026-04-27,2,1,0
2026-04-26,Minggu,SKU012,Roti Tawar Gandum,Segar,bungkus,16500,0.0,16500,13200,8,0,132000,26400,38,38,30,0,0,2026-05-03,7,1,0
2026-04-27,Senin,SKU012,Roti Tawar Gandum,Segar,bungkus,16500,0.0,16500,13200,9,0,148500,29700,30,0,21,0,0,2026-05-03,6,1,0
2026-04-28,Selasa,SKU012,Roti Tawar Gandum,Segar,bungkus,16500,0.0,16500,13200,6,0,99000,19800,21,0,15,0,0,2026-05-03,5,1,0
2026-04-29,Rabu,SKU012,Roti Tawar Gandum,Segar,bungkus,16500,15.0,14000,13200,15,1,210000,12000,15,0,0,38,0,2026-05-03,4,1,0
2026-04-30,Kamis,SKU012,Roti Tawar Gandum,Segar,bungkus,16500,8.0,15200,13200,7,0,106400,14000,38,38,31,0,0,2026-05-07,7,1,0
2026-05-01,Jumat,SKU012,Roti Tawar Gandum,Segar,bungkus,16500,5.0,15700,13200,10,0,157000,25000,31,0,21,0,0,2026-05-07,6,1,0
2026-05-02,Sabtu,SKU012,Roti Tawar Gandum,Segar,bungkus,16500,5.0,15700,13200,5,0,78500,12500,21,0,16,0,0,2026-05-07,5,1,0
2026-05-03,Minggu,SKU012,Roti Tawar Gandum,Segar,bungkus,16500,15.0,14000,13200,10,0,140000,8000,16,0,6,38,0,2026-05-07,4,1,0
2026-05-04,Senin,SKU012,Roti Tawar Gandum,Segar,bungkus,16500,0.0,16500,13200,5,0,82500,16500,44,38,39,0,0,2026-05-11,7,1,0
2026-05-05,Selasa,SKU012,Roti Tawar Gandum,Segar,bungkus,16500,0.0,16500,13200,11,0,181500,36300,39,0,28,0,0,2026-05-11,6,1,0
2026-05-06,Rabu,SKU012,Roti Tawar Gandum,Segar,bungkus,16500,0.0,16500,13200,3,0,49500,9900,28,0,25,0,0,2026-05-11,5,0,0
2026-05-07,Kamis,SKU012,Roti Tawar Gandum,Segar,bungkus,16500,15.0,14000,13200,15,0,210000,12000,25,0,10,83,0,2026-05-11,4,0,0
2026-05-08,Jumat,SKU012,Roti Tawar Gandum,Segar,bungkus,16500,15.0,14000,13200,6,0,84000,4800,10,0,4,0,0,2026-05-11,3,0,0
2026-05-09,Sabtu,SKU012,Roti Tawar Gandum,Segar,bungkus,16500,18.4,13500,13200,4,14,54000,1200,4,0,0,0,0,2026-05-11,2,0,0
2026-05-10,Minggu,SKU012,Roti Tawar Gandum,Segar,bungkus,16500,0.0,16500,13200,5,0,82500,16500,83,83,78,0,0,2026-05-17,7,0,0
2026-05-11,Senin,SKU012,Roti Tawar Gandum,Segar,bungkus,16500,18.4,13500,13200,7,0,94500,2100,78,0,71,0,0,2026-05-17,6,0,0
2026-05-12,Selasa,SKU012,Roti Tawar Gandum,Segar,bungkus,16500,18.4,13500,13200,9,0,121500,2700,71,0,62,0,0,2026-05-17,5,0,0
2026-05-13,Rabu,SKU012,Roti Tawar Gandum,Segar,bungkus,16500,15.0,14000,13200,11,0,154000,8800,62,0,51,0,0,2026-05-17,4,0,0
2026-05-14,Kamis,SKU012,Roti Tawar Gandum,Segar,bungkus,16500,15.0,14000,13200,9,0,126000,7200,51,0,42,0,0,2026-05-17,3,0,0
2026-05-15,Jumat,SKU012,Roti Tawar Gandum,Segar,bungkus,16500,18.4,13500,13200,12,0,162000,3600,42,0,30,0,0,2026-05-17,2,0,0
2026-05-16,Sabtu,SKU012,Roti Tawar Gandum,Segar,bungkus,16500,18.4,13500,13200,10,0,135000,3000,30,0,20,0,0,2026-05-17,1,0,0
2026-05-17,Minggu,SKU012,Roti Tawar Gandum,Segar,bungkus,16500,18.4,13500,13200,12,0,162000,3600,20,0,8,38,0,2026-05-17,0,0,0
2026-05-18,Senin,SKU012,Roti Tawar Gandum,Segar,bungkus,16500,18.4,13500,13200,0,7,0,0,0,0,0,0,8,2026-05-17,0,0,0
2026-05-19,Selasa,SKU012,Roti Tawar Gandum,Segar,bungkus,16500,18.4,13500,13200,0,12,0,0,0,0,0,0,0,2026-05-17,0,0,0
2026-05-20,Rabu,SKU012,Roti Tawar Gandum,Segar,bungkus,16500,0.0,16500,13200,3,0,49500,9900,38,38,35,0,0,2026-05-27,7,0,0
2026-05-21,Kamis,SKU012,Roti Tawar Gandum,Segar,bungkus,16500,15.0,14000,13200,7,0,98000,5600,35,0,28,0,0,2026-05-27,6,0,0
2026-05-22,Jumat,SKU012,Roti Tawar Gandum,Segar,bungkus,16500,0.0,16500,13200,4,0,66000,13200,28,0,24,0,0,2026-05-27,5,0,0
2026-05-23,Sabtu,SKU012,Roti Tawar Gandum,Segar,bungkus,16500,15.0,14000,13200,7,0,98000,5600,24,0,17,0,0,2026-05-27,4,0,0
2026-05-24,Minggu,SKU012,Roti Tawar Gandum,Segar,bungkus,16500,15.0,14000,13200,12,0,168000,9600,17,0,5,83,0,2026-05-27,3,0,0
2026-05-25,Senin,SKU012,Roti Tawar Gandum,Segar,bungkus,16500,18.4,13500,13200,5,2,67500,1500,5,0,0,0,0,2026-05-27,2,1,0
2026-05-26,Selasa,SKU012,Roti Tawar Gandum,Segar,bungkus,16500,18.4,13500,13200,0,9,0,0,0,0,0,0,0,2026-05-27,1,1,0
2026-05-27,Rabu,SKU012,Roti Tawar Gandum,Segar,bungkus,16500,18.4,13500,13200,13,0,175500,3900,83,83,70,0,0,2026-06-03,7,1,0
2026-05-28,Kamis,SKU012,Roti Tawar Gandum,Segar,bungkus,16500,0.0,16500,13200,8,0,132000,26400,70,0,62,0,0,2026-06-03,6,1,0
2026-05-29,Jumat,SKU012,Roti Tawar Gandum,Segar,bungkus,16500,0.0,16500,13200,8,0,132000,26400,62,0,54,0,0,2026-06-03,5,1,0
2026-05-30,Sabtu,SKU012,Roti Tawar Gandum,Segar,bungkus,16500,15.0,14000,13200,26,0,364000,20800,54,0,28,0,0,2026-06-03,4,1,0
2026-05-31,Minggu,SKU012,Roti Tawar Gandum,Segar,bungkus,16500,15.0,14000,13200,14,0,196000,11200,28,0,14,38,0,2026-06-03,3,1,0
2026-06-01,Senin,SKU012,Roti Tawar Gandum,Segar,bungkus,16500,18.4,13500,13200,7,0,94500,2100,14,0,7,0,0,2026-06-03,2,1,0
2026-06-02,Selasa,SKU012,Roti Tawar Gandum,Segar,bungkus,16500,0.0,16500,13200,6,0,99000,19800,45,38,39,0,0,2026-06-09,7,1,0
2026-06-03,Rabu,SKU012,Roti Tawar Gandum,Segar,bungkus,16500,8.0,15200,13200,7,0,106400,14000,39,0,32,0,0,2026-06-09,6,1,0
2026-06-04,Kamis,SKU012,Roti Tawar Gandum,Segar,bungkus,16500,18.0,13500,13200,9,0,121500,2700,32,0,23,0,0,2026-06-09,5,1,0
2026-06-05,Jumat,SKU012,Roti Tawar Gandum,Segar,bungkus,16500,15.0,14000,13200,6,0,84000,4800,23,0,17,0,0,2026-06-09,4,1,0
2026-06-06,Sabtu,SKU012,Roti Tawar Gandum,Segar,bungkus,16500,15.0,14000,13200,13,0,182000,10400,17,0,4,38,0,2026-06-09,3,0,0
2026-06-07,Minggu,SKU012,Roti Tawar Gandum,Segar,bungkus,16500,18.4,13500,13200,4,5,54000,1200,4,0,0,0,0,2026-06-09,2,0,0
2026-06-08,Senin,SKU012,Roti Tawar Gandum,Segar,bungkus,16500,18.4,13500,13200,0,6,0,0,0,0,0,0,0,2026-06-09,1,0,0
2026-06-09,Selasa,SKU012,Roti Tawar Gandum,Segar,bungkus,16500,0.0,16500,13200,4,0,66000,13200,38,38,34,0,0,2026-06-16,7,0,0
2026-06-10,Rabu,SKU012,Roti Tawar Gandum,Segar,bungkus,16500,18.4,13500,13200,13,0,175500,3900,34,0,21,0,0,2026-06-16,6,0,0
2026-06-11,Kamis,SKU012,Roti Tawar Gandum,Segar,bungkus,16500,0.0,16500,13200,5,0,82500,16500,21,0,16,0,0,2026-06-16,5,0,0
2026-06-12,Jumat,SKU012,Roti Tawar Gandum,Segar,bungkus,16500,15.0,14000,13200,6,0,84000,4800,16,0,10,38,0,2026-06-16,4,0,0
2026-06-13,Sabtu,SKU012,Roti Tawar Gandum,Segar,bungkus,16500,15.0,14000,13200,7,0,98000,5600,10,0,3,0,0,2026-06-16,3,0,0
2026-06-14,Minggu,SKU012,Roti Tawar Gandum,Segar,bungkus,16500,18.4,13500,13200,3,10,40500,900,3,0,0,0,0,2026-06-16,2,0,0
2026-06-15,Senin,SKU012,Roti Tawar Gandum,Segar,bungkus,16500,0.0,16500,13200,0,0,0,0,38,38,38,0,0,2026-06-22,7,0,0
2026-06-16,Selasa,SKU012,Roti Tawar Gandum,Segar,bungkus,16500,0.0,16500,13200,4,0,66000,13200,38,0,34,0,0,2026-06-22,6,0,0
2026-06-17,Rabu,SKU012,Roti Tawar Gandum,Segar,bungkus,16500,18.4,13500,13200,8,0,108000,2400,34,0,26,0,0,2026-06-22,5,0,0
2026-06-18,Kamis,SKU012,Roti Tawar Gandum,Segar,bungkus,16500,15.0,14000,13200,9,0,126000,7200,26,0,17,0,0,2026-06-22,4,0,0
2026-06-19,Jumat,SKU012,Roti Tawar Gandum,Segar,bungkus,16500,15.0,14000,13200,9,0,126000,7200,17,0,8,38,0,2026-06-22,3,0,0
2026-06-20,Sabtu,SKU012,Roti Tawar Gandum,Segar,bungkus,16500,18.4,13500,13200,8,0,108000,2400,8,0,0,0,0,2026-06-22,2,0,0
2026-06-21,Minggu,SKU012,Roti Tawar Gandum,Segar,bungkus,16500,0.0,16500,13200,5,0,82500,16500,38,38,33,0,0,2026-06-28,7,0,0
2026-06-22,Senin,SKU012,Roti Tawar Gandum,Segar,bungkus,16500,0.0,16500,13200,4,0,66000,13200,33,0,29,0,0,2026-06-28,6,0,0
2026-06-23,Selasa,SKU012,Roti Tawar Gandum,Segar,bungkus,16500,0.0,16500,13200,5,0,82500,16500,29,0,24,0,0,2026-06-28,5,0,0
2026-06-24,Rabu,SKU012,Roti Tawar Gandum,Segar,bungkus,16500,15.0,14000,13200,11,0,154000,8800,24,0,13,38,0,2026-06-28,4,0,0
2026-06-25,Kamis,SKU012,Roti Tawar Gandum,Segar,bungkus,16500,15.0,14000,13200,13,1,182000,10400,13,0,0,0,0,2026-06-28,3,1,0
2026-06-26,Jumat,SKU012,Roti Tawar Gandum,Segar,bungkus,16500,8.0,15200,13200,10,0,152000,20000,38,38,28,0,0,2026-07-03,7,1,0
2026-06-27,Sabtu,SKU012,Roti Tawar Gandum,Segar,bungkus,16500,0.0,16500,13200,9,0,148500,29700,28,0,19,0,0,2026-07-03,6,1,0
2026-06-28,Minggu,SKU012,Roti Tawar Gandum,Segar,bungkus,16500,0.0,16500,13200,6,0,99000,19800,19,0,13,38,0,2026-07-03,5,1,0
2026-06-29,Senin,SKU012,Roti Tawar Gandum,Segar,bungkus,16500,15.0,14000,13200,6,0,84000,4800,13,0,7,0,0,2026-07-03,4,1,0
2026-06-30,Selasa,SKU012,Roti Tawar Gandum,Segar,bungkus,16500,15.0,14000,13200,4,0,56000,3200,7,0,3,0,0,2026-07-03,3,1,0
2026-07-01,Rabu,SKU012,Roti Tawar Gandum,Segar,bungkus,16500,0.0,16500,13200,6,0,99000,19800,41,38,35,0,0,2026-07-08,7,1,0
2026-07-02,Kamis,SKU012,Roti Tawar Gandum,Segar,bungkus,16500,0.0,16500,13200,6,0,99000,19800,35,0,29,0,0,2026-07-08,6,1,0
2026-07-03,Jumat,SKU012,Roti Tawar Gandum,Segar,bungkus,16500,15.0,14000,13200,10,0,140000,8000,29,0,19,0,0,2026-07-08,5,1,0
2026-07-04,Sabtu,SKU012,Roti Tawar Gandum,Segar,bungkus,16500,15.0,14000,13200,17,0,238000,13600,19,0,2,38,0,2026-07-08,4,1,0
2026-07-05,Minggu,SKU012,Roti Tawar Gandum,Segar,bungkus,16500,15.0,14000,13200,2,6,28000,1600,2,0,0,0,0,2026-07-08,3,1,0
2026-07-06,Senin,SKU012,Roti Tawar Gandum,Segar,bungkus,16500,18.4,13500,13200,0,7,0,0,0,0,0,0,0,2026-07-08,2,0,0
2026-07-07,Selasa,SKU012,Roti Tawar Gandum,Segar,bungkus,16500,0.0,16500,13200,2,0,33000,6600,38,38,36,0,0,2026-07-14,7,0,0
2026-07-08,Rabu,SKU012,Roti Tawar Gandum,Segar,bungkus,16500,0.0,16500,13200,8,0,132000,26400,36,0,28,0,0,2026-07-14,6,0,0
2026-07-09,Kamis,SKU012,Roti Tawar Gandum,Segar,bungkus,16500,0.0,16500,13200,3,0,49500,9900,28,0,25,0,0,2026-07-14,5,0,0
2026-07-10,Jumat,SKU012,Roti Tawar Gandum,Segar,bungkus,16500,15.0,14000,13200,10,0,140000,8000,25,0,15,0,0,2026-07-14,4,0,0
2026-07-11,Sabtu,SKU012,Roti Tawar Gandum,Segar,bungkus,16500,15.0,14000,13200,11,0,154000,8800,15,0,4,38,0,2026-07-14,3,0,0
2026-07-12,Minggu,SKU012,Roti Tawar Gandum,Segar,bungkus,16500,18.4,13500,13200,4,6,54000,1200,4,0,0,0,0,2026-07-14,2,0,0
2026-07-13,Senin,SKU012,Roti Tawar Gandum,Segar,bungkus,16500,15.0,14000,13200,10,0,140000,8000,38,38,28,0,0,2026-07-20,7,0,0
2026-07-14,Selasa,SKU012,Roti Tawar Gandum,Segar,bungkus,16500,0.0,16500,13200,6,0,99000,19800,28,0,22,0,0,2026-07-20,6,0,0
2026-07-15,Rabu,SKU012,Roti Tawar Gandum,Segar,bungkus,16500,0.0,16500,13200,5,0,82500,16500,22,0,17,0,0,2026-07-20,5,0,0
2026-07-16,Kamis,SKU012,Roti Tawar Gandum,Segar,bungkus,16500,15.0,14000,13200,9,0,126000,7200,17,0,8,38,0,2026-07-20,4,0,0
2026-07-17,Jumat,SKU012,Roti Tawar Gandum,Segar,bungkus,16500,15.0,14000,13200,6,0,84000,4800,8,0,2,0,0,2026-07-20,3,0,0
2026-07-18,Sabtu,SKU012,Roti Tawar Gandum,Segar,bungkus,16500,18.4,13500,13200,2,10,27000,600,2,0,0,0,0,2026-07-20,2,0,0
2026-07-19,Minggu,SKU012,Roti Tawar Gandum,Segar,bungkus,16500,18.4,13500,13200,9,0,121500,2700,38,38,29,0,0,2026-07-26,7,0,0
2026-07-20,Senin,SKU012,Roti Tawar Gandum,Segar,bungkus,16500,0.0,16500,13200,4,0,66000,13200,29,0,25,0,0,2026-07-26,6,0,0
2026-07-21,Selasa,SKU012,Roti Tawar Gandum,Segar,bungkus,16500,0.0,16500,13200,1,0,16500,3300,25,0,24,0,0,2026-07-26,5,0,0
2026-07-22,Rabu,SKU012,Roti Tawar Gandum,Segar,bungkus,16500,15.0,14000,13200,12,0,168000,9600,24,0,12,38,0,2026-07-26,4,0,0
2026-07-23,Kamis,SKU012,Roti Tawar Gandum,Segar,bungkus,16500,15.0,14000,13200,9,0,126000,7200,12,0,3,0,0,2026-07-26,3,0,0
2026-07-24,Jumat,SKU012,Roti Tawar Gandum,Segar,bungkus,16500,18.4,13500,13200,3,4,40500,900,3,0,0,0,0,2026-07-26,2,0,0
2026-07-25,Sabtu,SKU012,Roti Tawar Gandum,Segar,bungkus,16500,12.0,14500,13200,11,0,159500,14300,38,38,27,0,0,2026-08-01,7,1,0
2026-07-26,Minggu,SKU012,Roti Tawar Gandum,Segar,bungkus,16500,18.4,13500,13200,13,0,175500,3900,27,0,14,38,0,2026-08-01,6,1,0
2026-07-27,Senin,SKU012,Roti Tawar Gandum,Segar,bungkus,16500,0.0,16500,13200,3,0,49500,9900,14,0,11,0,0,2026-08-01,5,1,0
2026-07-28,Selasa,SKU012,Roti Tawar Gandum,Segar,bungkus,16500,0.0,16500,13200,7,0,115500,23100,49,38,42,0,0,2026-08-04,7,1,0
2026-07-29,Rabu,SKU012,Roti Tawar Gandum,Segar,bungkus,16500,0.0,16500,13200,3,0,49500,9900,42,0,39,0,0,2026-08-04,6,1,0
2026-07-30,Kamis,SKU012,Roti Tawar Gandum,Segar,bungkus,16500,0.0,16500,13200,2,0,33000,6600,39,0,37,0,0,2026-08-04,5,1,0
2026-07-31,Jumat,SKU012,Roti Tawar Gandum,Segar,bungkus,16500,15.0,14000,13200,9,0,126000,7200,37,0,28,0,0,2026-08-04,4,1,0
2026-08-01,Sabtu,SKU012,Roti Tawar Gandum,Segar,bungkus,16500,15.0,14000,13200,11,0,154000,8800,28,0,17,0,0,2026-08-04,3,1,0
2026-08-02,Minggu,SKU012,Roti Tawar Gandum,Segar,bungkus,16500,18.4,13500,13200,8,0,108000,2400,17,0,9,83,0,2026-08-04,2,1,0
2026-08-03,Senin,SKU012,Roti Tawar Gandum,Segar,bungkus,16500,0.0,16500,13200,6,0,99000,19800,92,83,86,0,0,2026-08-10,7,1,0
2026-08-04,Selasa,SKU012,Roti Tawar Gandum,Segar,bungkus,16500,0.0,16500,13200,7,0,115500,23100,86,0,79,0,0,2026-08-10,6,1,0
2026-08-05,Rabu,SKU012,Roti Tawar Gandum,Segar,bungkus,16500,18.4,13500,13200,10,0,135000,3000,79,0,69,0,0,2026-08-10,5,1,0
2026-08-06,Kamis,SKU012,Roti Tawar Gandum,Segar,bungkus,16500,15.0,14000,13200,5,0,70000,4000,69,0,64,0,0,2026-08-10,4,0,0
2026-08-07,Jumat,SKU012,Roti Tawar Gandum,Segar,bungkus,16500,15.0,14000,13200,10,0,140000,8000,64,0,54,0,0,2026-08-10,3,0,0
2026-08-08,Sabtu,SKU012,Roti Tawar Gandum,Segar,bungkus,16500,18.4,13500,13200,8,0,108000,2400,54,0,46,0,0,2026-08-10,2,0,0
2026-08-09,Minggu,SKU012,Roti Tawar Gandum,Segar,bungkus,16500,18.4,13500,13200,16,0,216000,4800,46,0,30,0,0,2026-08-10,1,0,0
2026-08-10,Senin,SKU012,Roti Tawar Gandum,Segar,bungkus,16500,18.4,13500,13200,5,0,67500,1500,30,0,25,0,0,2026-08-10,0,0,0
2026-08-11,Selasa,SKU012,Roti Tawar Gandum,Segar,bungkus,16500,18.4,13500,13200,0,10,0,0,0,0,0,38,25,2026-08-10,0,0,0
2026-08-12,Rabu,SKU012,Roti Tawar Gandum,Segar,bungkus,16500,0.0,16500,13200,5,0,82500,16500,38,38,33,0,0,2026-08-19,7,0,0
2026-08-13,Kamis,SKU012,Roti Tawar Gandum,Segar,bungkus,16500,0.0,16500,13200,6,0,99000,19800,33,0,27,0,0,2026-08-19,6,0,0
2026-08-14,Jumat,SKU012,Roti Tawar Gandum,Segar,bungkus,16500,0.0,16500,13200,2,0,33000,6600,27,0,25,0,0,2026-08-19,5,0,0
2026-08-15,Sabtu,SKU012,Roti Tawar Gandum,Segar,bungkus,16500,15.0,14000,13200,11,0,154000,8800,25,0,14,38,0,2026-08-19,4,0,0
2026-08-16,Minggu,SKU012,Roti Tawar Gandum,Segar,bungkus,16500,0.0,16500,13200,5,0,82500,16500,52,38,47,0,0,2026-08-23,7,0,0
2026-08-17,Senin,SKU012,Roti Tawar Gandum,Segar,bungkus,16500,0.0,16500,13200,2,0,33000,6600,47,0,45,0,0,2026-08-23,6,0,0
2025-08-18,Senin,SKU013,Biskuit Kaleng 700g,Snack,kaleng,58000,0.0,58000,46000,0,0,0,0,32,0,32,0,0,2026-04-19,244,0,0
2025-08-19,Selasa,SKU013,Biskuit Kaleng 700g,Snack,kaleng,58000,19.03,47000,46000,8,0,376000,8000,32,0,24,0,0,2026-04-19,243,0,0
2025-08-20,Rabu,SKU013,Biskuit Kaleng 700g,Snack,kaleng,58000,19.03,47000,46000,3,0,141000,3000,24,0,21,0,0,2026-04-19,242,0,0
2025-08-21,Kamis,SKU013,Biskuit Kaleng 700g,Snack,kaleng,58000,19.03,47000,46000,4,0,188000,4000,21,0,17,0,0,2026-04-19,241,0,0
2025-08-22,Jumat,SKU013,Biskuit Kaleng 700g,Snack,kaleng,58000,0.0,58000,46000,4,0,232000,48000,17,0,13,0,0,2026-04-19,240,0,0
2025-08-23,Sabtu,SKU013,Biskuit Kaleng 700g,Snack,kaleng,58000,0.0,58000,46000,5,0,290000,60000,13,0,8,55,0,2026-04-19,239,0,0
2025-08-24,Minggu,SKU013,Biskuit Kaleng 700g,Snack,kaleng,58000,0.0,58000,46000,3,0,174000,36000,8,0,5,0,0,2026-04-19,238,0,0
2025-08-25,Senin,SKU013,Biskuit Kaleng 700g,Snack,kaleng,58000,18.0,47600,46000,14,0,666400,22400,60,55,46,0,0,2026-06-21,300,1,0
2025-08-26,Selasa,SKU013,Biskuit Kaleng 700g,Snack,kaleng,58000,0.0,58000,46000,2,0,116000,24000,46,0,44,0,0,2026-06-21,299,1,0
2025-08-27,Rabu,SKU013,Biskuit Kaleng 700g,Snack,kaleng,58000,0.0,58000,46000,0,0,0,0,44,0,44,0,0,2026-06-21,298,1,0
2025-08-28,Kamis,SKU013,Biskuit Kaleng 700g,Snack,kaleng,58000,0.0,58000,46000,12,0,696000,144000,44,0,32,0,0,2026-06-21,297,1,0
2025-08-29,Jumat,SKU013,Biskuit Kaleng 700g,Snack,kaleng,58000,12.0,51000,46000,16,0,816000,80000,32,0,16,0,0,2026-06-21,296,1,0
2025-08-30,Sabtu,SKU013,Biskuit Kaleng 700g,Snack,kaleng,58000,0.0,58000,46000,8,0,464000,96000,16,0,8,55,0,2026-06-21,295,1,0
2025-08-31,Minggu,SKU013,Biskuit Kaleng 700g,Snack,kaleng,58000,15.0,49300,46000,14,0,690200,46200,63,55,49,0,0,2026-06-27,300,1,0
2025-09-01,Senin,SKU013,Biskuit Kaleng 700g,Snack,kaleng,58000,0.0,58000,46000,12,0,696000,144000,49,0,37,0,0,2026-06-27,299,1,0
2025-09-02,Selasa,SKU013,Biskuit Kaleng 700g,Snack,kaleng,58000,0.0,58000,46000,6,0,348000,72000,37,0,31,0,0,2026-06-27,298,1,0
2025-09-03,Rabu,SKU013,Biskuit Kaleng 700g,Snack,kaleng,58000,8.0,53400,46000,8,0,427200,59200,31,0,23,0,0,2026-06-27,297,1,0
2025-09-04,Kamis,SKU013,Biskuit Kaleng 700g,Snack,kaleng,58000,0.0,58000,46000,6,0,348000,72000,23,0,17,0,0,2026-06-27,296,1,0
2025-09-05,Jumat,SKU013,Biskuit Kaleng 700g,Snack,kaleng,58000,0.0,58000,46000,9,0,522000,108000,17,0,8,121,0,2026-06-27,295,1,0
2025-09-06,Sabtu,SKU013,Biskuit Kaleng 700g,Snack,kaleng,58000,0.0,58000,46000,3,0,174000,36000,8,0,5,0,0,2026-06-27,294,0,0
2025-09-07,Minggu,SKU013,Biskuit Kaleng 700g,Snack,kaleng,58000,19.03,47000,46000,5,6,235000,5000,5,0,0,0,0,2026-06-27,293,0,0
2025-09-08,Senin,SKU013,Biskuit Kaleng 700g,Snack,kaleng,58000,0.0,58000,46000,2,0,116000,24000,121,121,119,0,0,2026-07-05,300,0,0
2025-09-09,Selasa,SKU013,Biskuit Kaleng 700g,Snack,kaleng,58000,0.0,58000,46000,2,0,116000,24000,119,0,117,0,0,2026-07-05,299,0,0
2025-09-10,Rabu,SKU013,Biskuit Kaleng 700g,Snack,kaleng,58000,19.03,47000,46000,6,0,282000,6000,117,0,111,0,0,2026-07-05,298,0,0
2025-09-11,Kamis,SKU013,Biskuit Kaleng 700g,Snack,kaleng,58000,12.0,51000,46000,6,0,306000,30000,111,0,105,0,0,2026-07-05,297,0,0
2025-09-12,Jumat,SKU013,Biskuit Kaleng 700g,Snack,kaleng,58000,0.0,58000,46000,3,0,174000,36000,105,0,102,0,0,2026-07-05,296,0,0
2025-09-13,Sabtu,SKU013,Biskuit Kaleng 700g,Snack,kaleng,58000,19.03,47000,46000,12,0,564000,12000,102,0,90,0,0,2026-07-05,295,0,0
2025-09-14,Minggu,SKU013,Biskuit Kaleng 700g,Snack,kaleng,58000,18.0,47600,46000,11,0,523600,17600,90,0,79,0,0,2026-07-05,294,0,0
2025-09-15,Senin,SKU013,Biskuit Kaleng 700g,Snack,kaleng,58000,0.0,58000,46000,5,0,290000,60000,79,0,74,0,0,2026-07-05,293,0,0
2025-09-16,Selasa,SKU013,Biskuit Kaleng 700g,Snack,kaleng,58000,0.0,58000,46000,6,0,348000,72000,74,0,68,0,0,2026-07-05,292,0,0
2025-09-17,Rabu,SKU013,Biskuit Kaleng 700g,Snack,kaleng,58000,0.0,58000,46000,2,0,116000,24000,68,0,66,0,0,2026-07-05,291,0,0
2025-09-18,Kamis,SKU013,Biskuit Kaleng 700g,Snack,kaleng,58000,0.0,58000,46000,2,0,116000,24000,66,0,64,0,0,2026-07-05,290,0,0
2025-09-19,Jumat,SKU013,Biskuit Kaleng 700g,Snack,kaleng,58000,0.0,58000,46000,8,0,464000,96000,64,0,56,0,0,2026-07-05,289,0,0
2025-09-20,Sabtu,SKU013,Biskuit Kaleng 700g,Snack,kaleng,58000,19.03,47000,46000,11,0,517000,11000,56,0,45,0,0,2026-07-05,288,0,0
2025-09-21,Minggu,SKU013,Biskuit Kaleng 700g,Snack,kaleng,58000,0.0,58000,46000,5,0,290000,60000,45,0,40,0,0,2026-07-05,287,0,0
2025-09-22,Senin,SKU013,Biskuit Kaleng 700g,Snack,kaleng,58000,19.03,47000,46000,4,0,188000,4000,40,0,36,0,0,2026-07-05,286,0,0
2025-09-23,Selasa,SKU013,Biskuit Kaleng 700g,Snack,kaleng,58000,19.03,47000,46000,7,0,329000,7000,36,0,29,0,0,2026-07-05,285,0,0
2025-09-24,Rabu,SKU013,Biskuit Kaleng 700g,Snack,kaleng,58000,0.0,58000,46000,5,0,290000,60000,29,0,24,0,0,2026-07-05,284,0,0
2025-09-25,Kamis,SKU013,Biskuit Kaleng 700g,Snack,kaleng,58000,0.0,58000,46000,5,0,290000,60000,24,0,19,0,0,2026-07-05,283,1,0
2025-09-26,Jumat,SKU013,Biskuit Kaleng 700g,Snack,kaleng,58000,8.0,53400,46000,5,0,267000,37000,19,0,14,0,0,2026-07-05,282,1,0
2025-09-27,Sabtu,SKU013,Biskuit Kaleng 700g,Snack,kaleng,58000,0.0,58000,46000,9,0,522000,108000,14,0,5,55,0,2026-07-05,281,1,0
2025-09-28,Minggu,SKU013,Biskuit Kaleng 700g,Snack,kaleng,58000,19.03,47000,46000,5,8,235000,5000,5,0,0,0,0,2026-07-05,280,1,0
2025-09-29,Senin,SKU013,Biskuit Kaleng 700g,Snack,kaleng,58000,0.0,58000,46000,0,4,0,0,0,0,0,0,0,2026-07-05,279,1,0
2025-09-30,Selasa,SKU013,Biskuit Kaleng 700g,Snack,kaleng,58000,0.0,58000,46000,6,0,348000,72000,55,55,49,0,0,2026-07-27,300,1,0
2025-10-01,Rabu,SKU013,Biskuit Kaleng 700g,Snack,kaleng,58000,0.0,58000,46000,1,0,58000,12000,49,0,48,0,0,2026-07-27,299,1,0
2025-10-02,Kamis,SKU013,Biskuit Kaleng 700g,Snack,kaleng,58000,0.0,58000,46000,9,0,522000,108000,48,0,39,0,0,2026-07-27,298,1,0
2025-10-03,Jumat,SKU013,Biskuit Kaleng 700g,Snack,kaleng,58000,0.0,58000,46000,6,0,348000,72000,39,0,33,0,0,2026-07-27,297,1,0
2025-10-04,Sabtu,SKU013,Biskuit Kaleng 700g,Snack,kaleng,58000,0.0,58000,46000,9,0,522000,108000,33,0,24,0,0,2026-07-27,296,1,0
2025-10-05,Minggu,SKU013,Biskuit Kaleng 700g,Snack,kaleng,58000,0.0,58000,46000,5,0,290000,60000,24,0,19,0,0,2026-07-27,295,1,0
2025-10-06,Senin,SKU013,Biskuit Kaleng 700g,Snack,kaleng,58000,0.0,58000,46000,2,0,116000,24000,19,0,17,0,0,2026-07-27,294,0,0
2025-10-07,Selasa,SKU013,Biskuit Kaleng 700g,Snack,kaleng,58000,19.03,47000,46000,4,0,188000,4000,17,0,13,0,0,2026-07-27,293,0,0
2025-10-08,Rabu,SKU013,Biskuit Kaleng 700g,Snack,kaleng,58000,0.0,58000,46000,7,0,406000,84000,13,0,6,55,0,2026-07-27,292,0,0
2025-10-09,Kamis,SKU013,Biskuit Kaleng 700g,Snack,kaleng,58000,0.0,58000,46000,4,0,232000,48000,6,0,2,0,0,2026-07-27,291,0,0
2025-10-10,Jumat,SKU013,Biskuit Kaleng 700g,Snack,kaleng,58000,0.0,58000,46000,2,1,116000,24000,2,0,0,0,0,2026-07-27,290,0,0
2025-10-11,Sabtu,SKU013,Biskuit Kaleng 700g,Snack,kaleng,58000,12.0,51000,46000,8,0,408000,40000,55,55,47,0,0,2026-08-07,300,0,0
2025-10-12,Minggu,SKU013,Biskuit Kaleng 700g,Snack,kaleng,58000,0.0,58000,46000,9,0,522000,108000,47,0,38,0,0,2026-08-07,299,0,0
2025-10-13,Senin,SKU013,Biskuit Kaleng 700g,Snack,kaleng,58000,0.0,58000,46000,2,0,116000,24000,38,0,36,0,0,2026-08-07,298,0,0
2025-10-14,Selasa,SKU013,Biskuit Kaleng 700g,Snack,kaleng,58000,19.03,47000,46000,13,0,611000,13000,36,0,23,0,0,2026-08-07,297,0,0
2025-10-15,Rabu,SKU013,Biskuit Kaleng 700g,Snack,kaleng,58000,0.0,58000,46000,3,0,174000,36000,23,0,20,0,0,2026-08-07,296,0,0
2025-10-16,Kamis,SKU013,Biskuit Kaleng 700g,Snack,kaleng,58000,0.0,58000,46000,8,0,464000,96000,20,0,12,121,0,2026-08-07,295,0,0
2025-10-17,Jumat,SKU013,Biskuit Kaleng 700g,Snack,kaleng,58000,0.0,58000,46000,6,0,348000,72000,12,0,6,0,0,2026-08-07,294,0,0
2025-10-18,Sabtu,SKU013,Biskuit Kaleng 700g,Snack,kaleng,58000,0.0,58000,46000,7,0,406000,84000,127,121,120,0,0,2026-08-14,300,0,0
2025-10-19,Minggu,SKU013,Biskuit Kaleng 700g,Snack,kaleng,58000,0.0,58000,46000,6,0,348000,72000,120,0,114,0,0,2026-08-14,299,0,0
2025-10-20,Senin,SKU013,Biskuit Kaleng 700g,Snack,kaleng,58000,19.03,47000,46000,8,0,376000,8000,114,0,106,0,0,2026-08-14,298,0,0
2025-10-21,Selasa,SKU013,Biskuit Kaleng 700g,Snack,kaleng,58000,0.0,58000,46000,2,0,116000,24000,106,0,104,0,0,2026-08-14,297,0,0
2025-10-22,Rabu,SKU013,Biskuit Kaleng 700g,Snack,kaleng,58000,0.0,58000,46000,4,0,232000,48000,104,0,100,0,0,2026-08-14,296,0,0
2025-10-23,Kamis,SKU013,Biskuit Kaleng 700g,Snack,kaleng,58000,0.0,58000,46000,7,0,406000,84000,100,0,93,0,0,2026-08-14,295,0,0
2025-10-24,Jumat,SKU013,Biskuit Kaleng 700g,Snack,kaleng,58000,0.0,58000,46000,6,0,348000,72000,93,0,87,0,0,2026-08-14,294,0,0
2025-10-25,Sabtu,SKU013,Biskuit Kaleng 700g,Snack,kaleng,58000,0.0,58000,46000,10,0,580000,120000,87,0,77,0,0,2026-08-14,293,1,0
2025-10-26,Minggu,SKU013,Biskuit Kaleng 700g,Snack,kaleng,58000,15.0,49300,46000,16,0,788800,52800,77,0,61,0,0,2026-08-14,292,1,0
2025-10-27,Senin,SKU013,Biskuit Kaleng 700g,Snack,kaleng,58000,0.0,58000,46000,7,0,406000,84000,61,0,54,0,0,2026-08-14,291,1,0
2025-10-28,Selasa,SKU013,Biskuit Kaleng 700g,Snack,kaleng,58000,12.0,51000,46000,4,0,204000,20000,54,0,50,0,0,2026-08-14,290,1,0
2025-10-29,Rabu,SKU013,Biskuit Kaleng 700g,Snack,kaleng,58000,0.0,58000,46000,7,0,406000,84000,50,0,43,0,0,2026-08-14,289,1,0
2025-10-30,Kamis,SKU013,Biskuit Kaleng 700g,Snack,kaleng,58000,0.0,58000,46000,5,0,290000,60000,43,0,38,0,0,2026-08-14,288,1,0
2025-10-31,Jumat,SKU013,Biskuit Kaleng 700g,Snack,kaleng,58000,18.0,47600,46000,19,0,904400,30400,38,0,19,0,0,2026-08-14,287,1,0
2025-11-01,Sabtu,SKU013,Biskuit Kaleng 700g,Snack,kaleng,58000,0.0,58000,46000,10,0,580000,120000,19,0,9,55,0,2026-08-14,286,1,0
2025-11-02,Minggu,SKU013,Biskuit Kaleng 700g,Snack,kaleng,58000,0.0,58000,46000,8,0,464000,96000,9,0,1,0,0,2026-08-14,285,1,0
2025-11-03,Senin,SKU013,Biskuit Kaleng 700g,Snack,kaleng,58000,0.0,58000,46000,3,0,174000,36000,56,55,53,0,0,2026-08-30,300,1,0
2025-11-04,Selasa,SKU013,Biskuit Kaleng 700g,Snack,kaleng,58000,0.0,58000,46000,8,0,464000,96000,53,0,45,0,0,2026-08-30,299,1,0
2025-11-05,Rabu,SKU013,Biskuit Kaleng 700g,Snack,kaleng,58000,10.0,52200,46000,8,0,417600,49600,45,0,37,0,0,2026-08-30,298,1,0
2025-11-06,Kamis,SKU013,Biskuit Kaleng 700g,Snack,kaleng,58000,0.0,58000,46000,2,0,116000,24000,37,0,35,0,0,2026-08-30,297,0,0
2025-11-07,Jumat,SKU013,Biskuit Kaleng 700g,Snack,kaleng,58000,12.0,51000,46000,11,0,561000,55000,35,0,24,0,0,2026-08-30,296,0,0
2025-11-08,Sabtu,SKU013,Biskuit Kaleng 700g,Snack,kaleng,58000,0.0,58000,46000,7,0,406000,84000,24,0,17,0,0,2026-08-30,295,0,0
2025-11-09,Minggu,SKU013,Biskuit Kaleng 700g,Snack,kaleng,58000,0.0,58000,46000,0,0,0,0,17,0,17,0,0,2026-08-30,294,0,0
2025-11-10,Senin,SKU013,Biskuit Kaleng 700g,Snack,kaleng,58000,0.0,58000,46000,3,0,174000,36000,17,0,14,0,0,2026-08-30,293,0,0
2025-11-11,Selasa,SKU013,Biskuit Kaleng 700g,Snack,kaleng,58000,0.0,58000,46000,3,0,174000,36000,14,0,11,55,0,2026-08-30,292,0,0
2025-11-12,Rabu,SKU013,Biskuit Kaleng 700g,Snack,kaleng,58000,19.03,47000,46000,6,0,282000,6000,11,0,5,0,0,2026-08-30,291,0,0
2025-11-13,Kamis,SKU013,Biskuit Kaleng 700g,Snack,kaleng,58000,0.0,58000,46000,6,0,348000,72000,60,55,54,0,0,2026-09-09,300,0,0
2025-11-14,Jumat,SKU013,Biskuit Kaleng 700g,Snack,kaleng,58000,19.03,47000,46000,11,0,517000,11000,54,0,43,0,0,2026-09-09,299,0,0
2025-11-15,Sabtu,SKU013,Biskuit Kaleng 700g,Snack,kaleng,58000,0.0,58000,46000,4,0,232000,48000,43,0,39,0,0,2026-09-09,298,0,0
2025-11-16,Minggu,SKU013,Biskuit Kaleng 700g,Snack,kaleng,58000,0.0,58000,46000,12,0,696000,144000,39,0,27,0,0,2026-09-09,297,0,0
2025-11-17,Senin,SKU013,Biskuit Kaleng 700g,Snack,kaleng,58000,0.0,58000,46000,3,0,174000,36000,27,0,24,0,0,2026-09-09,296,0,0
2025-11-18,Selasa,SKU013,Biskuit Kaleng 700g,Snack,kaleng,58000,0.0,58000,46000,2,0,116000,24000,24,0,22,0,0,2026-09-09,295,0,0
2025-11-19,Rabu,SKU013,Biskuit Kaleng 700g,Snack,kaleng,58000,0.0,58000,46000,1,0,58000,12000,22,0,21,0,0,2026-09-09,294,0,0
2025-11-20,Kamis,SKU013,Biskuit Kaleng 700g,Snack,kaleng,58000,19.03,47000,46000,5,0,235000,5000,21,0,16,0,0,2026-09-09,293,0,0
2025-11-21,Jumat,SKU013,Biskuit Kaleng 700g,Snack,kaleng,58000,0.0,58000,46000,8,0,464000,96000,16,0,8,55,0,2026-09-09,292,0,0
2025-11-22,Sabtu,SKU013,Biskuit Kaleng 700g,Snack,kaleng,58000,0.0,58000,46000,4,0,232000,48000,63,55,59,0,0,2026-09-18,300,0,0
2025-11-23,Minggu,SKU013,Biskuit Kaleng 700g,Snack,kaleng,58000,0.0,58000,46000,4,0,232000,48000,59,0,55,0,0,2026-09-18,299,0,0
2025-11-24,Senin,SKU013,Biskuit Kaleng 700g,Snack,kaleng,58000,19.03,47000,46000,5,0,235000,5000,55,0,50,0,0,2026-09-18,298,0,0
2025-11-25,Selasa,SKU013,Biskuit Kaleng 700g,Snack,kaleng,58000,15.0,49300,46000,13,0,640900,42900,50,0,37,0,0,2026-09-18,297,1,0
2025-11-26,Rabu,SKU013,Biskuit Kaleng 700g,Snack,kaleng,58000,0.0,58000,46000,6,0,348000,72000,37,0,31,0,0,2026-09-18,296,1,0
2025-11-27,Kamis,SKU013,Biskuit Kaleng 700g,Snack,kaleng,58000,10.0,52200,46000,7,0,365400,43400,31,0,24,0,0,2026-09-18,295,1,0
2025-11-28,Jumat,SKU013,Biskuit Kaleng 700g,Snack,kaleng,58000,18.0,47600,46000,10,0,476000,16000,24,0,14,0,0,2026-09-18,294,1,0
2025-11-29,Sabtu,SKU013,Biskuit Kaleng 700g,Snack,kaleng,58000,0.0,58000,46000,5,0,290000,60000,14,0,9,55,0,2026-09-18,293,1,0
2025-11-30,Minggu,SKU013,Biskuit Kaleng 700g,Snack,kaleng,58000,0.0,58000,46000,9,1,522000,108000,9,0,0,0,0,2026-09-18,292,1,0
2025-12-01,Senin,SKU013,Biskuit Kaleng 700g,Snack,kaleng,58000,0.0,58000,46000,5,0,290000,60000,55,55,50,0,0,2026-09-27,300,1,0
2025-12-02,Selasa,SKU013,Biskuit Kaleng 700g,Snack,kaleng,58000,0.0,58000,46000,9,0,522000,108000,50,0,41,0,0,2026-09-27,299,1,0
2025-12-03,Rabu,SKU013,Biskuit Kaleng 700g,Snack,kaleng,58000,0.0,58000,46000,4,0,232000,48000,41,0,37,0,0,2026-09-27,298,1,0
2025-12-04,Kamis,SKU013,Biskuit Kaleng 700g,Snack,kaleng,58000,0.0,58000,46000,7,0,406000,84000,37,0,30,0,0,2026-09-27,297,1,0
2025-12-05,Jumat,SKU013,Biskuit Kaleng 700g,Snack,kaleng,58000,0.0,58000,46000,5,0,290000,60000,30,0,25,0,0,2026-09-27,296,1,0
2025-12-06,Sabtu,SKU013,Biskuit Kaleng 700g,Snack,kaleng,58000,0.0,58000,46000,3,0,174000,36000,25,0,22,0,0,2026-09-27,295,0,0
2025-12-07,Minggu,SKU013,Biskuit Kaleng 700g,Snack,kaleng,58000,19.03,47000,46000,9,0,423000,9000,22,0,13,0,0,2026-09-27,294,0,0
2025-12-08,Senin,SKU013,Biskuit Kaleng 700g,Snack,kaleng,58000,0.0,58000,46000,2,0,116000,24000,13,0,11,55,0,2026-09-27,293,0,0
2025-12-09,Selasa,SKU013,Biskuit Kaleng 700g,Snack,kaleng,58000,0.0,58000,46000,6,0,348000,72000,11,0,5,0,0,2026-09-27,292,0,0
2025-12-10,Rabu,SKU013,Biskuit Kaleng 700g,Snack,kaleng,58000,19.03,47000,46000,2,0,94000,2000,60,55,58,0,0,2026-10-06,300,0,0
2025-12-11,Kamis,SKU013,Biskuit Kaleng 700g,Snack,kaleng,58000,0.0,58000,46000,6,0,348000,72000,58,0,52,0,0,2026-10-06,299,0,0
2025-12-12,Jumat,SKU013,Biskuit Kaleng 700g,Snack,kaleng,58000,0.0,58000,46000,7,0,406000,84000,52,0,45,0,0,2026-10-06,298,0,0
2025-12-13,Sabtu,SKU013,Biskuit Kaleng 700g,Snack,kaleng,58000,0.0,58000,46000,4,0,232000,48000,45,0,41,0,0,2026-10-06,297,0,0
2025-12-14,Minggu,SKU013,Biskuit Kaleng 700g,Snack,kaleng,58000,0.0,58000,46000,7,0,406000,84000,41,0,34,0,0,2026-10-06,296,0,0
2025-12-15,Senin,SKU013,Biskuit Kaleng 700g,Snack,kaleng,58000,0.0,58000,46000,3,0,174000,36000,34,0,31,0,0,2026-10-06,295,0,0
2025-12-16,Selasa,SKU013,Biskuit Kaleng 700g,Snack,kaleng,58000,0.0,58000,46000,2,0,116000,24000,31,0,29,0,0,2026-10-06,294,0,0
2025-12-17,Rabu,SKU013,Biskuit Kaleng 700g,Snack,kaleng,58000,0.0,58000,46000,5,0,290000,60000,29,0,24,0,0,2026-10-06,293,0,0
2025-12-18,Kamis,SKU013,Biskuit Kaleng 700g,Snack,kaleng,58000,19.03,47000,46000,5,0,235000,5000,24,0,19,0,0,2026-10-06,292,0,0
2025-12-19,Jumat,SKU013,Biskuit Kaleng 700g,Snack,kaleng,58000,0.0,58000,46000,1,0,58000,12000,19,0,18,0,0,2026-10-06,291,0,0
2025-12-20,Sabtu,SKU013,Biskuit Kaleng 700g,Snack,kaleng,58000,0.0,58000,46000,3,0,174000,36000,18,0,15,0,0,2026-10-06,290,0,0
2025-12-21,Minggu,SKU013,Biskuit Kaleng 700g,Snack,kaleng,58000,0.0,58000,46000,2,0,116000,24000,15,0,13,0,0,2026-10-06,289,0,0
2025-12-22,Senin,SKU013,Biskuit Kaleng 700g,Snack,kaleng,58000,0.0,58000,46000,4,0,232000,48000,13,0,9,55,0,2026-10-06,288,0,0
2025-12-23,Selasa,SKU013,Biskuit Kaleng 700g,Snack,kaleng,58000,15.0,49300,46000,3,0,147900,9900,64,55,61,0,0,2026-10-19,300,0,0
2025-12-24,Rabu,SKU013,Biskuit Kaleng 700g,Snack,kaleng,58000,19.03,47000,46000,9,0,423000,9000,61,0,52,0,0,2026-10-19,299,0,0
2025-12-25,Kamis,SKU013,Biskuit Kaleng 700g,Snack,kaleng,58000,0.0,58000,46000,10,0,580000,120000,52,0,42,0,0,2026-10-19,298,1,0
2025-12-26,Jumat,SKU013,Biskuit Kaleng 700g,Snack,kaleng,58000,18.0,47600,46000,14,0,666400,22400,42,0,28,0,0,2026-10-19,297,1,0
2025-12-27,Sabtu,SKU013,Biskuit Kaleng 700g,Snack,kaleng,58000,0.0,58000,46000,8,0,464000,96000,28,0,20,0,0,2026-10-19,296,1,0
2025-12-28,Minggu,SKU013,Biskuit Kaleng 700g,Snack,kaleng,58000,0.0,58000,46000,12,0,696000,144000,20,0,8,55,0,2026-10-19,295,1,0
2025-12-29,Senin,SKU013,Biskuit Kaleng 700g,Snack,kaleng,58000,19.03,47000,46000,5,0,235000,5000,8,0,3,0,0,2026-10-19,294,1,0
2025-12-30,Selasa,SKU013,Biskuit Kaleng 700g,Snack,kaleng,58000,0.0,58000,46000,8,0,464000,96000,58,55,50,0,0,2026-10-26,300,1,0
2025-12-31,Rabu,SKU013,Biskuit Kaleng 700g,Snack,kaleng,58000,0.0,58000,46000,7,0,406000,84000,50,0,43,0,0,2026-10-26,299,1,0
2026-01-01,Kamis,SKU013,Biskuit Kaleng 700g,Snack,kaleng,58000,0.0,58000,46000,2,0,116000,24000,43,0,41,0,0,2026-10-26,298,1,0
2026-01-02,Jumat,SKU013,Biskuit Kaleng 700g,Snack,kaleng,58000,15.0,49300,46000,8,0,394400,26400,41,0,33,0,0,2026-10-26,297,1,0
2026-01-03,Sabtu,SKU013,Biskuit Kaleng 700g,Snack,kaleng,58000,0.0,58000,46000,3,0,174000,36000,33,0,30,0,0,2026-10-26,296,1,0
2026-01-04,Minggu,SKU013,Biskuit Kaleng 700g,Snack,kaleng,58000,15.0,49300,46000,14,0,690200,46200,30,0,16,0,0,2026-10-26,295,1,0
2026-01-05,Senin,SKU013,Biskuit Kaleng 700g,Snack,kaleng,58000,0.0,58000,46000,3,0,174000,36000,16,0,13,0,0,2026-10-26,294,1,0
2026-01-06,Selasa,SKU013,Biskuit Kaleng 700g,Snack,kaleng,58000,0.0,58000,46000,11,0,638000,132000,13,0,2,55,0,2026-10-26,293,0,0
2026-01-07,Rabu,SKU013,Biskuit Kaleng 700g,Snack,kaleng,58000,0.0,58000,46000,2,0,116000,24000,2,0,0,0,0,2026-10-26,292,0,0
2026-01-08,Kamis,SKU013,Biskuit Kaleng 700g,Snack,kaleng,58000,0.0,58000,46000,8,0,464000,96000,55,55,47,0,0,2026-11-04,300,0,0
2026-01-09,Jumat,SKU013,Biskuit Kaleng 700g,Snack,kaleng,58000,0.0,58000,46000,9,0,522000,108000,47,0,38,0,0,2026-11-04,299,0,0
2026-01-10,Sabtu,SKU013,Biskuit Kaleng 700g,Snack,kaleng,58000,0.0,58000,46000,8,0,464000,96000,38,0,30,0,0,2026-11-04,298,0,0
2026-01-11,Minggu,SKU013,Biskuit Kaleng 700g,Snack,kaleng,58000,0.0,58000,46000,5,0,290000,60000,30,0,25,0,0,2026-11-04,297,0,0
2026-01-12,Senin,SKU013,Biskuit Kaleng 700g,Snack,kaleng,58000,0.0,58000,46000,1,0,58000,12000,25,0,24,0,0,2026-11-04,296,0,0
2026-01-13,Selasa,SKU013,Biskuit Kaleng 700g,Snack,kaleng,58000,19.03,47000,46000,8,0,376000,8000,24,0,16,0,0,2026-11-04,295,0,0
2026-01-14,Rabu,SKU013,Biskuit Kaleng 700g,Snack,kaleng,58000,19.03,47000,46000,5,0,235000,5000,16,0,11,55,0,2026-11-04,294,0,0
2026-01-15,Kamis,SKU013,Biskuit Kaleng 700g,Snack,kaleng,58000,0.0,58000,46000,5,0,290000,60000,11,0,6,0,0,2026-11-04,293,0,0
2026-01-16,Jumat,SKU013,Biskuit Kaleng 700g,Snack,kaleng,58000,0.0,58000,46000,6,1,348000,72000,6,0,0,0,0,2026-11-04,292,0,0
2026-01-17,Sabtu,SKU013,Biskuit Kaleng 700g,Snack,kaleng,58000,0.0,58000,46000,8,0,464000,96000,55,55,47,0,0,2026-11-13,300,0,0
2026-01-18,Minggu,SKU013,Biskuit Kaleng 700g,Snack,kaleng,58000,19.03,47000,46000,11,0,517000,11000,47,0,36,0,0,2026-11-13,299,0,0
2026-01-19,Senin,SKU013,Biskuit Kaleng 700g,Snack,kaleng,58000,0.0,58000,46000,7,0,406000,84000,36,0,29,0,0,2026-11-13,298,0,0
2026-01-20,Selasa,SKU013,Biskuit Kaleng 700g,Snack,kaleng,58000,19.03,47000,46000,5,0,235000,5000,29,0,24,0,0,2026-11-13,297,0,0
2026-01-21,Rabu,SKU013,Biskuit Kaleng 700g,Snack,kaleng,58000,15.0,49300,46000,8,0,394400,26400,24,0,16,0,0,2026-11-13,296,0,0
2026-01-22,Kamis,SKU013,Biskuit Kaleng 700g,Snack,kaleng,58000,12.0,51000,46000,8,0,408000,40000,16,0,8,55,0,2026-11-13,295,0,0
2026-01-23,Jumat,SKU013,Biskuit Kaleng 700g,Snack,kaleng,58000,15.0,49300,46000,6,0,295800,19800,8,0,2,0,0,2026-11-13,294,0,0
2026-01-24,Sabtu,SKU013,Biskuit Kaleng 700g,Snack,kaleng,58000,0.0,58000,46000,6,0,348000,72000,57,55,51,0,0,2026-11-20,300,0,0
2026-01-25,Minggu,SKU013,Biskuit Kaleng 700g,Snack,kaleng,58000,10.0,52200,46000,3,0,156600,18600,51,0,48,0,0,2026-11-20,299,1,0
2026-01-26,Senin,SKU013,Biskuit Kaleng 700g,Snack,kaleng,58000,8.0,53400,46000,9,0,480600,66600,48,0,39,0,0,2026-11-20,298,1,0
2026-01-27,Selasa,SKU013,Biskuit Kaleng 700g,Snack,kaleng,58000,0.0,58000,46000,2,0,116000,24000,39,0,37,0,0,2026-11-20,297,1,0
2026-01-28,Rabu,SKU013,Biskuit Kaleng 700g,Snack,kaleng,58000,15.0,49300,46000,4,0,197200,13200,37,0,33,0,0,2026-11-20,296,1,0
2026-01-29,Kamis,SKU013,Biskuit Kaleng 700g,Snack,kaleng,58000,0.0,58000,46000,6,0,348000,72000,33,0,27,0,0,2026-11-20,295,1,0
2026-01-30,Jumat,SKU013,Biskuit Kaleng 700g,Snack,kaleng,58000,19.03,47000,46000,10,0,470000,10000,27,0,17,0,0,2026-11-20,294,1,0
2026-01-31,Sabtu,SKU013,Biskuit Kaleng 700g,Snack,kaleng,58000,0.0,58000,46000,12,0,696000,144000,17,0,5,55,0,2026-11-20,293,1,0
2026-02-01,Minggu,SKU013,Biskuit Kaleng 700g,Snack,kaleng,58000,0.0,58000,46000,7,0,406000,84000,60,55,53,0,0,2026-11-28,300,1,0
2026-02-02,Senin,SKU013,Biskuit Kaleng 700g,Snack,kaleng,58000,0.0,58000,46000,1,0,58000,12000,53,0,52,0,0,2026-11-28,299,1,0
2026-02-03,Selasa,SKU013,Biskuit Kaleng 700g,Snack,kaleng,58000,0.0,58000,46000,1,0,58000,12000,52,0,51,0,0,2026-11-28,298,1,0
2026-02-04,Rabu,SKU013,Biskuit Kaleng 700g,Snack,kaleng,58000,0.0,58000,46000,6,0,348000,72000,51,0,45,0,0,2026-11-28,297,1,0
2026-02-05,Kamis,SKU013,Biskuit Kaleng 700g,Snack,kaleng,58000,0.0,58000,46000,4,0,232000,48000,45,0,41,0,0,2026-11-28,296,1,0
2026-02-06,Jumat,SKU013,Biskuit Kaleng 700g,Snack,kaleng,58000,0.0,58000,46000,10,0,580000,120000,41,0,31,0,0,2026-11-28,295,0,0
2026-02-07,Sabtu,SKU013,Biskuit Kaleng 700g,Snack,kaleng,58000,19.03,47000,46000,8,0,376000,8000,31,0,23,0,0,2026-11-28,294,0,0
2026-02-08,Minggu,SKU013,Biskuit Kaleng 700g,Snack,kaleng,58000,19.03,47000,46000,9,0,423000,9000,23,0,14,0,0,2026-11-28,293,0,0
2026-02-09,Senin,SKU013,Biskuit Kaleng 700g,Snack,kaleng,58000,10.0,52200,46000,4,0,208800,24800,14,0,10,55,0,2026-11-28,292,0,0
2026-02-10,Selasa,SKU013,Biskuit Kaleng 700g,Snack,kaleng,58000,10.0,52200,46000,4,0,208800,24800,10,0,6,0,0,2026-11-28,291,0,0
2026-02-11,Rabu,SKU013,Biskuit Kaleng 700g,Snack,kaleng,58000,0.0,58000,46000,6,0,348000,72000,6,0,0,0,0,2026-11-28,290,0,0
2026-02-12,Kamis,SKU013,Biskuit Kaleng 700g,Snack,kaleng,58000,0.0,58000,46000,5,0,290000,60000,55,55,50,0,0,2026-12-09,300,0,0
2026-02-13,Jumat,SKU013,Biskuit Kaleng 700g,Snack,kaleng,58000,0.0,58000,46000,5,0,290000,60000,50,0,45,0,0,2026-12-09,299,0,0
2026-02-14,Sabtu,SKU013,Biskuit Kaleng 700g,Snack,kaleng,58000,10.0,52200,46000,6,0,313200,37200,45,0,39,0,0,2026-12-09,298,0,0
2026-02-15,Minggu,SKU013,Biskuit Kaleng 700g,Snack,kaleng,58000,0.0,58000,46000,4,0,232000,48000,39,0,35,0,0,2026-12-09,297,0,0
2026-02-16,Senin,SKU013,Biskuit Kaleng 700g,Snack,kaleng,58000,0.0,58000,46000,1,0,58000,12000,35,0,34,0,0,2026-12-09,296,0,0
2026-02-17,Selasa,SKU013,Biskuit Kaleng 700g,Snack,kaleng,58000,0.0,58000,46000,7,0,406000,84000,34,0,27,0,0,2026-12-09,295,0,1
2026-02-18,Rabu,SKU013,Biskuit Kaleng 700g,Snack,kaleng,58000,19.03,47000,46000,11,0,517000,11000,27,0,16,0,0,2026-12-09,294,0,1
2026-02-19,Kamis,SKU013,Biskuit Kaleng 700g,Snack,kaleng,58000,0.0,58000,46000,11,0,638000,132000,16,0,5,55,0,2026-12-09,293,0,1
2026-02-20,Jumat,SKU013,Biskuit Kaleng 700g,Snack,kaleng,58000,15.0,49300,46000,15,0,739500,49500,60,55,45,0,0,2026-12-17,300,0,1
2026-02-21,Sabtu,SKU013,Biskuit Kaleng 700g,Snack,kaleng,58000,19.03,47000,46000,24,0,1128000,24000,45,0,21,0,0,2026-12-17,299,0,1
2026-02-22,Minggu,SKU013,Biskuit Kaleng 700g,Snack,kaleng,58000,0.0,58000,46000,13,0,754000,156000,21,0,8,55,0,2026-12-17,298,0,1
2026-02-23,Senin,SKU013,Biskuit Kaleng 700g,Snack,kaleng,58000,19.03,47000,46000,8,22,376000,8000,8,0,0,0,0,2026-12-17,297,0,1
2026-02-24,Selasa,SKU013,Biskuit Kaleng 700g,Snack,kaleng,58000,0.0,58000,46000,14,0,812000,168000,55,55,41,0,0,2026-12-21,300,0,1
2026-02-25,Rabu,SKU013,Biskuit Kaleng 700g,Snack,kaleng,58000,8.0,53400,46000,22,0,1174800,162800,41,0,19,0,0,2026-12-21,299,1,1
2026-02-26,Kamis,SKU013,Biskuit Kaleng 700g,Snack,kaleng,58000,0.0,58000,46000,13,0,754000,156000,19,0,6,55,0,2026-12-21,298,1,1
2026-02-27,Jumat,SKU013,Biskuit Kaleng 700g,Snack,kaleng,58000,0.0,58000,46000,18,0,1044000,216000,61,55,43,0,0,2026-12-24,300,1,1
2026-02-28,Sabtu,SKU013,Biskuit Kaleng 700g,Snack,kaleng,58000,0.0,58000,46000,19,0,1102000,228000,43,0,24,0,0,2026-12-24,299,1,1
2026-03-01,Minggu,SKU013,Biskuit Kaleng 700g,Snack,kaleng,58000,0.0,58000,46000,16,0,928000,192000,24,0,8,55,0,2026-12-24,298,1,1
2026-03-02,Senin,SKU013,Biskuit Kaleng 700g,Snack,kaleng,58000,0.0,58000,46000,8,5,464000,96000,8,0,0,0,0,2026-12-24,297,1,1
2026-03-03,Selasa,SKU013,Biskuit Kaleng 700g,Snack,kaleng,58000,0.0,58000,46000,0,20,0,0,0,0,0,0,0,2026-12-24,296,1,1
2026-03-04,Rabu,SKU013,Biskuit Kaleng 700g,Snack,kaleng,58000,10.0,52200,46000,24,0,1252800,148800,55,55,31,0,0,2026-12-29,300,1,1
2026-03-05,Kamis,SKU013,Biskuit Kaleng 700g,Snack,kaleng,58000,0.0,58000,46000,16,0,928000,192000,31,0,15,0,0,2026-12-29,299,1,1
2026-03-06,Jumat,SKU013,Biskuit Kaleng 700g,Snack,kaleng,58000,19.03,47000,46000,15,9,705000,15000,15,0,0,55,0,2026-12-29,298,0,1
2026-03-07,Sabtu,SKU013,Biskuit Kaleng 700g,Snack,kaleng,58000,0.0,58000,46000,10,0,580000,120000,55,55,45,0,0,2027-01-01,300,0,1
2026-03-08,Minggu,SKU013,Biskuit Kaleng 700g,Snack,kaleng,58000,0.0,58000,46000,12,0,696000,144000,45,0,33,0,0,2027-01-01,299,0,1
2026-03-09,Senin,SKU013,Biskuit Kaleng 700g,Snack,kaleng,58000,19.03,47000,46000,20,0,940000,20000,33,0,13,0,0,2027-01-01,298,0,1
2026-03-10,Selasa,SKU013,Biskuit Kaleng 700g,Snack,kaleng,58000,0.0,58000,46000,6,0,348000,72000,13,0,7,55,0,2027-01-01,297,0,1
2026-03-11,Rabu,SKU013,Biskuit Kaleng 700g,Snack,kaleng,58000,12.0,51000,46000,7,5,357000,35000,7,0,0,0,0,2027-01-01,296,0,1
2026-03-12,Kamis,SKU013,Biskuit Kaleng 700g,Snack,kaleng,58000,19.03,47000,46000,22,0,1034000,22000,55,55,33,0,0,2027-01-06,300,0,1
2026-03-13,Jumat,SKU013,Biskuit Kaleng 700g,Snack,kaleng,58000,0.0,58000,46000,12,0,696000,144000,33,0,21,0,0,2027-01-06,299,0,1
2026-03-14,Sabtu,SKU013,Biskuit Kaleng 700g,Snack,kaleng,58000,0.0,58000,46000,21,11,1218000,252000,21,0,0,121,0,2027-01-06,298,0,1
2026-03-15,Minggu,SKU013,Biskuit Kaleng 700g,Snack,kaleng,58000,0.0,58000,46000,0,18,0,0,0,0,0,0,0,2027-01-06,297,0,1
2026-03-16,Senin,SKU013,Biskuit Kaleng 700g,Snack,kaleng,58000,10.0,52200,46000,0,14,0,0,0,0,0,0,0,2027-01-06,296,0,1
2026-03-17,Selasa,SKU013,Biskuit Kaleng 700g,Snack,kaleng,58000,0.0,58000,46000,9,0,522000,108000,121,121,112,0,0,2027-01-11,300,0,1
2026-03-18,Rabu,SKU013,Biskuit Kaleng 700g,Snack,kaleng,58000,0.0,58000,46000,18,0,1044000,216000,112,0,94,0,0,2027-01-11,299,0,1
2026-03-19,Kamis,SKU013,Biskuit Kaleng 700g,Snack,kaleng,58000,0.0,58000,46000,11,0,638000,132000,94,0,83,0,0,2027-01-11,298,0,1
2026-03-20,Jumat,SKU013,Biskuit Kaleng 700g,Snack,kaleng,58000,0.0,58000,46000,3,0,174000,36000,83,0,80,0,0,2027-01-11,297,0,0
2026-03-21,Sabtu,SKU013,Biskuit Kaleng 700g,Snack,kaleng,58000,0.0,58000,46000,5,0,290000,60000,80,0,75,0,0,2027-01-11,296,0,0
2026-03-22,Minggu,SKU013,Biskuit Kaleng 700g,Snack,kaleng,58000,15.0,49300,46000,2,0,98600,6600,75,0,73,0,0,2027-01-11,295,0,0
2026-03-23,Senin,SKU013,Biskuit Kaleng 700g,Snack,kaleng,58000,0.0,58000,46000,4,0,232000,48000,73,0,69,0,0,2027-01-11,294,0,0
2026-03-24,Selasa,SKU013,Biskuit Kaleng 700g,Snack,kaleng,58000,18.0,47600,46000,3,0,142800,4800,69,0,66,0,0,2027-01-11,293,0,0
2026-03-25,Rabu,SKU013,Biskuit Kaleng 700g,Snack,kaleng,58000,0.0,58000,46000,4,0,232000,48000,66,0,62,0,0,2027-01-11,292,1,0
2026-03-26,Kamis,SKU013,Biskuit Kaleng 700g,Snack,kaleng,58000,8.0,53400,46000,5,0,267000,37000,62,0,57,0,0,2027-01-11,291,1,0
2026-03-27,Jumat,SKU013,Biskuit Kaleng 700g,Snack,kaleng,58000,0.0,58000,46000,6,0,348000,72000,57,0,51,0,0,2027-01-11,290,1,0
2026-03-28,Sabtu,SKU013,Biskuit Kaleng 700g,Snack,kaleng,58000,0.0,58000,46000,3,0,174000,36000,51,0,48,0,0,2027-01-11,289,1,0
2026-03-29,Minggu,SKU013,Biskuit Kaleng 700g,Snack,kaleng,58000,0.0,58000,46000,7,0,406000,84000,48,0,41,0,0,2027-01-11,288,1,0
2026-03-30,Senin,SKU013,Biskuit Kaleng 700g,Snack,kaleng,58000,0.0,58000,46000,3,0,174000,36000,41,0,38,0,0,2027-01-11,287,1,0
2026-03-31,Selasa,SKU013,Biskuit Kaleng 700g,Snack,kaleng,58000,0.0,58000,46000,3,0,174000,36000,38,0,35,0,0,2027-01-11,286,1,0
2026-04-01,Rabu,SKU013,Biskuit Kaleng 700g,Snack,kaleng,58000,8.0,53400,46000,6,0,320400,44400,35,0,29,0,0,2027-01-11,285,1,0
2026-04-02,Kamis,SKU013,Biskuit Kaleng 700g,Snack,kaleng,58000,12.0,51000,46000,3,0,153000,15000,29,0,26,0,0,2027-01-11,284,1,0
2026-04-03,Jumat,SKU013,Biskuit Kaleng 700g,Snack,kaleng,58000,0.0,58000,46000,6,0,348000,72000,26,0,20,0,0,2027-01-11,283,1,0
2026-04-04,Sabtu,SKU013,Biskuit Kaleng 700g,Snack,kaleng,58000,0.0,58000,46000,4,0,232000,48000,20,0,16,0,0,2027-01-11,282,1,0
2026-04-05,Minggu,SKU013,Biskuit Kaleng 700g,Snack,kaleng,58000,0.0,58000,46000,4,0,232000,48000,16,0,12,55,0,2027-01-11,281,1,0
2026-04-06,Senin,SKU013,Biskuit Kaleng 700g,Snack,kaleng,58000,0.0,58000,46000,6,0,348000,72000,12,0,6,0,0,2027-01-11,280,0,0
2026-04-07,Selasa,SKU013,Biskuit Kaleng 700g,Snack,kaleng,58000,0.0,58000,46000,1,0,58000,12000,61,55,60,0,0,2027-02-01,300,0,0
2026-04-08,Rabu,SKU013,Biskuit Kaleng 700g,Snack,kaleng,58000,18.0,47600,46000,14,0,666400,22400,60,0,46,0,0,2027-02-01,299,0,0
2026-04-09,Kamis,SKU013,Biskuit Kaleng 700g,Snack,kaleng,58000,0.0,58000,46000,12,0,696000,144000,46,0,34,0,0,2027-02-01,298,0,0
2026-04-10,Jumat,SKU013,Biskuit Kaleng 700g,Snack,kaleng,58000,0.0,58000,46000,8,0,464000,96000,34,0,26,0,0,2027-02-01,297,0,0
2026-04-11,Sabtu,SKU013,Biskuit Kaleng 700g,Snack,kaleng,58000,0.0,58000,46000,4,0,232000,48000,26,0,22,0,0,2027-02-01,296,0,0
2026-04-12,Minggu,SKU013,Biskuit Kaleng 700g,Snack,kaleng,58000,18.0,47600,46000,11,0,523600,17600,22,0,11,55,0,2027-02-01,295,0,0
2026-04-13,Senin,SKU013,Biskuit Kaleng 700g,Snack,kaleng,58000,0.0,58000,46000,3,0,174000,36000,66,55,63,0,0,2027-02-07,300,0,0
2026-04-14,Selasa,SKU013,Biskuit Kaleng 700g,Snack,kaleng,58000,0.0,58000,46000,7,0,406000,84000,63,0,56,0,0,2027-02-07,299,0,0
2026-04-15,Rabu,SKU013,Biskuit Kaleng 700g,Snack,kaleng,58000,12.0,51000,46000,6,0,306000,30000,56,0,50,0,0,2027-02-07,298,0,0
2026-04-16,Kamis,SKU013,Biskuit Kaleng 700g,Snack,kaleng,58000,0.0,58000,46000,3,0,174000,36000,50,0,47,0,0,2027-02-07,297,0,0
2026-04-17,Jumat,SKU013,Biskuit Kaleng 700g,Snack,kaleng,58000,0.0,58000,46000,3,0,174000,36000,47,0,44,0,0,2027-02-07,296,0,0
2026-04-18,Sabtu,SKU013,Biskuit Kaleng 700g,Snack,kaleng,58000,0.0,58000,46000,3,0,174000,36000,44,0,41,0,0,2027-02-07,295,0,0
2026-04-19,Minggu,SKU013,Biskuit Kaleng 700g,Snack,kaleng,58000,19.03,47000,46000,8,0,376000,8000,41,0,33,0,0,2027-02-07,294,0,0
2026-04-20,Senin,SKU013,Biskuit Kaleng 700g,Snack,kaleng,58000,0.0,58000,46000,1,0,58000,12000,33,0,32,0,0,2027-02-07,293,0,0
2026-04-21,Selasa,SKU013,Biskuit Kaleng 700g,Snack,kaleng,58000,0.0,58000,46000,5,0,290000,60000,32,0,27,0,0,2027-02-07,292,0,0
2026-04-22,Rabu,SKU013,Biskuit Kaleng 700g,Snack,kaleng,58000,0.0,58000,46000,6,0,348000,72000,27,0,21,0,0,2027-02-07,291,0,0
2026-04-23,Kamis,SKU013,Biskuit Kaleng 700g,Snack,kaleng,58000,10.0,52200,46000,3,0,156600,18600,21,0,18,0,0,2027-02-07,290,0,0
2026-04-24,Jumat,SKU013,Biskuit Kaleng 700g,Snack,kaleng,58000,8.0,53400,46000,11,0,587400,81400,18,0,7,55,0,2027-02-07,289,0,0
2026-04-25,Sabtu,SKU013,Biskuit Kaleng 700g,Snack,kaleng,58000,19.03,47000,46000,7,9,329000,7000,7,0,0,0,0,2027-02-07,288,1,0
2026-04-26,Minggu,SKU013,Biskuit Kaleng 700g,Snack,kaleng,58000,18.0,47600,46000,11,0,523600,17600,55,55,44,0,0,2027-02-20,300,1,0
2026-04-27,Senin,SKU013,Biskuit Kaleng 700g,Snack,kaleng,58000,0.0,58000,46000,5,0,290000,60000,44,0,39,0,0,2027-02-20,299,1,0
2026-04-28,Selasa,SKU013,Biskuit Kaleng 700g,Snack,kaleng,58000,0.0,58000,46000,3,0,174000,36000,39,0,36,0,0,2027-02-20,298,1,0
2026-04-29,Rabu,SKU013,Biskuit Kaleng 700g,Snack,kaleng,58000,0.0,58000,46000,5,0,290000,60000,36,0,31,0,0,2027-02-20,297,1,0
2026-04-30,Kamis,SKU013,Biskuit Kaleng 700g,Snack,kaleng,58000,0.0,58000,46000,3,0,174000,36000,31,0,28,0,0,2027-02-20,296,1,0
2026-05-01,Jumat,SKU013,Biskuit Kaleng 700g,Snack,kaleng,58000,0.0,58000,46000,12,0,696000,144000,28,0,16,0,0,2027-02-20,295,1,0
2026-05-02,Sabtu,SKU013,Biskuit Kaleng 700g,Snack,kaleng,58000,10.0,52200,46000,11,0,574200,68200,16,0,5,121,0,2027-02-20,294,1,0
2026-05-03,Minggu,SKU013,Biskuit Kaleng 700g,Snack,kaleng,58000,0.0,58000,46000,5,1,290000,60000,5,0,0,0,0,2027-02-20,293,1,0
2026-05-04,Senin,SKU013,Biskuit Kaleng 700g,Snack,kaleng,58000,19.03,47000,46000,3,0,141000,3000,121,121,118,0,0,2027-02-28,300,1,0
2026-05-05,Selasa,SKU013,Biskuit Kaleng 700g,Snack,kaleng,58000,5.0,55100,46000,4,0,220400,36400,118,0,114,0,0,2027-02-28,299,1,0
2026-05-06,Rabu,SKU013,Biskuit Kaleng 700g,Snack,kaleng,58000,0.0,58000,46000,4,0,232000,48000,114,0,110,0,0,2027-02-28,298,0,0
2026-05-07,Kamis,SKU013,Biskuit Kaleng 700g,Snack,kaleng,58000,0.0,58000,46000,2,0,116000,24000,110,0,108,0,0,2027-02-28,297,0,0
2026-05-08,Jumat,SKU013,Biskuit Kaleng 700g,Snack,kaleng,58000,18.0,47600,46000,8,0,380800,12800,108,0,100,0,0,2027-02-28,296,0,0
2026-05-09,Sabtu,SKU013,Biskuit Kaleng 700g,Snack,kaleng,58000,0.0,58000,46000,5,0,290000,60000,100,0,95,0,0,2027-02-28,295,0,0
2026-05-10,Minggu,SKU013,Biskuit Kaleng 700g,Snack,kaleng,58000,0.0,58000,46000,9,0,522000,108000,95,0,86,0,0,2027-02-28,294,0,0
2026-05-11,Senin,SKU013,Biskuit Kaleng 700g,Snack,kaleng,58000,10.0,52200,46000,5,0,261000,31000,86,0,81,0,0,2027-02-28,293,0,0
2026-05-12,Selasa,SKU013,Biskuit Kaleng 700g,Snack,kaleng,58000,0.0,58000,46000,1,0,58000,12000,81,0,80,0,0,2027-02-28,292,0,0
2026-05-13,Rabu,SKU013,Biskuit Kaleng 700g,Snack,kaleng,58000,15.0,49300,46000,6,0,295800,19800,80,0,74,0,0,2027-02-28,291,0,0
2026-05-14,Kamis,SKU013,Biskuit Kaleng 700g,Snack,kaleng,58000,0.0,58000,46000,2,0,116000,24000,74,0,72,0,0,2027-02-28,290,0,0
2026-05-15,Jumat,SKU013,Biskuit Kaleng 700g,Snack,kaleng,58000,5.0,55100,46000,5,0,275500,45500,72,0,67,0,0,2027-02-28,289,0,0
2026-05-16,Sabtu,SKU013,Biskuit Kaleng 700g,Snack,kaleng,58000,15.0,49300,46000,6,0,295800,19800,67,0,61,0,0,2027-02-28,288,0,0
2026-05-17,Minggu,SKU013,Biskuit Kaleng 700g,Snack,kaleng,58000,15.0,49300,46000,6,0,295800,19800,61,0,55,0,0,2027-02-28,287,0,0
2026-05-18,Senin,SKU013,Biskuit Kaleng 700g,Snack,kaleng,58000,8.0,53400,46000,1,0,53400,7400,55,0,54,0,0,2027-02-28,286,0,0
2026-05-19,Selasa,SKU013,Biskuit Kaleng 700g,Snack,kaleng,58000,5.0,55100,46000,3,0,165300,27300,54,0,51,0,0,2027-02-28,285,0,0
2026-05-20,Rabu,SKU013,Biskuit Kaleng 700g,Snack,kaleng,58000,0.0,58000,46000,1,0,58000,12000,51,0,50,0,0,2027-02-28,284,0,0
2026-05-21,Kamis,SKU013,Biskuit Kaleng 700g,Snack,kaleng,58000,0.0,58000,46000,4,0,232000,48000,50,0,46,0,0,2027-02-28,283,0,0
2026-05-22,Jumat,SKU013,Biskuit Kaleng 700g,Snack,kaleng,58000,15.0,49300,46000,11,0,542300,36300,46,0,35,0,0,2027-02-28,282,0,0
2026-05-23,Sabtu,SKU013,Biskuit Kaleng 700g,Snack,kaleng,58000,0.0,58000,46000,10,0,580000,120000,35,0,25,0,0,2027-02-28,281,0,0
2026-05-24,Minggu,SKU013,Biskuit Kaleng 700g,Snack,kaleng,58000,0.0,58000,46000,3,0,174000,36000,25,0,22,0,0,2027-02-28,280,0,0
2026-05-25,Senin,SKU013,Biskuit Kaleng 700g,Snack,kaleng,58000,10.0,52200,46000,6,0,313200,37200,22,0,16,0,0,2027-02-28,279,1,0
2026-05-26,Selasa,SKU013,Biskuit Kaleng 700g,Snack,kaleng,58000,0.0,58000,46000,7,0,406000,84000,16,0,9,55,0,2027-02-28,278,1,0
2026-05-27,Rabu,SKU013,Biskuit Kaleng 700g,Snack,kaleng,58000,10.0,52200,46000,9,3,469800,55800,9,0,0,0,0,2027-02-28,277,1,0
2026-05-28,Kamis,SKU013,Biskuit Kaleng 700g,Snack,kaleng,58000,19.03,47000,46000,9,0,423000,9000,55,55,46,0,0,2027-03-24,300,1,0
2026-05-29,Jumat,SKU013,Biskuit Kaleng 700g,Snack,kaleng,58000,0.0,58000,46000,10,0,580000,120000,46,0,36,0,0,2027-03-24,299,1,0
2026-05-30,Sabtu,SKU013,Biskuit Kaleng 700g,Snack,kaleng,58000,0.0,58000,46000,9,0,522000,108000,36,0,27,0,0,2027-03-24,298,1,0
2026-05-31,Minggu,SKU013,Biskuit Kaleng 700g,Snack,kaleng,58000,0.0,58000,46000,3,0,174000,36000,27,0,24,0,0,2027-03-24,297,1,0
2026-06-01,Senin,SKU013,Biskuit Kaleng 700g,Snack,kaleng,58000,0.0,58000,46000,6,0,348000,72000,24,0,18,0,0,2027-03-24,296,1,0
2026-06-02,Selasa,SKU013,Biskuit Kaleng 700g,Snack,kaleng,58000,0.0,58000,46000,4,0,232000,48000,18,0,14,0,0,2027-03-24,295,1,0
2026-06-03,Rabu,SKU013,Biskuit Kaleng 700g,Snack,kaleng,58000,12.0,51000,46000,2,0,102000,10000,14,0,12,55,0,2027-03-24,294,1,0
2026-06-04,Kamis,SKU013,Biskuit Kaleng 700g,Snack,kaleng,58000,0.0,58000,46000,5,0,290000,60000,67,55,62,0,0,2027-03-31,300,1,0
2026-06-05,Jumat,SKU013,Biskuit Kaleng 700g,Snack,kaleng,58000,0.0,58000,46000,6,0,348000,72000,62,0,56,0,0,2027-03-31,299,1,0
2026-06-06,Sabtu,SKU013,Biskuit Kaleng 700g,Snack,kaleng,58000,0.0,58000,46000,10,0,580000,120000,56,0,46,0,0,2027-03-31,298,0,0
2026-06-07,Minggu,SKU013,Biskuit Kaleng 700g,Snack,kaleng,58000,0.0,58000,46000,4,0,232000,48000,46,0,42,0,0,2027-03-31,297,0,0
2026-06-08,Senin,SKU013,Biskuit Kaleng 700g,Snack,kaleng,58000,0.0,58000,46000,2,0,116000,24000,42,0,40,0,0,2027-03-31,296,0,0
2026-06-09,Selasa,SKU013,Biskuit Kaleng 700g,Snack,kaleng,58000,10.0,52200,46000,6,0,313200,37200,40,0,34,0,0,2027-03-31,295,0,0
2026-06-10,Rabu,SKU013,Biskuit Kaleng 700g,Snack,kaleng,58000,0.0,58000,46000,3,0,174000,36000,34,0,31,0,0,2027-03-31,294,0,0
2026-06-11,Kamis,SKU013,Biskuit Kaleng 700g,Snack,kaleng,58000,5.0,55100,46000,5,0,275500,45500,31,0,26,0,0,2027-03-31,293,0,0
2026-06-12,Jumat,SKU013,Biskuit Kaleng 700g,Snack,kaleng,58000,19.03,47000,46000,9,0,423000,9000,26,0,17,0,0,2027-03-31,292,0,0
2026-06-13,Sabtu,SKU013,Biskuit Kaleng 700g,Snack,kaleng,58000,0.0,58000,46000,7,0,406000,84000,17,0,10,55,0,2027-03-31,291,0,0
2026-06-14,Minggu,SKU013,Biskuit Kaleng 700g,Snack,kaleng,58000,0.0,58000,46000,2,0,116000,24000,10,0,8,0,0,2027-03-31,290,0,0
2026-06-15,Senin,SKU013,Biskuit Kaleng 700g,Snack,kaleng,58000,0.0,58000,46000,2,0,116000,24000,63,55,61,0,0,2027-04-11,300,0,0
2026-06-16,Selasa,SKU013,Biskuit Kaleng 700g,Snack,kaleng,58000,15.0,49300,46000,2,0,98600,6600,61,0,59,0,0,2027-04-11,299,0,0
2026-06-17,Rabu,SKU013,Biskuit Kaleng 700g,Snack,kaleng,58000,0.0,58000,46000,3,0,174000,36000,59,0,56,0,0,2027-04-11,298,0,0
2026-06-18,Kamis,SKU013,Biskuit Kaleng 700g,Snack,kaleng,58000,0.0,58000,46000,4,0,232000,48000,56,0,52,0,0,2027-04-11,297,0,0
2026-06-19,Jumat,SKU013,Biskuit Kaleng 700g,Snack,kaleng,58000,0.0,58000,46000,7,0,406000,84000,52,0,45,0,0,2027-04-11,296,0,0
2026-06-20,Sabtu,SKU013,Biskuit Kaleng 700g,Snack,kaleng,58000,0.0,58000,46000,1,0,58000,12000,45,0,44,0,0,2027-04-11,295,0,0
2026-06-21,Minggu,SKU013,Biskuit Kaleng 700g,Snack,kaleng,58000,0.0,58000,46000,6,0,348000,72000,44,0,38,0,0,2027-04-11,294,0,0
2026-06-22,Senin,SKU013,Biskuit Kaleng 700g,Snack,kaleng,58000,15.0,49300,46000,11,0,542300,36300,38,0,27,0,0,2027-04-11,293,0,0
2026-06-23,Selasa,SKU013,Biskuit Kaleng 700g,Snack,kaleng,58000,0.0,58000,46000,2,0,116000,24000,27,0,25,0,0,2027-04-11,292,0,0
2026-06-24,Rabu,SKU013,Biskuit Kaleng 700g,Snack,kaleng,58000,0.0,58000,46000,6,0,348000,72000,25,0,19,0,0,2027-04-11,291,0,0
2026-06-25,Kamis,SKU013,Biskuit Kaleng 700g,Snack,kaleng,58000,0.0,58000,46000,6,0,348000,72000,19,0,13,0,0,2027-04-11,290,1,0
2026-06-26,Jumat,SKU013,Biskuit Kaleng 700g,Snack,kaleng,58000,0.0,58000,46000,11,0,638000,132000,13,0,2,55,0,2027-04-11,289,1,0
2026-06-27,Sabtu,SKU013,Biskuit Kaleng 700g,Snack,kaleng,58000,0.0,58000,46000,2,8,116000,24000,2,0,0,0,0,2027-04-11,288,1,0
2026-06-28,Minggu,SKU013,Biskuit Kaleng 700g,Snack,kaleng,58000,12.0,51000,46000,8,0,408000,40000,55,55,47,0,0,2027-04-24,300,1,0
2026-06-29,Senin,SKU013,Biskuit Kaleng 700g,Snack,kaleng,58000,0.0,58000,46000,6,0,348000,72000,47,0,41,0,0,2027-04-24,299,1,0
2026-06-30,Selasa,SKU013,Biskuit Kaleng 700g,Snack,kaleng,58000,10.0,52200,46000,5,0,261000,31000,41,0,36,0,0,2027-04-24,298,1,0
2026-07-01,Rabu,SKU013,Biskuit Kaleng 700g,Snack,kaleng,58000,12.0,51000,46000,5,0,255000,25000,36,0,31,0,0,2027-04-24,297,1,0
2026-07-02,Kamis,SKU013,Biskuit Kaleng 700g,Snack,kaleng,58000,18.0,47600,46000,12,0,571200,19200,31,0,19,0,0,2027-04-24,296,1,0
2026-07-03,Jumat,SKU013,Biskuit Kaleng 700g,Snack,kaleng,58000,0.0,58000,46000,3,0,174000,36000,19,0,16,0,0,2027-04-24,295,1,0
2026-07-04,Sabtu,SKU013,Biskuit Kaleng 700g,Snack,kaleng,58000,0.0,58000,46000,3,0,174000,36000,16,0,13,0,0,2027-04-24,294,1,0
2026-07-05,Minggu,SKU013,Biskuit Kaleng 700g,Snack,kaleng,58000,0.0,58000,46000,0,0,0,0,13,0,13,0,0,2027-04-24,293,1,0
2026-07-06,Senin,SKU013,Biskuit Kaleng 700g,Snack,kaleng,58000,0.0,58000,46000,0,0,0,0,13,0,13,0,0,2027-04-24,292,0,0
2026-07-07,Selasa,SKU013,Biskuit Kaleng 700g,Snack,kaleng,58000,0.0,58000,46000,4,0,232000,48000,13,0,9,55,0,2027-04-24,291,0,0
2026-07-08,Rabu,SKU013,Biskuit Kaleng 700g,Snack,kaleng,58000,0.0,58000,46000,2,0,116000,24000,64,55,62,0,0,2027-05-04,300,0,0
2026-07-09,Kamis,SKU013,Biskuit Kaleng 700g,Snack,kaleng,58000,0.0,58000,46000,4,0,232000,48000,62,0,58,0,0,2027-05-04,299,0,0
2026-07-10,Jumat,SKU013,Biskuit Kaleng 700g,Snack,kaleng,58000,0.0,58000,46000,3,0,174000,36000,58,0,55,0,0,2027-05-04,298,0,0
2026-07-11,Sabtu,SKU013,Biskuit Kaleng 700g,Snack,kaleng,58000,0.0,58000,46000,5,0,290000,60000,55,0,50,0,0,2027-05-04,297,0,0
2026-07-12,Minggu,SKU013,Biskuit Kaleng 700g,Snack,kaleng,58000,10.0,52200,46000,2,0,104400,12400,50,0,48,0,0,2027-05-04,296,0,0
2026-07-13,Senin,SKU013,Biskuit Kaleng 700g,Snack,kaleng,58000,10.0,52200,46000,4,0,208800,24800,48,0,44,0,0,2027-05-04,295,0,0
2026-07-14,Selasa,SKU013,Biskuit Kaleng 700g,Snack,kaleng,58000,0.0,58000,46000,1,0,58000,12000,44,0,43,0,0,2027-05-04,294,0,0
2026-07-15,Rabu,SKU013,Biskuit Kaleng 700g,Snack,kaleng,58000,0.0,58000,46000,5,0,290000,60000,43,0,38,0,0,2027-05-04,293,0,0
2026-07-16,Kamis,SKU013,Biskuit Kaleng 700g,Snack,kaleng,58000,0.0,58000,46000,0,0,0,0,38,0,38,0,0,2027-05-04,292,0,0
2026-07-17,Jumat,SKU013,Biskuit Kaleng 700g,Snack,kaleng,58000,0.0,58000,46000,4,0,232000,48000,38,0,34,0,0,2027-05-04,291,0,0
2026-07-18,Sabtu,SKU013,Biskuit Kaleng 700g,Snack,kaleng,58000,0.0,58000,46000,2,0,116000,24000,34,0,32,0,0,2027-05-04,290,0,0
2026-07-19,Minggu,SKU013,Biskuit Kaleng 700g,Snack,kaleng,58000,10.0,52200,46000,1,0,52200,6200,32,0,31,0,0,2027-05-04,289,0,0
2026-07-20,Senin,SKU013,Biskuit Kaleng 700g,Snack,kaleng,58000,15.0,49300,46000,3,0,147900,9900,31,0,28,0,0,2027-05-04,288,0,0
2026-07-21,Selasa,SKU013,Biskuit Kaleng 700g,Snack,kaleng,58000,0.0,58000,46000,3,0,174000,36000,28,0,25,0,0,2027-05-04,287,0,0
2026-07-22,Rabu,SKU013,Biskuit Kaleng 700g,Snack,kaleng,58000,0.0,58000,46000,2,0,116000,24000,25,0,23,0,0,2027-05-04,286,0,0
2026-07-23,Kamis,SKU013,Biskuit Kaleng 700g,Snack,kaleng,58000,19.03,47000,46000,3,0,141000,3000,23,0,20,0,0,2027-05-04,285,0,0
2026-07-24,Jumat,SKU013,Biskuit Kaleng 700g,Snack,kaleng,58000,0.0,58000,46000,7,0,406000,84000,20,0,13,0,0,2027-05-04,284,0,0
2026-07-25,Sabtu,SKU013,Biskuit Kaleng 700g,Snack,kaleng,58000,0.0,58000,46000,4,0,232000,48000,13,0,9,55,0,2027-05-04,283,1,0
2026-07-26,Minggu,SKU013,Biskuit Kaleng 700g,Snack,kaleng,58000,10.0,52200,46000,5,0,261000,31000,64,55,59,0,0,2027-05-22,300,1,0
2026-07-27,Senin,SKU013,Biskuit Kaleng 700g,Snack,kaleng,58000,0.0,58000,46000,2,0,116000,24000,59,0,57,0,0,2027-05-22,299,1,0
2026-07-28,Selasa,SKU013,Biskuit Kaleng 700g,Snack,kaleng,58000,0.0,58000,46000,5,0,290000,60000,57,0,52,0,0,2027-05-22,298,1,0
2026-07-29,Rabu,SKU013,Biskuit Kaleng 700g,Snack,kaleng,58000,0.0,58000,46000,2,0,116000,24000,52,0,50,0,0,2027-05-22,297,1,0
2026-07-30,Kamis,SKU013,Biskuit Kaleng 700g,Snack,kaleng,58000,5.0,55100,46000,2,0,110200,18200,50,0,48,0,0,2027-05-22,296,1,0
2026-07-31,Jumat,SKU013,Biskuit Kaleng 700g,Snack,kaleng,58000,0.0,58000,46000,9,0,522000,108000,48,0,39,0,0,2027-05-22,295,1,0
2026-08-01,Sabtu,SKU013,Biskuit Kaleng 700g,Snack,kaleng,58000,0.0,58000,46000,6,0,348000,72000,39,0,33,0,0,2027-05-22,294,1,0
2026-08-02,Minggu,SKU013,Biskuit Kaleng 700g,Snack,kaleng,58000,0.0,58000,46000,7,0,406000,84000,33,0,26,0,0,2027-05-22,293,1,0
2026-08-03,Senin,SKU013,Biskuit Kaleng 700g,Snack,kaleng,58000,0.0,58000,46000,2,0,116000,24000,26,0,24,0,0,2027-05-22,292,1,0
2026-08-04,Selasa,SKU013,Biskuit Kaleng 700g,Snack,kaleng,58000,18.0,47600,46000,14,0,666400,22400,24,0,10,55,0,2027-05-22,291,1,0
2026-08-05,Rabu,SKU013,Biskuit Kaleng 700g,Snack,kaleng,58000,0.0,58000,46000,4,0,232000,48000,10,0,6,0,0,2027-05-22,290,1,0
2026-08-06,Kamis,SKU013,Biskuit Kaleng 700g,Snack,kaleng,58000,8.0,53400,46000,6,0,320400,44400,6,0,0,0,0,2027-05-22,289,0,0
2026-08-07,Jumat,SKU013,Biskuit Kaleng 700g,Snack,kaleng,58000,0.0,58000,46000,7,0,406000,84000,55,55,48,0,0,2027-06-03,300,0,0
2026-08-08,Sabtu,SKU013,Biskuit Kaleng 700g,Snack,kaleng,58000,12.0,51000,46000,7,0,357000,35000,48,0,41,0,0,2027-06-03,299,0,0
2026-08-09,Minggu,SKU013,Biskuit Kaleng 700g,Snack,kaleng,58000,8.0,53400,46000,9,0,480600,66600,41,0,32,0,0,2027-06-03,298,0,0
2026-08-10,Senin,SKU013,Biskuit Kaleng 700g,Snack,kaleng,58000,15.0,49300,46000,4,0,197200,13200,32,0,28,0,0,2027-06-03,297,0,0
2026-08-11,Selasa,SKU013,Biskuit Kaleng 700g,Snack,kaleng,58000,0.0,58000,46000,2,0,116000,24000,28,0,26,0,0,2027-06-03,296,0,0
2026-08-12,Rabu,SKU013,Biskuit Kaleng 700g,Snack,kaleng,58000,0.0,58000,46000,0,0,0,0,26,0,26,0,0,2027-06-03,295,0,0
2026-08-13,Kamis,SKU013,Biskuit Kaleng 700g,Snack,kaleng,58000,19.03,47000,46000,7,0,329000,7000,26,0,19,0,0,2027-06-03,294,0,0
2026-08-14,Jumat,SKU013,Biskuit Kaleng 700g,Snack,kaleng,58000,19.03,47000,46000,5,0,235000,5000,19,0,14,0,0,2027-06-03,293,0,0
2026-08-15,Sabtu,SKU013,Biskuit Kaleng 700g,Snack,kaleng,58000,10.0,52200,46000,11,0,574200,68200,14,0,3,55,0,2027-06-03,292,0,0
2026-08-16,Minggu,SKU013,Biskuit Kaleng 700g,Snack,kaleng,58000,0.0,58000,46000,3,0,174000,36000,58,55,55,0,0,2027-06-12,300,0,0
2026-08-17,Senin,SKU013,Biskuit Kaleng 700g,Snack,kaleng,58000,0.0,58000,46000,3,0,174000,36000,55,0,52,0,0,2027-06-12,299,0,0
2025-08-18,Senin,SKU014,Sirup Marjan 460ml,Minuman,botol,24000,0.0,24000,19000,2,0,48000,10000,57,0,55,0,0,2026-05-31,286,0,0
2025-08-19,Selasa,SKU014,Sirup Marjan 460ml,Minuman,botol,24000,12.0,21100,19000,12,0,253200,25200,55,0,43,0,0,2026-05-31,285,0,0
2025-08-20,Rabu,SKU014,Sirup Marjan 460ml,Minuman,botol,24000,0.0,24000,19000,5,0,120000,25000,43,0,38,0,0,2026-05-31,284,0,0
2025-08-21,Kamis,SKU014,Sirup Marjan 460ml,Minuman,botol,24000,19.17,19400,19000,12,0,232800,4800,38,0,26,0,0,2026-05-31,283,0,0
2025-08-22,Jumat,SKU014,Sirup Marjan 460ml,Minuman,botol,24000,0.0,24000,19000,4,0,96000,20000,26,0,22,0,0,2026-05-31,282,0,0
2025-08-23,Sabtu,SKU014,Sirup Marjan 460ml,Minuman,botol,24000,0.0,24000,19000,12,0,288000,60000,22,0,10,70,0,2026-05-31,281,0,0
2025-08-24,Minggu,SKU014,Sirup Marjan 460ml,Minuman,botol,24000,0.0,24000,19000,9,0,216000,45000,10,0,1,0,0,2026-05-31,280,0,0
2025-08-25,Senin,SKU014,Sirup Marjan 460ml,Minuman,botol,24000,0.0,24000,19000,4,0,96000,20000,71,70,67,0,0,2026-09-29,400,1,0
2025-08-26,Selasa,SKU014,Sirup Marjan 460ml,Minuman,botol,24000,0.0,24000,19000,8,0,192000,40000,67,0,59,0,0,2026-09-29,399,1,0
2025-08-27,Rabu,SKU014,Sirup Marjan 460ml,Minuman,botol,24000,0.0,24000,19000,7,0,168000,35000,59,0,52,0,0,2026-09-29,398,1,0
2025-08-28,Kamis,SKU014,Sirup Marjan 460ml,Minuman,botol,24000,19.17,19400,19000,15,0,291000,6000,52,0,37,0,0,2026-09-29,397,1,0
2025-08-29,Jumat,SKU014,Sirup Marjan 460ml,Minuman,botol,24000,0.0,24000,19000,14,0,336000,70000,37,0,23,0,0,2026-09-29,396,1,0
2025-08-30,Sabtu,SKU014,Sirup Marjan 460ml,Minuman,botol,24000,19.17,19400,19000,11,0,213400,4400,23,0,12,154,0,2026-09-29,395,1,0
2025-08-31,Minggu,SKU014,Sirup Marjan 460ml,Minuman,botol,24000,0.0,24000,19000,8,0,192000,40000,166,154,158,0,0,2026-10-05,400,1,0
2025-09-01,Senin,SKU014,Sirup Marjan 460ml,Minuman,botol,24000,19.17,19400,19000,17,0,329800,6800,158,0,141,0,0,2026-10-05,399,1,0
2025-09-02,Selasa,SKU014,Sirup Marjan 460ml,Minuman,botol,24000,15.0,20400,19000,6,0,122400,8400,141,0,135,0,0,2026-10-05,398,1,0
2025-09-03,Rabu,SKU014,Sirup Marjan 460ml,Minuman,botol,24000,10.0,21600,19000,7,0,151200,18200,135,0,128,0,0,2026-10-05,397,1,0
2025-09-04,Kamis,SKU014,Sirup Marjan 460ml,Minuman,botol,24000,0.0,24000,19000,7,0,168000,35000,128,0,121,0,0,2026-10-05,396,1,0
2025-09-05,Jumat,SKU014,Sirup Marjan 460ml,Minuman,botol,24000,0.0,24000,19000,10,0,240000,50000,121,0,111,0,0,2026-10-05,395,1,0
2025-09-06,Sabtu,SKU014,Sirup Marjan 460ml,Minuman,botol,24000,10.0,21600,19000,8,0,172800,20800,111,0,103,0,0,2026-10-05,394,0,0
2025-09-07,Minggu,SKU014,Sirup Marjan 460ml,Minuman,botol,24000,18.0,19700,19000,7,0,137900,4900,103,0,96,0,0,2026-10-05,393,0,0
2025-09-08,Senin,SKU014,Sirup Marjan 460ml,Minuman,botol,24000,10.0,21600,19000,8,0,172800,20800,96,0,88,0,0,2026-10-05,392,0,0
2025-09-09,Selasa,SKU014,Sirup Marjan 460ml,Minuman,botol,24000,0.0,24000,19000,7,0,168000,35000,88,0,81,0,0,2026-10-05,391,0,0
2025-09-10,Rabu,SKU014,Sirup Marjan 460ml,Minuman,botol,24000,0.0,24000,19000,9,0,216000,45000,81,0,72,0,0,2026-10-05,390,0,0
2025-09-11,Kamis,SKU014,Sirup Marjan 460ml,Minuman,botol,24000,15.0,20400,19000,9,0,183600,12600,72,0,63,0,0,2026-10-05,389,0,0
2025-09-12,Jumat,SKU014,Sirup Marjan 460ml,Minuman,botol,24000,0.0,24000,19000,8,0,192000,40000,63,0,55,0,0,2026-10-05,388,0,0
2025-09-13,Sabtu,SKU014,Sirup Marjan 460ml,Minuman,botol,24000,10.0,21600,19000,9,0,194400,23400,55,0,46,0,0,2026-10-05,387,0,0
2025-09-14,Minggu,SKU014,Sirup Marjan 460ml,Minuman,botol,24000,0.0,24000,19000,6,0,144000,30000,46,0,40,0,0,2026-10-05,386,0,0
2025-09-15,Senin,SKU014,Sirup Marjan 460ml,Minuman,botol,24000,19.17,19400,19000,11,0,213400,4400,40,0,29,0,0,2026-10-05,385,0,0
2025-09-16,Selasa,SKU014,Sirup Marjan 460ml,Minuman,botol,24000,19.17,19400,19000,8,0,155200,3200,29,0,21,0,0,2026-10-05,384,0,0
2025-09-17,Rabu,SKU014,Sirup Marjan 460ml,Minuman,botol,24000,0.0,24000,19000,2,0,48000,10000,21,0,19,0,0,2026-10-05,383,0,0
2025-09-18,Kamis,SKU014,Sirup Marjan 460ml,Minuman,botol,24000,0.0,24000,19000,8,0,192000,40000,19,0,11,70,0,2026-10-05,382,0,0
2025-09-19,Jumat,SKU014,Sirup Marjan 460ml,Minuman,botol,24000,0.0,24000,19000,1,0,24000,5000,11,0,10,0,0,2026-10-05,381,0,0
2025-09-20,Sabtu,SKU014,Sirup Marjan 460ml,Minuman,botol,24000,0.0,24000,19000,5,0,120000,25000,80,70,75,0,0,2026-10-25,400,0,0
2025-09-21,Minggu,SKU014,Sirup Marjan 460ml,Minuman,botol,24000,0.0,24000,19000,4,0,96000,20000,75,0,71,0,0,2026-10-25,399,0,0
2025-09-22,Senin,SKU014,Sirup Marjan 460ml,Minuman,botol,24000,0.0,24000,19000,0,0,0,0,71,0,71,0,0,2026-10-25,398,0,0
2025-09-23,Selasa,SKU014,Sirup Marjan 460ml,Minuman,botol,24000,0.0,24000,19000,1,0,24000,5000,71,0,70,0,0,2026-10-25,397,0,0
2025-09-24,Rabu,SKU014,Sirup Marjan 460ml,Minuman,botol,24000,0.0,24000,19000,3,0,72000,15000,70,0,67,0,0,2026-10-25,396,0,0
2025-09-25,Kamis,SKU014,Sirup Marjan 460ml,Minuman,botol,24000,0.0,24000,19000,11,0,264000,55000,67,0,56,0,0,2026-10-25,395,1,0
2025-09-26,Jumat,SKU014,Sirup Marjan 460ml,Minuman,botol,24000,19.17,19400,19000,22,0,426800,8800,56,0,34,0,0,2026-10-25,394,1,0
2025-09-27,Sabtu,SKU014,Sirup Marjan 460ml,Minuman,botol,24000,0.0,24000,19000,11,0,264000,55000,34,0,23,0,0,2026-10-25,393,1,0
2025-09-28,Minggu,SKU014,Sirup Marjan 460ml,Minuman,botol,24000,10.0,21600,19000,15,0,324000,39000,23,0,8,154,0,2026-10-25,392,1,0
2025-09-29,Senin,SKU014,Sirup Marjan 460ml,Minuman,botol,24000,0.0,24000,19000,2,0,48000,10000,8,0,6,0,0,2026-10-25,391,1,0
2025-09-30,Selasa,SKU014,Sirup Marjan 460ml,Minuman,botol,24000,10.0,21600,19000,2,0,43200,5200,6,0,4,0,0,2026-10-25,390,1,0
2025-10-01,Rabu,SKU014,Sirup Marjan 460ml,Minuman,botol,24000,12.0,21100,19000,11,0,232100,23100,158,154,147,0,0,2026-11-05,400,1,0
2025-10-02,Kamis,SKU014,Sirup Marjan 460ml,Minuman,botol,24000,18.0,19700,19000,11,0,216700,7700,147,0,136,0,0,2026-11-05,399,1,0
2025-10-03,Jumat,SKU014,Sirup Marjan 460ml,Minuman,botol,24000,19.17,19400,19000,14,0,271600,5600,136,0,122,0,0,2026-11-05,398,1,0
2025-10-04,Sabtu,SKU014,Sirup Marjan 460ml,Minuman,botol,24000,18.0,19700,19000,15,0,295500,10500,122,0,107,0,0,2026-11-05,397,1,0
2025-10-05,Minggu,SKU014,Sirup Marjan 460ml,Minuman,botol,24000,0.0,24000,19000,5,0,120000,25000,107,0,102,0,0,2026-11-05,396,1,0
2025-10-06,Senin,SKU014,Sirup Marjan 460ml,Minuman,botol,24000,10.0,21600,19000,9,0,194400,23400,102,0,93,0,0,2026-11-05,395,0,0
2025-10-07,Selasa,SKU014,Sirup Marjan 460ml,Minuman,botol,24000,0.0,24000,19000,8,0,192000,40000,93,0,85,0,0,2026-11-05,394,0,0
2025-10-08,Rabu,SKU014,Sirup Marjan 460ml,Minuman,botol,24000,0.0,24000,19000,3,0,72000,15000,85,0,82,0,0,2026-11-05,393,0,0
2025-10-09,Kamis,SKU014,Sirup Marjan 460ml,Minuman,botol,24000,19.17,19400,19000,9,0,174600,3600,82,0,73,0,0,2026-11-05,392,0,0
2025-10-10,Jumat,SKU014,Sirup Marjan 460ml,Minuman,botol,24000,0.0,24000,19000,3,0,72000,15000,73,0,70,0,0,2026-11-05,391,0,0
2025-10-11,Sabtu,SKU014,Sirup Marjan 460ml,Minuman,botol,24000,0.0,24000,19000,9,0,216000,45000,70,0,61,0,0,2026-11-05,390,0,0
2025-10-12,Minggu,SKU014,Sirup Marjan 460ml,Minuman,botol,24000,0.0,24000,19000,4,0,96000,20000,61,0,57,0,0,2026-11-05,389,0,0
2025-10-13,Senin,SKU014,Sirup Marjan 460ml,Minuman,botol,24000,0.0,24000,19000,6,0,144000,30000,57,0,51,0,0,2026-11-05,388,0,0
2025-10-14,Selasa,SKU014,Sirup Marjan 460ml,Minuman,botol,24000,0.0,24000,19000,10,0,240000,50000,51,0,41,0,0,2026-11-05,387,0,0
2025-10-15,Rabu,SKU014,Sirup Marjan 460ml,Minuman,botol,24000,0.0,24000,19000,2,0,48000,10000,41,0,39,0,0,2026-11-05,386,0,0
2025-10-16,Kamis,SKU014,Sirup Marjan 460ml,Minuman,botol,24000,10.0,21600,19000,5,0,108000,13000,39,0,34,0,0,2026-11-05,385,0,0
2025-10-17,Jumat,SKU014,Sirup Marjan 460ml,Minuman,botol,24000,0.0,24000,19000,5,0,120000,25000,34,0,29,0,0,2026-11-05,384,0,0
2025-10-18,Sabtu,SKU014,Sirup Marjan 460ml,Minuman,botol,24000,19.17,19400,19000,6,0,116400,2400,29,0,23,0,0,2026-11-05,383,0,0
2025-10-19,Minggu,SKU014,Sirup Marjan 460ml,Minuman,botol,24000,0.0,24000,19000,12,0,288000,60000,23,0,11,70,0,2026-11-05,382,0,0
2025-10-20,Senin,SKU014,Sirup Marjan 460ml,Minuman,botol,24000,5.0,22800,19000,8,0,182400,30400,11,0,3,0,0,2026-11-05,381,0,0
2025-10-21,Selasa,SKU014,Sirup Marjan 460ml,Minuman,botol,24000,0.0,24000,19000,3,5,72000,15000,3,0,0,0,0,2026-11-05,380,0,0
2025-10-22,Rabu,SKU014,Sirup Marjan 460ml,Minuman,botol,24000,0.0,24000,19000,5,0,120000,25000,70,70,65,0,0,2026-11-26,400,0,0
2025-10-23,Kamis,SKU014,Sirup Marjan 460ml,Minuman,botol,24000,0.0,24000,19000,9,0,216000,45000,65,0,56,0,0,2026-11-26,399,0,0
2025-10-24,Jumat,SKU014,Sirup Marjan 460ml,Minuman,botol,24000,0.0,24000,19000,8,0,192000,40000,56,0,48,0,0,2026-11-26,398,0,0
2025-10-25,Sabtu,SKU014,Sirup Marjan 460ml,Minuman,botol,24000,0.0,24000,19000,3,0,72000,15000,48,0,45,0,0,2026-11-26,397,1,0
2025-10-26,Minggu,SKU014,Sirup Marjan 460ml,Minuman,botol,24000,10.0,21600,19000,12,0,259200,31200,45,0,33,0,0,2026-11-26,396,1,0
2025-10-27,Senin,SKU014,Sirup Marjan 460ml,Minuman,botol,24000,5.0,22800,19000,7,0,159600,26600,33,0,26,0,0,2026-11-26,395,1,0
2025-10-28,Selasa,SKU014,Sirup Marjan 460ml,Minuman,botol,24000,5.0,22800,19000,9,0,205200,34200,26,0,17,0,0,2026-11-26,394,1,0
2025-10-29,Rabu,SKU014,Sirup Marjan 460ml,Minuman,botol,24000,0.0,24000,19000,4,0,96000,20000,17,0,13,70,0,2026-11-26,393,1,0
2025-10-30,Kamis,SKU014,Sirup Marjan 460ml,Minuman,botol,24000,19.17,19400,19000,13,2,252200,5200,13,0,0,0,0,2026-11-26,392,1,0
2025-10-31,Jumat,SKU014,Sirup Marjan 460ml,Minuman,botol,24000,19.17,19400,19000,14,0,271600,5600,70,70,56,0,0,2026-12-05,400,1,0
2025-11-01,Sabtu,SKU014,Sirup Marjan 460ml,Minuman,botol,24000,0.0,24000,19000,7,0,168000,35000,56,0,49,0,0,2026-12-05,399,1,0
2025-11-02,Minggu,SKU014,Sirup Marjan 460ml,Minuman,botol,24000,19.17,19400,19000,14,0,271600,5600,49,0,35,0,0,2026-12-05,398,1,0
2025-11-03,Senin,SKU014,Sirup Marjan 460ml,Minuman,botol,24000,0.0,24000,19000,4,0,96000,20000,35,0,31,0,0,2026-12-05,397,1,0
2025-11-04,Selasa,SKU014,Sirup Marjan 460ml,Minuman,botol,24000,5.0,22800,19000,11,0,250800,41800,31,0,20,0,0,2026-12-05,396,1,0
2025-11-05,Rabu,SKU014,Sirup Marjan 460ml,Minuman,botol,24000,0.0,24000,19000,8,0,192000,40000,20,0,12,70,0,2026-12-05,395,1,0
2025-11-06,Kamis,SKU014,Sirup Marjan 460ml,Minuman,botol,24000,10.0,21600,19000,8,0,172800,20800,82,70,74,0,0,2026-12-11,400,0,0
2025-11-07,Jumat,SKU014,Sirup Marjan 460ml,Minuman,botol,24000,0.0,24000,19000,7,0,168000,35000,74,0,67,0,0,2026-12-11,399,0,0
2025-11-08,Sabtu,SKU014,Sirup Marjan 460ml,Minuman,botol,24000,0.0,24000,19000,6,0,144000,30000,67,0,61,0,0,2026-12-11,398,0,0
2025-11-09,Minggu,SKU014,Sirup Marjan 460ml,Minuman,botol,24000,0.0,24000,19000,10,0,240000,50000,61,0,51,0,0,2026-12-11,397,0,0
2025-11-10,Senin,SKU014,Sirup Marjan 460ml,Minuman,botol,24000,0.0,24000,19000,8,0,192000,40000,51,0,43,0,0,2026-12-11,396,0,0
2025-11-11,Selasa,SKU014,Sirup Marjan 460ml,Minuman,botol,24000,15.0,20400,19000,3,0,61200,4200,43,0,40,0,0,2026-12-11,395,0,0
2025-11-12,Rabu,SKU014,Sirup Marjan 460ml,Minuman,botol,24000,0.0,24000,19000,4,0,96000,20000,40,0,36,0,0,2026-12-11,394,0,0
2025-11-13,Kamis,SKU014,Sirup Marjan 460ml,Minuman,botol,24000,0.0,24000,19000,5,0,120000,25000,36,0,31,0,0,2026-12-11,393,0,0
2025-11-14,Jumat,SKU014,Sirup Marjan 460ml,Minuman,botol,24000,0.0,24000,19000,11,0,264000,55000,31,0,20,0,0,2026-12-11,392,0,0
2025-11-15,Sabtu,SKU014,Sirup Marjan 460ml,Minuman,botol,24000,0.0,24000,19000,7,0,168000,35000,20,0,13,70,0,2026-12-11,391,0,0
2025-11-16,Minggu,SKU014,Sirup Marjan 460ml,Minuman,botol,24000,0.0,24000,19000,7,0,168000,35000,13,0,6,0,0,2026-12-11,390,0,0
2025-11-17,Senin,SKU014,Sirup Marjan 460ml,Minuman,botol,24000,5.0,22800,19000,4,0,91200,15200,76,70,72,0,0,2026-12-22,400,0,0
2025-11-18,Selasa,SKU014,Sirup Marjan 460ml,Minuman,botol,24000,0.0,24000,19000,4,0,96000,20000,72,0,68,0,0,2026-12-22,399,0,0
2025-11-19,Rabu,SKU014,Sirup Marjan 460ml,Minuman,botol,24000,0.0,24000,19000,10,0,240000,50000,68,0,58,0,0,2026-12-22,398,0,0
2025-11-20,Kamis,SKU014,Sirup Marjan 460ml,Minuman,botol,24000,10.0,21600,19000,7,0,151200,18200,58,0,51,0,0,2026-12-22,397,0,0
2025-11-21,Jumat,SKU014,Sirup Marjan 460ml,Minuman,botol,24000,0.0,24000,19000,6,0,144000,30000,51,0,45,0,0,2026-12-22,396,0,0
2025-11-22,Sabtu,SKU014,Sirup Marjan 460ml,Minuman,botol,24000,0.0,24000,19000,12,0,288000,60000,45,0,33,0,0,2026-12-22,395,0,0
2025-11-23,Minggu,SKU014,Sirup Marjan 460ml,Minuman,botol,24000,0.0,24000,19000,2,0,48000,10000,33,0,31,0,0,2026-12-22,394,0,0
2025-11-24,Senin,SKU014,Sirup Marjan 460ml,Minuman,botol,24000,0.0,24000,19000,0,0,0,0,31,0,31,0,0,2026-12-22,393,0,0
2025-11-25,Selasa,SKU014,Sirup Marjan 460ml,Minuman,botol,24000,0.0,24000,19000,10,0,240000,50000,31,0,21,0,0,2026-12-22,392,1,0
2025-11-26,Rabu,SKU014,Sirup Marjan 460ml,Minuman,botol,24000,0.0,24000,19000,5,0,120000,25000,21,0,16,0,0,2026-12-22,391,1,0
2025-11-27,Kamis,SKU014,Sirup Marjan 460ml,Minuman,botol,24000,10.0,21600,19000,12,0,259200,31200,16,0,4,70,0,2026-12-22,390,1,0
2025-11-28,Jumat,SKU014,Sirup Marjan 460ml,Minuman,botol,24000,0.0,24000,19000,13,0,312000,65000,74,70,61,0,0,2027-01-02,400,1,0
2025-11-29,Sabtu,SKU014,Sirup Marjan 460ml,Minuman,botol,24000,0.0,24000,19000,13,0,312000,65000,61,0,48,0,0,2027-01-02,399,1,0
2025-11-30,Minggu,SKU014,Sirup Marjan 460ml,Minuman,botol,24000,0.0,24000,19000,6,0,144000,30000,48,0,42,0,0,2027-01-02,398,1,0
2025-12-01,Senin,SKU014,Sirup Marjan 460ml,Minuman,botol,24000,8.0,22100,19000,9,0,198900,27900,42,0,33,0,0,2027-01-02,397,1,0
2025-12-02,Selasa,SKU014,Sirup Marjan 460ml,Minuman,botol,24000,19.17,19400,19000,6,0,116400,2400,33,0,27,0,0,2027-01-02,396,1,0
2025-12-03,Rabu,SKU014,Sirup Marjan 460ml,Minuman,botol,24000,18.0,19700,19000,9,0,177300,6300,27,0,18,0,0,2027-01-02,395,1,0
2025-12-04,Kamis,SKU014,Sirup Marjan 460ml,Minuman,botol,24000,0.0,24000,19000,4,0,96000,20000,18,0,14,70,0,2027-01-02,394,1,0
2025-12-05,Jumat,SKU014,Sirup Marjan 460ml,Minuman,botol,24000,15.0,20400,19000,14,2,285600,19600,14,0,0,0,0,2027-01-02,393,1,0
2025-12-06,Sabtu,SKU014,Sirup Marjan 460ml,Minuman,botol,24000,19.17,19400,19000,0,15,0,0,0,0,0,0,0,2027-01-02,392,0,0
2025-12-07,Minggu,SKU014,Sirup Marjan 460ml,Minuman,botol,24000,10.0,21600,19000,8,0,172800,20800,70,70,62,0,0,2027-01-11,400,0,0
2025-12-08,Senin,SKU014,Sirup Marjan 460ml,Minuman,botol,24000,0.0,24000,19000,13,0,312000,65000,62,0,49,0,0,2027-01-11,399,0,0
2025-12-09,Selasa,SKU014,Sirup Marjan 460ml,Minuman,botol,24000,10.0,21600,19000,12,0,259200,31200,49,0,37,0,0,2027-01-11,398,0,0
2025-12-10,Rabu,SKU014,Sirup Marjan 460ml,Minuman,botol,24000,10.0,21600,19000,11,0,237600,28600,37,0,26,0,0,2027-01-11,397,0,0
2025-12-11,Kamis,SKU014,Sirup Marjan 460ml,Minuman,botol,24000,12.0,21100,19000,5,0,105500,10500,26,0,21,0,0,2027-01-11,396,0,0
2025-12-12,Jumat,SKU014,Sirup Marjan 460ml,Minuman,botol,24000,18.0,19700,19000,8,0,157600,5600,21,0,13,154,0,2027-01-11,395,0,0
2025-12-13,Sabtu,SKU014,Sirup Marjan 460ml,Minuman,botol,24000,12.0,21100,19000,8,0,168800,16800,13,0,5,0,0,2027-01-11,394,0,0
2025-12-14,Minggu,SKU014,Sirup Marjan 460ml,Minuman,botol,24000,8.0,22100,19000,6,0,132600,18600,159,154,153,0,0,2027-01-18,400,0,0
2025-12-15,Senin,SKU014,Sirup Marjan 460ml,Minuman,botol,24000,0.0,24000,19000,4,0,96000,20000,153,0,149,0,0,2027-01-18,399,0,0
2025-12-16,Selasa,SKU014,Sirup Marjan 460ml,Minuman,botol,24000,0.0,24000,19000,5,0,120000,25000,149,0,144,0,0,2027-01-18,398,0,0
2025-12-17,Rabu,SKU014,Sirup Marjan 460ml,Minuman,botol,24000,19.17,19400,19000,8,0,155200,3200,144,0,136,0,0,2027-01-18,397,0,0
2025-12-18,Kamis,SKU014,Sirup Marjan 460ml,Minuman,botol,24000,0.0,24000,19000,6,0,144000,30000,136,0,130,0,0,2027-01-18,396,0,0
2025-12-19,Jumat,SKU014,Sirup Marjan 460ml,Minuman,botol,24000,0.0,24000,19000,5,0,120000,25000,130,0,125,0,0,2027-01-18,395,0,0
2025-12-20,Sabtu,SKU014,Sirup Marjan 460ml,Minuman,botol,24000,0.0,24000,19000,4,0,96000,20000,125,0,121,0,0,2027-01-18,394,0,0
2025-12-21,Minggu,SKU014,Sirup Marjan 460ml,Minuman,botol,24000,19.17,19400,19000,5,0,97000,2000,121,0,116,0,0,2027-01-18,393,0,0
2025-12-22,Senin,SKU014,Sirup Marjan 460ml,Minuman,botol,24000,19.17,19400,19000,7,0,135800,2800,116,0,109,0,0,2027-01-18,392,0,0
2025-12-23,Selasa,SKU014,Sirup Marjan 460ml,Minuman,botol,24000,19.17,19400,19000,12,0,232800,4800,109,0,97,0,0,2027-01-18,391,0,0
2025-12-24,Rabu,SKU014,Sirup Marjan 460ml,Minuman,botol,24000,12.0,21100,19000,5,0,105500,10500,97,0,92,0,0,2027-01-18,390,0,0
2025-12-25,Kamis,SKU014,Sirup Marjan 460ml,Minuman,botol,24000,0.0,24000,19000,5,0,120000,25000,92,0,87,0,0,2027-01-18,389,1,0
2025-12-26,Jumat,SKU014,Sirup Marjan 460ml,Minuman,botol,24000,0.0,24000,19000,4,0,96000,20000,87,0,83,0,0,2027-01-18,388,1,0
2025-12-27,Sabtu,SKU014,Sirup Marjan 460ml,Minuman,botol,24000,0.0,24000,19000,11,0,264000,55000,83,0,72,0,0,2027-01-18,387,1,0
2025-12-28,Minggu,SKU014,Sirup Marjan 460ml,Minuman,botol,24000,19.17,19400,19000,14,0,271600,5600,72,0,58,0,0,2027-01-18,386,1,0
2025-12-29,Senin,SKU014,Sirup Marjan 460ml,Minuman,botol,24000,0.0,24000,19000,7,0,168000,35000,58,0,51,0,0,2027-01-18,385,1,0
2025-12-30,Selasa,SKU014,Sirup Marjan 460ml,Minuman,botol,24000,0.0,24000,19000,9,0,216000,45000,51,0,42,0,0,2027-01-18,384,1,0
2025-12-31,Rabu,SKU014,Sirup Marjan 460ml,Minuman,botol,24000,19.17,19400,19000,15,0,291000,6000,42,0,27,0,0,2027-01-18,383,1,0
2026-01-01,Kamis,SKU014,Sirup Marjan 460ml,Minuman,botol,24000,0.0,24000,19000,6,0,144000,30000,27,0,21,0,0,2027-01-18,382,1,0
2026-01-02,Jumat,SKU014,Sirup Marjan 460ml,Minuman,botol,24000,0.0,24000,19000,7,0,168000,35000,21,0,14,70,0,2027-01-18,381,1,0
2026-01-03,Sabtu,SKU014,Sirup Marjan 460ml,Minuman,botol,24000,0.0,24000,19000,10,0,240000,50000,84,70,74,0,0,2027-02-07,400,1,0
2026-01-04,Minggu,SKU014,Sirup Marjan 460ml,Minuman,botol,24000,0.0,24000,19000,5,0,120000,25000,74,0,69,0,0,2027-02-07,399,1,0
2026-01-05,Senin,SKU014,Sirup Marjan 460ml,Minuman,botol,24000,12.0,21100,19000,6,0,126600,12600,69,0,63,0,0,2027-02-07,398,1,0
2026-01-06,Selasa,SKU014,Sirup Marjan 460ml,Minuman,botol,24000,0.0,24000,19000,7,0,168000,35000,63,0,56,0,0,2027-02-07,397,0,0
2026-01-07,Rabu,SKU014,Sirup Marjan 460ml,Minuman,botol,24000,0.0,24000,19000,5,0,120000,25000,56,0,51,0,0,2027-02-07,396,0,0
2026-01-08,Kamis,SKU014,Sirup Marjan 460ml,Minuman,botol,24000,0.0,24000,19000,7,0,168000,35000,51,0,44,0,0,2027-02-07,395,0,0
2026-01-09,Jumat,SKU014,Sirup Marjan 460ml,Minuman,botol,24000,0.0,24000,19000,10,0,240000,50000,44,0,34,0,0,2027-02-07,394,0,0
2026-01-10,Sabtu,SKU014,Sirup Marjan 460ml,Minuman,botol,24000,0.0,24000,19000,8,0,192000,40000,34,0,26,0,0,2027-02-07,393,0,0
2026-01-11,Minggu,SKU014,Sirup Marjan 460ml,Minuman,botol,24000,0.0,24000,19000,11,0,264000,55000,26,0,15,0,0,2027-02-07,392,0,0
2026-01-12,Senin,SKU014,Sirup Marjan 460ml,Minuman,botol,24000,0.0,24000,19000,2,0,48000,10000,15,0,13,70,0,2027-02-07,391,0,0
2026-01-13,Selasa,SKU014,Sirup Marjan 460ml,Minuman,botol,24000,0.0,24000,19000,3,0,72000,15000,83,70,80,0,0,2027-02-17,400,0,0
2026-01-14,Rabu,SKU014,Sirup Marjan 460ml,Minuman,botol,24000,0.0,24000,19000,1,0,24000,5000,80,0,79,0,0,2027-02-17,399,0,0
2026-01-15,Kamis,SKU014,Sirup Marjan 460ml,Minuman,botol,24000,0.0,24000,19000,6,0,144000,30000,79,0,73,0,0,2027-02-17,398,0,0
2026-01-16,Jumat,SKU014,Sirup Marjan 460ml,Minuman,botol,24000,0.0,24000,19000,5,0,120000,25000,73,0,68,0,0,2027-02-17,397,0,0
2026-01-17,Sabtu,SKU014,Sirup Marjan 460ml,Minuman,botol,24000,0.0,24000,19000,9,0,216000,45000,68,0,59,0,0,2027-02-17,396,0,0
2026-01-18,Minggu,SKU014,Sirup Marjan 460ml,Minuman,botol,24000,0.0,24000,19000,2,0,48000,10000,59,0,57,0,0,2027-02-17,395,0,0
2026-01-19,Senin,SKU014,Sirup Marjan 460ml,Minuman,botol,24000,15.0,20400,19000,13,0,265200,18200,57,0,44,0,0,2027-02-17,394,0,0
2026-01-20,Selasa,SKU014,Sirup Marjan 460ml,Minuman,botol,24000,0.0,24000,19000,6,0,144000,30000,44,0,38,0,0,2027-02-17,393,0,0
2026-01-21,Rabu,SKU014,Sirup Marjan 460ml,Minuman,botol,24000,19.17,19400,19000,14,0,271600,5600,38,0,24,0,0,2027-02-17,392,0,0
2026-01-22,Kamis,SKU014,Sirup Marjan 460ml,Minuman,botol,24000,15.0,20400,19000,5,0,102000,7000,24,0,19,0,0,2027-02-17,391,0,0
2026-01-23,Jumat,SKU014,Sirup Marjan 460ml,Minuman,botol,24000,0.0,24000,19000,9,0,216000,45000,19,0,10,154,0,2027-02-17,390,0,0
2026-01-24,Sabtu,SKU014,Sirup Marjan 460ml,Minuman,botol,24000,0.0,24000,19000,7,0,168000,35000,10,0,3,0,0,2027-02-17,389,0,0
2026-01-25,Minggu,SKU014,Sirup Marjan 460ml,Minuman,botol,24000,0.0,24000,19000,3,8,72000,15000,3,0,0,0,0,2027-02-17,388,1,0
2026-01-26,Senin,SKU014,Sirup Marjan 460ml,Minuman,botol,24000,15.0,20400,19000,13,0,265200,18200,154,154,141,0,0,2027-03-02,400,1,0
2026-01-27,Selasa,SKU014,Sirup Marjan 460ml,Minuman,botol,24000,12.0,21100,19000,9,0,189900,18900,141,0,132,0,0,2027-03-02,399,1,0
2026-01-28,Rabu,SKU014,Sirup Marjan 460ml,Minuman,botol,24000,5.0,22800,19000,4,0,91200,15200,132,0,128,0,0,2027-03-02,398,1,0
2026-01-29,Kamis,SKU014,Sirup Marjan 460ml,Minuman,botol,24000,0.0,24000,19000,8,0,192000,40000,128,0,120,0,0,2027-03-02,397,1,0
2026-01-30,Jumat,SKU014,Sirup Marjan 460ml,Minuman,botol,24000,0.0,24000,19000,13,0,312000,65000,120,0,107,0,0,2027-03-02,396,1,0
2026-01-31,Sabtu,SKU014,Sirup Marjan 460ml,Minuman,botol,24000,19.17,19400,19000,16,0,310400,6400,107,0,91,0,0,2027-03-02,395,1,0
2026-02-01,Minggu,SKU014,Sirup Marjan 460ml,Minuman,botol,24000,19.17,19400,19000,6,0,116400,2400,91,0,85,0,0,2027-03-02,394,1,0
2026-02-02,Senin,SKU014,Sirup Marjan 460ml,Minuman,botol,24000,0.0,24000,19000,8,0,192000,40000,85,0,77,0,0,2027-03-02,393,1,0
2026-02-03,Selasa,SKU014,Sirup Marjan 460ml,Minuman,botol,24000,0.0,24000,19000,4,0,96000,20000,77,0,73,0,0,2027-03-02,392,1,0
2026-02-04,Rabu,SKU014,Sirup Marjan 460ml,Minuman,botol,24000,0.0,24000,19000,5,0,120000,25000,73,0,68,0,0,2027-03-02,391,1,0
2026-02-05,Kamis,SKU014,Sirup Marjan 460ml,Minuman,botol,24000,0.0,24000,19000,9,0,216000,45000,68,0,59,0,0,2027-03-02,390,1,0
2026-02-06,Jumat,SKU014,Sirup Marjan 460ml,Minuman,botol,24000,18.0,19700,19000,12,0,236400,8400,59,0,47,0,0,2027-03-02,389,0,0
2026-02-07,Sabtu,SKU014,Sirup Marjan 460ml,Minuman,botol,24000,0.0,24000,19000,5,0,120000,25000,47,0,42,0,0,2027-03-02,388,0,0
2026-02-08,Minggu,SKU014,Sirup Marjan 460ml,Minuman,botol,24000,0.0,24000,19000,5,0,120000,25000,42,0,37,0,0,2027-03-02,387,0,0
2026-02-09,Senin,SKU014,Sirup Marjan 460ml,Minuman,botol,24000,0.0,24000,19000,8,0,192000,40000,37,0,29,0,0,2027-03-02,386,0,0
2026-02-10,Selasa,SKU014,Sirup Marjan 460ml,Minuman,botol,24000,0.0,24000,19000,3,0,72000,15000,29,0,26,0,0,2027-03-02,385,0,0
2026-02-11,Rabu,SKU014,Sirup Marjan 460ml,Minuman,botol,24000,0.0,24000,19000,5,0,120000,25000,26,0,21,0,0,2027-03-02,384,0,0
2026-02-12,Kamis,SKU014,Sirup Marjan 460ml,Minuman,botol,24000,15.0,20400,19000,9,0,183600,12600,21,0,12,70,0,2027-03-02,383,0,0
2026-02-13,Jumat,SKU014,Sirup Marjan 460ml,Minuman,botol,24000,0.0,24000,19000,2,0,48000,10000,12,0,10,0,0,2027-03-02,382,0,0
2026-02-14,Sabtu,SKU014,Sirup Marjan 460ml,Minuman,botol,24000,0.0,24000,19000,8,0,192000,40000,10,0,2,0,0,2027-03-02,381,0,0
2026-02-15,Minggu,SKU014,Sirup Marjan 460ml,Minuman,botol,24000,0.0,24000,19000,9,0,216000,45000,72,70,63,0,0,2027-03-22,400,0,0
2026-02-16,Senin,SKU014,Sirup Marjan 460ml,Minuman,botol,24000,0.0,24000,19000,2,0,48000,10000,63,0,61,0,0,2027-03-22,399,0,0
2026-02-17,Selasa,SKU014,Sirup Marjan 460ml,Minuman,botol,24000,0.0,24000,19000,10,0,240000,50000,61,0,51,0,0,2027-03-22,398,0,1
2026-02-18,Rabu,SKU014,Sirup Marjan 460ml,Minuman,botol,24000,5.0,22800,19000,15,0,342000,57000,51,0,36,0,0,2027-03-22,397,0,1
2026-02-19,Kamis,SKU014,Sirup Marjan 460ml,Minuman,botol,24000,0.0,24000,19000,13,0,312000,65000,36,0,23,0,0,2027-03-22,396,0,1
2026-02-20,Jumat,SKU014,Sirup Marjan 460ml,Minuman,botol,24000,19.17,19400,19000,23,11,446200,9200,23,0,0,70,0,2027-03-22,395,0,1
2026-02-21,Sabtu,SKU014,Sirup Marjan 460ml,Minuman,botol,24000,12.0,21100,19000,0,29,0,0,0,0,0,0,0,2027-03-22,394,0,1
2026-02-22,Minggu,SKU014,Sirup Marjan 460ml,Minuman,botol,24000,0.0,24000,19000,0,22,0,0,0,0,0,0,0,2027-03-22,393,0,1
2026-02-23,Senin,SKU014,Sirup Marjan 460ml,Minuman,botol,24000,0.0,24000,19000,11,0,264000,55000,70,70,59,0,0,2027-03-30,400,0,1
2026-02-24,Selasa,SKU014,Sirup Marjan 460ml,Minuman,botol,24000,0.0,24000,19000,24,0,576000,120000,59,0,35,0,0,2027-03-30,399,0,1
2026-02-25,Rabu,SKU014,Sirup Marjan 460ml,Minuman,botol,24000,19.17,19400,19000,35,15,679000,14000,35,0,0,70,0,2027-03-30,398,1,1
2026-02-26,Kamis,SKU014,Sirup Marjan 460ml,Minuman,botol,24000,19.17,19400,19000,0,51,0,0,0,0,0,0,0,2027-03-30,397,1,1
2026-02-27,Jumat,SKU014,Sirup Marjan 460ml,Minuman,botol,24000,19.17,19400,19000,0,55,0,0,0,0,0,0,0,2027-03-30,396,1,1
2026-02-28,Sabtu,SKU014,Sirup Marjan 460ml,Minuman,botol,24000,18.0,19700,19000,40,0,788000,28000,70,70,30,0,0,2027-04-04,400,1,1
2026-03-01,Minggu,SKU014,Sirup Marjan 460ml,Minuman,botol,24000,0.0,24000,19000,30,8,720000,150000,30,0,0,70,0,2027-04-04,399,1,1
2026-03-02,Senin,SKU014,Sirup Marjan 460ml,Minuman,botol,24000,0.0,24000,19000,0,28,0,0,0,0,0,0,0,2027-04-04,398,1,1
2026-03-03,Selasa,SKU014,Sirup Marjan 460ml,Minuman,botol,24000,15.0,20400,19000,0,33,0,0,0,0,0,0,0,2027-04-04,397,1,1
2026-03-04,Rabu,SKU014,Sirup Marjan 460ml,Minuman,botol,24000,0.0,24000,19000,16,0,384000,80000,70,70,54,0,0,2027-04-08,400,1,1
2026-03-05,Kamis,SKU014,Sirup Marjan 460ml,Minuman,botol,24000,0.0,24000,19000,24,0,576000,120000,54,0,30,0,0,2027-04-08,399,1,1
2026-03-06,Jumat,SKU014,Sirup Marjan 460ml,Minuman,botol,24000,0.0,24000,19000,30,13,720000,150000,30,0,0,154,0,2027-04-08,398,0,1
2026-03-07,Sabtu,SKU014,Sirup Marjan 460ml,Minuman,botol,24000,0.0,24000,19000,0,26,0,0,0,0,0,0,0,2027-04-08,397,0,1
2026-03-08,Minggu,SKU014,Sirup Marjan 460ml,Minuman,botol,24000,0.0,24000,19000,32,0,768000,160000,154,154,122,0,0,2027-04-12,400,0,1
2026-03-09,Senin,SKU014,Sirup Marjan 460ml,Minuman,botol,24000,0.0,24000,19000,20,0,480000,100000,122,0,102,0,0,2027-04-12,399,0,1
2026-03-10,Selasa,SKU014,Sirup Marjan 460ml,Minuman,botol,24000,0.0,24000,19000,26,0,624000,130000,102,0,76,0,0,2027-04-12,398,0,1
2026-03-11,Rabu,SKU014,Sirup Marjan 460ml,Minuman,botol,24000,5.0,22800,19000,27,0,615600,102600,76,0,49,0,0,2027-04-12,397,0,1
2026-03-12,Kamis,SKU014,Sirup Marjan 460ml,Minuman,botol,24000,19.17,19400,19000,48,0,931200,19200,49,0,1,154,0,2027-04-12,396,0,1
2026-03-13,Jumat,SKU014,Sirup Marjan 460ml,Minuman,botol,24000,18.0,19700,19000,1,44,19700,700,1,0,0,0,0,2027-04-12,395,0,1
2026-03-14,Sabtu,SKU014,Sirup Marjan 460ml,Minuman,botol,24000,0.0,24000,19000,0,45,0,0,0,0,0,0,0,2027-04-12,394,0,1
2026-03-15,Minggu,SKU014,Sirup Marjan 460ml,Minuman,botol,24000,0.0,24000,19000,32,0,768000,160000,154,154,122,0,0,2027-04-19,400,0,1
2026-03-16,Senin,SKU014,Sirup Marjan 460ml,Minuman,botol,24000,0.0,24000,19000,30,0,720000,150000,122,0,92,0,0,2027-04-19,399,0,1
2026-03-17,Selasa,SKU014,Sirup Marjan 460ml,Minuman,botol,24000,0.0,24000,19000,24,0,576000,120000,92,0,68,0,0,2027-04-19,398,0,1
2026-03-18,Rabu,SKU014,Sirup Marjan 460ml,Minuman,botol,24000,18.0,19700,19000,32,0,630400,22400,68,0,36,0,0,2027-04-19,397,0,1
2026-03-19,Kamis,SKU014,Sirup Marjan 460ml,Minuman,botol,24000,12.0,21100,19000,29,0,611900,60900,36,0,7,70,0,2027-04-19,396,0,1
2026-03-20,Jumat,SKU014,Sirup Marjan 460ml,Minuman,botol,24000,0.0,24000,19000,5,0,120000,25000,77,70,72,0,0,2027-04-24,400,0,0
2026-03-21,Sabtu,SKU014,Sirup Marjan 460ml,Minuman,botol,24000,0.0,24000,19000,8,0,192000,40000,72,0,64,0,0,2027-04-24,399,0,0
2026-03-22,Minggu,SKU014,Sirup Marjan 460ml,Minuman,botol,24000,0.0,24000,19000,3,0,72000,15000,64,0,61,0,0,2027-04-24,398,0,0
2026-03-23,Senin,SKU014,Sirup Marjan 460ml,Minuman,botol,24000,19.17,19400,19000,8,0,155200,3200,61,0,53,0,0,2027-04-24,397,0,0
2026-03-24,Selasa,SKU014,Sirup Marjan 460ml,Minuman,botol,24000,0.0,24000,19000,6,0,144000,30000,53,0,47,0,0,2027-04-24,396,0,0
2026-03-25,Rabu,SKU014,Sirup Marjan 460ml,Minuman,botol,24000,0.0,24000,19000,5,0,120000,25000,47,0,42,0,0,2027-04-24,395,1,0
2026-03-26,Kamis,SKU014,Sirup Marjan 460ml,Minuman,botol,24000,10.0,21600,19000,9,0,194400,23400,42,0,33,0,0,2027-04-24,394,1,0
2026-03-27,Jumat,SKU014,Sirup Marjan 460ml,Minuman,botol,24000,15.0,20400,19000,9,0,183600,12600,33,0,24,0,0,2027-04-24,393,1,0
2026-03-28,Sabtu,SKU014,Sirup Marjan 460ml,Minuman,botol,24000,0.0,24000,19000,10,0,240000,50000,24,0,14,70,0,2027-04-24,392,1,0
2026-03-29,Minggu,SKU014,Sirup Marjan 460ml,Minuman,botol,24000,15.0,20400,19000,11,0,224400,15400,14,0,3,0,0,2027-04-24,391,1,0
2026-03-30,Senin,SKU014,Sirup Marjan 460ml,Minuman,botol,24000,15.0,20400,19000,5,0,102000,7000,73,70,68,0,0,2027-05-04,400,1,0
2026-03-31,Selasa,SKU014,Sirup Marjan 460ml,Minuman,botol,24000,0.0,24000,19000,13,0,312000,65000,68,0,55,0,0,2027-05-04,399,1,0
2026-04-01,Rabu,SKU014,Sirup Marjan 460ml,Minuman,botol,24000,0.0,24000,19000,4,0,96000,20000,55,0,51,0,0,2027-05-04,398,1,0
2026-04-02,Kamis,SKU014,Sirup Marjan 460ml,Minuman,botol,24000,10.0,21600,19000,9,0,194400,23400,51,0,42,0,0,2027-05-04,397,1,0
2026-04-03,Jumat,SKU014,Sirup Marjan 460ml,Minuman,botol,24000,19.17,19400,19000,7,0,135800,2800,42,0,35,0,0,2027-05-04,396,1,0
2026-04-04,Sabtu,SKU014,Sirup Marjan 460ml,Minuman,botol,24000,0.0,24000,19000,4,0,96000,20000,35,0,31,0,0,2027-05-04,395,1,0
2026-04-05,Minggu,SKU014,Sirup Marjan 460ml,Minuman,botol,24000,0.0,24000,19000,7,0,168000,35000,31,0,24,0,0,2027-05-04,394,1,0
2026-04-06,Senin,SKU014,Sirup Marjan 460ml,Minuman,botol,24000,0.0,24000,19000,4,0,96000,20000,24,0,20,0,0,2027-05-04,393,0,0
2026-04-07,Selasa,SKU014,Sirup Marjan 460ml,Minuman,botol,24000,19.17,19400,19000,10,0,194000,4000,20,0,10,70,0,2027-05-04,392,0,0
2026-04-08,Rabu,SKU014,Sirup Marjan 460ml,Minuman,botol,24000,0.0,24000,19000,3,0,72000,15000,80,70,77,0,0,2027-05-13,400,0,0
2026-04-09,Kamis,SKU014,Sirup Marjan 460ml,Minuman,botol,24000,0.0,24000,19000,2,0,48000,10000,77,0,75,0,0,2027-05-13,399,0,0
2026-04-10,Jumat,SKU014,Sirup Marjan 460ml,Minuman,botol,24000,19.17,19400,19000,14,0,271600,5600,75,0,61,0,0,2027-05-13,398,0,0
2026-04-11,Sabtu,SKU014,Sirup Marjan 460ml,Minuman,botol,24000,0.0,24000,19000,10,0,240000,50000,61,0,51,0,0,2027-05-13,397,0,0
2026-04-12,Minggu,SKU014,Sirup Marjan 460ml,Minuman,botol,24000,0.0,24000,19000,11,0,264000,55000,51,0,40,0,0,2027-05-13,396,0,0
2026-04-13,Senin,SKU014,Sirup Marjan 460ml,Minuman,botol,24000,19.17,19400,19000,9,0,174600,3600,40,0,31,0,0,2027-05-13,395,0,0
2026-04-14,Selasa,SKU014,Sirup Marjan 460ml,Minuman,botol,24000,19.17,19400,19000,8,0,155200,3200,31,0,23,0,0,2027-05-13,394,0,0
2026-04-15,Rabu,SKU014,Sirup Marjan 460ml,Minuman,botol,24000,5.0,22800,19000,5,0,114000,19000,23,0,18,0,0,2027-05-13,393,0,0
2026-04-16,Kamis,SKU014,Sirup Marjan 460ml,Minuman,botol,24000,0.0,24000,19000,5,0,120000,25000,18,0,13,70,0,2027-05-13,392,0,0
2026-04-17,Jumat,SKU014,Sirup Marjan 460ml,Minuman,botol,24000,0.0,24000,19000,7,0,168000,35000,13,0,6,0,0,2027-05-13,391,0,0
2026-04-18,Sabtu,SKU014,Sirup Marjan 460ml,Minuman,botol,24000,0.0,24000,19000,4,0,96000,20000,6,0,2,0,0,2027-05-13,390,0,0
2026-04-19,Minggu,SKU014,Sirup Marjan 460ml,Minuman,botol,24000,5.0,22800,19000,3,0,68400,11400,72,70,69,0,0,2027-05-24,400,0,0
2026-04-20,Senin,SKU014,Sirup Marjan 460ml,Minuman,botol,24000,10.0,21600,19000,8,0,172800,20800,69,0,61,0,0,2027-05-24,399,0,0
2026-04-21,Selasa,SKU014,Sirup Marjan 460ml,Minuman,botol,24000,10.0,21600,19000,5,0,108000,13000,61,0,56,0,0,2027-05-24,398,0,0
2026-04-22,Rabu,SKU014,Sirup Marjan 460ml,Minuman,botol,24000,0.0,24000,19000,4,0,96000,20000,56,0,52,0,0,2027-05-24,397,0,0
2026-04-23,Kamis,SKU014,Sirup Marjan 460ml,Minuman,botol,24000,0.0,24000,19000,3,0,72000,15000,52,0,49,0,0,2027-05-24,396,0,0
2026-04-24,Jumat,SKU014,Sirup Marjan 460ml,Minuman,botol,24000,0.0,24000,19000,3,0,72000,15000,49,0,46,0,0,2027-05-24,395,0,0
2026-04-25,Sabtu,SKU014,Sirup Marjan 460ml,Minuman,botol,24000,0.0,24000,19000,14,0,336000,70000,46,0,32,0,0,2027-05-24,394,1,0
2026-04-26,Minggu,SKU014,Sirup Marjan 460ml,Minuman,botol,24000,0.0,24000,19000,5,0,120000,25000,32,0,27,0,0,2027-05-24,393,1,0
2026-04-27,Senin,SKU014,Sirup Marjan 460ml,Minuman,botol,24000,10.0,21600,19000,11,0,237600,28600,27,0,16,0,0,2027-05-24,392,1,0
2026-04-28,Selasa,SKU014,Sirup Marjan 460ml,Minuman,botol,24000,0.0,24000,19000,3,0,72000,15000,16,0,13,70,0,2027-05-24,391,1,0
2026-04-29,Rabu,SKU014,Sirup Marjan 460ml,Minuman,botol,24000,0.0,24000,19000,6,0,144000,30000,13,0,7,0,0,2027-05-24,390,1,0
2026-04-30,Kamis,SKU014,Sirup Marjan 460ml,Minuman,botol,24000,19.17,19400,19000,3,0,58200,1200,77,70,74,0,0,2027-06-04,400,1,0
2026-05-01,Jumat,SKU014,Sirup Marjan 460ml,Minuman,botol,24000,5.0,22800,19000,3,0,68400,11400,74,0,71,0,0,2027-06-04,399,1,0
2026-05-02,Sabtu,SKU014,Sirup Marjan 460ml,Minuman,botol,24000,8.0,22100,19000,7,0,154700,21700,71,0,64,0,0,2027-06-04,398,1,0
2026-05-03,Minggu,SKU014,Sirup Marjan 460ml,Minuman,botol,24000,18.0,19700,19000,13,0,256100,9100,64,0,51,0,0,2027-06-04,397,1,0
2026-05-04,Senin,SKU014,Sirup Marjan 460ml,Minuman,botol,24000,0.0,24000,19000,6,0,144000,30000,51,0,45,0,0,2027-06-04,396,1,0
2026-05-05,Selasa,SKU014,Sirup Marjan 460ml,Minuman,botol,24000,0.0,24000,19000,7,0,168000,35000,45,0,38,0,0,2027-06-04,395,1,0
2026-05-06,Rabu,SKU014,Sirup Marjan 460ml,Minuman,botol,24000,5.0,22800,19000,7,0,159600,26600,38,0,31,0,0,2027-06-04,394,0,0
2026-05-07,Kamis,SKU014,Sirup Marjan 460ml,Minuman,botol,24000,12.0,21100,19000,14,0,295400,29400,31,0,17,0,0,2027-06-04,393,0,0
2026-05-08,Jumat,SKU014,Sirup Marjan 460ml,Minuman,botol,24000,0.0,24000,19000,1,0,24000,5000,17,0,16,0,0,2027-06-04,392,0,0
2026-05-09,Sabtu,SKU014,Sirup Marjan 460ml,Minuman,botol,24000,19.17,19400,19000,13,0,252200,5200,16,0,3,70,0,2027-06-04,391,0,0
2026-05-10,Minggu,SKU014,Sirup Marjan 460ml,Minuman,botol,24000,0.0,24000,19000,3,8,72000,15000,3,0,0,0,0,2027-06-04,390,0,0
2026-05-11,Senin,SKU014,Sirup Marjan 460ml,Minuman,botol,24000,0.0,24000,19000,0,3,0,0,0,0,0,0,0,2027-06-04,389,0,0
2026-05-12,Selasa,SKU014,Sirup Marjan 460ml,Minuman,botol,24000,19.17,19400,19000,7,0,135800,2800,70,70,63,0,0,2027-06-16,400,0,0
2026-05-13,Rabu,SKU014,Sirup Marjan 460ml,Minuman,botol,24000,0.0,24000,19000,3,0,72000,15000,63,0,60,0,0,2027-06-16,399,0,0
2026-05-14,Kamis,SKU014,Sirup Marjan 460ml,Minuman,botol,24000,15.0,20400,19000,8,0,163200,11200,60,0,52,0,0,2027-06-16,398,0,0
2026-05-15,Jumat,SKU014,Sirup Marjan 460ml,Minuman,botol,24000,19.17,19400,19000,13,0,252200,5200,52,0,39,0,0,2027-06-16,397,0,0
2026-05-16,Sabtu,SKU014,Sirup Marjan 460ml,Minuman,botol,24000,0.0,24000,19000,6,0,144000,30000,39,0,33,0,0,2027-06-16,396,0,0
2026-05-17,Minggu,SKU014,Sirup Marjan 460ml,Minuman,botol,24000,0.0,24000,19000,5,0,120000,25000,33,0,28,0,0,2027-06-16,395,0,0
2026-05-18,Senin,SKU014,Sirup Marjan 460ml,Minuman,botol,24000,0.0,24000,19000,2,0,48000,10000,28,0,26,0,0,2027-06-16,394,0,0
2026-05-19,Selasa,SKU014,Sirup Marjan 460ml,Minuman,botol,24000,19.17,19400,19000,8,0,155200,3200,26,0,18,0,0,2027-06-16,393,0,0
2026-05-20,Rabu,SKU014,Sirup Marjan 460ml,Minuman,botol,24000,0.0,24000,19000,7,0,168000,35000,18,0,11,70,0,2027-06-16,392,0,0
2026-05-21,Kamis,SKU014,Sirup Marjan 460ml,Minuman,botol,24000,0.0,24000,19000,4,0,96000,20000,81,70,77,0,0,2027-06-25,400,0,0
2026-05-22,Jumat,SKU014,Sirup Marjan 460ml,Minuman,botol,24000,0.0,24000,19000,7,0,168000,35000,77,0,70,0,0,2027-06-25,399,0,0
2026-05-23,Sabtu,SKU014,Sirup Marjan 460ml,Minuman,botol,24000,8.0,22100,19000,3,0,66300,9300,70,0,67,0,0,2027-06-25,398,0,0
2026-05-24,Minggu,SKU014,Sirup Marjan 460ml,Minuman,botol,24000,19.17,19400,19000,7,0,135800,2800,67,0,60,0,0,2027-06-25,397,0,0
2026-05-25,Senin,SKU014,Sirup Marjan 460ml,Minuman,botol,24000,0.0,24000,19000,3,0,72000,15000,60,0,57,0,0,2027-06-25,396,1,0
2026-05-26,Selasa,SKU014,Sirup Marjan 460ml,Minuman,botol,24000,0.0,24000,19000,11,0,264000,55000,57,0,46,0,0,2027-06-25,395,1,0
2026-05-27,Rabu,SKU014,Sirup Marjan 460ml,Minuman,botol,24000,0.0,24000,19000,7,0,168000,35000,46,0,39,0,0,2027-06-25,394,1,0
2026-05-28,Kamis,SKU014,Sirup Marjan 460ml,Minuman,botol,24000,5.0,22800,19000,6,0,136800,22800,39,0,33,0,0,2027-06-25,393,1,0
2026-05-29,Jumat,SKU014,Sirup Marjan 460ml,Minuman,botol,24000,0.0,24000,19000,12,0,288000,60000,33,0,21,0,0,2027-06-25,392,1,0
2026-05-30,Sabtu,SKU014,Sirup Marjan 460ml,Minuman,botol,24000,0.0,24000,19000,14,0,336000,70000,21,0,7,70,0,2027-06-25,391,1,0
2026-05-31,Minggu,SKU014,Sirup Marjan 460ml,Minuman,botol,24000,18.0,19700,19000,7,4,137900,4900,7,0,0,0,0,2027-06-25,390,1,0
2026-06-01,Senin,SKU014,Sirup Marjan 460ml,Minuman,botol,24000,19.17,19400,19000,7,0,135800,2800,70,70,63,0,0,2027-07-06,400,1,0
2026-06-02,Selasa,SKU014,Sirup Marjan 460ml,Minuman,botol,24000,8.0,22100,19000,7,0,154700,21700,63,0,56,0,0,2027-07-06,399,1,0
2026-06-03,Rabu,SKU014,Sirup Marjan 460ml,Minuman,botol,24000,0.0,24000,19000,9,0,216000,45000,56,0,47,0,0,2027-07-06,398,1,0
2026-06-04,Kamis,SKU014,Sirup Marjan 460ml,Minuman,botol,24000,19.17,19400,19000,12,0,232800,4800,47,0,35,0,0,2027-07-06,397,1,0
2026-06-05,Jumat,SKU014,Sirup Marjan 460ml,Minuman,botol,24000,0.0,24000,19000,9,0,216000,45000,35,0,26,0,0,2027-07-06,396,1,0
2026-06-06,Sabtu,SKU014,Sirup Marjan 460ml,Minuman,botol,24000,0.0,24000,19000,9,0,216000,45000,26,0,17,0,0,2027-07-06,395,0,0
2026-06-07,Minggu,SKU014,Sirup Marjan 460ml,Minuman,botol,24000,10.0,21600,19000,3,0,64800,7800,17,0,14,70,0,2027-07-06,394,0,0
2026-06-08,Senin,SKU014,Sirup Marjan 460ml,Minuman,botol,24000,12.0,21100,19000,11,0,232100,23100,84,70,73,0,0,2027-07-13,400,0,0
2026-06-09,Selasa,SKU014,Sirup Marjan 460ml,Minuman,botol,24000,8.0,22100,19000,6,0,132600,18600,73,0,67,0,0,2027-07-13,399,0,0
2026-06-10,Rabu,SKU014,Sirup Marjan 460ml,Minuman,botol,24000,0.0,24000,19000,5,0,120000,25000,67,0,62,0,0,2027-07-13,398,0,0
2026-06-11,Kamis,SKU014,Sirup Marjan 460ml,Minuman,botol,24000,19.17,19400,19000,5,0,97000,2000,62,0,57,0,0,2027-07-13,397,0,0
2026-06-12,Jumat,SKU014,Sirup Marjan 460ml,Minuman,botol,24000,10.0,21600,19000,7,0,151200,18200,57,0,50,0,0,2027-07-13,396,0,0
2026-06-13,Sabtu,SKU014,Sirup Marjan 460ml,Minuman,botol,24000,8.0,22100,19000,8,0,176800,24800,50,0,42,0,0,2027-07-13,395,0,0
2026-06-14,Minggu,SKU014,Sirup Marjan 460ml,Minuman,botol,24000,8.0,22100,19000,10,0,221000,31000,42,0,32,0,0,2027-07-13,394,0,0
2026-06-15,Senin,SKU014,Sirup Marjan 460ml,Minuman,botol,24000,0.0,24000,19000,4,0,96000,20000,32,0,28,0,0,2027-07-13,393,0,0
2026-06-16,Selasa,SKU014,Sirup Marjan 460ml,Minuman,botol,24000,19.17,19400,19000,10,0,194000,4000,28,0,18,0,0,2027-07-13,392,0,0
2026-06-17,Rabu,SKU014,Sirup Marjan 460ml,Minuman,botol,24000,0.0,24000,19000,2,0,48000,10000,18,0,16,0,0,2027-07-13,391,0,0
2026-06-18,Kamis,SKU014,Sirup Marjan 460ml,Minuman,botol,24000,0.0,24000,19000,3,0,72000,15000,16,0,13,70,0,2027-07-13,390,0,0
2026-06-19,Jumat,SKU014,Sirup Marjan 460ml,Minuman,botol,24000,0.0,24000,19000,4,0,96000,20000,13,0,9,0,0,2027-07-13,389,0,0
2026-06-20,Sabtu,SKU014,Sirup Marjan 460ml,Minuman,botol,24000,0.0,24000,19000,9,0,216000,45000,79,70,70,0,0,2027-07-25,400,0,0
2026-06-21,Minggu,SKU014,Sirup Marjan 460ml,Minuman,botol,24000,0.0,24000,19000,5,0,120000,25000,70,0,65,0,0,2027-07-25,399,0,0
2026-06-22,Senin,SKU014,Sirup Marjan 460ml,Minuman,botol,24000,0.0,24000,19000,3,0,72000,15000,65,0,62,0,0,2027-07-25,398,0,0
2026-06-23,Selasa,SKU014,Sirup Marjan 460ml,Minuman,botol,24000,12.0,21100,19000,2,0,42200,4200,62,0,60,0,0,2027-07-25,397,0,0
2026-06-24,Rabu,SKU014,Sirup Marjan 460ml,Minuman,botol,24000,10.0,21600,19000,2,0,43200,5200,60,0,58,0,0,2027-07-25,396,0,0
2026-06-25,Kamis,SKU014,Sirup Marjan 460ml,Minuman,botol,24000,0.0,24000,19000,6,0,144000,30000,58,0,52,0,0,2027-07-25,395,1,0
2026-06-26,Jumat,SKU014,Sirup Marjan 460ml,Minuman,botol,24000,15.0,20400,19000,10,0,204000,14000,52,0,42,0,0,2027-07-25,394,1,0
2026-06-27,Sabtu,SKU014,Sirup Marjan 460ml,Minuman,botol,24000,0.0,24000,19000,9,0,216000,45000,42,0,33,0,0,2027-07-25,393,1,0
2026-06-28,Minggu,SKU014,Sirup Marjan 460ml,Minuman,botol,24000,0.0,24000,19000,5,0,120000,25000,33,0,28,0,0,2027-07-25,392,1,0
2026-06-29,Senin,SKU014,Sirup Marjan 460ml,Minuman,botol,24000,0.0,24000,19000,9,0,216000,45000,28,0,19,0,0,2027-07-25,391,1,0
2026-06-30,Selasa,SKU014,Sirup Marjan 460ml,Minuman,botol,24000,0.0,24000,19000,6,0,144000,30000,19,0,13,70,0,2027-07-25,390,1,0
2026-07-01,Rabu,SKU014,Sirup Marjan 460ml,Minuman,botol,24000,0.0,24000,19000,6,0,144000,30000,13,0,7,0,0,2027-07-25,389,1,0
2026-07-02,Kamis,SKU014,Sirup Marjan 460ml,Minuman,botol,24000,0.0,24000,19000,7,0,168000,35000,77,70,70,0,0,2027-08-06,400,1,0
2026-07-03,Jumat,SKU014,Sirup Marjan 460ml,Minuman,botol,24000,0.0,24000,19000,4,0,96000,20000,70,0,66,0,0,2027-08-06,399,1,0
2026-07-04,Sabtu,SKU014,Sirup Marjan 460ml,Minuman,botol,24000,0.0,24000,19000,11,0,264000,55000,66,0,55,0,0,2027-08-06,398,1,0
2026-07-05,Minggu,SKU014,Sirup Marjan 460ml,Minuman,botol,24000,0.0,24000,19000,4,0,96000,20000,55,0,51,0,0,2027-08-06,397,1,0
2026-07-06,Senin,SKU014,Sirup Marjan 460ml,Minuman,botol,24000,0.0,24000,19000,8,0,192000,40000,51,0,43,0,0,2027-08-06,396,0,0
2026-07-07,Selasa,SKU014,Sirup Marjan 460ml,Minuman,botol,24000,0.0,24000,19000,5,0,120000,25000,43,0,38,0,0,2027-08-06,395,0,0
2026-07-08,Rabu,SKU014,Sirup Marjan 460ml,Minuman,botol,24000,0.0,24000,19000,2,0,48000,10000,38,0,36,0,0,2027-08-06,394,0,0
2026-07-09,Kamis,SKU014,Sirup Marjan 460ml,Minuman,botol,24000,0.0,24000,19000,8,0,192000,40000,36,0,28,0,0,2027-08-06,393,0,0
2026-07-10,Jumat,SKU014,Sirup Marjan 460ml,Minuman,botol,24000,0.0,24000,19000,9,0,216000,45000,28,0,19,0,0,2027-08-06,392,0,0
2026-07-11,Sabtu,SKU014,Sirup Marjan 460ml,Minuman,botol,24000,0.0,24000,19000,6,0,144000,30000,19,0,13,70,0,2027-08-06,391,0,0
2026-07-12,Minggu,SKU014,Sirup Marjan 460ml,Minuman,botol,24000,0.0,24000,19000,12,0,288000,60000,83,70,71,0,0,2027-08-16,400,0,0
2026-07-13,Senin,SKU014,Sirup Marjan 460ml,Minuman,botol,24000,0.0,24000,19000,7,0,168000,35000,71,0,64,0,0,2027-08-16,399,0,0
2026-07-14,Selasa,SKU014,Sirup Marjan 460ml,Minuman,botol,24000,10.0,21600,19000,9,0,194400,23400,64,0,55,0,0,2027-08-16,398,0,0
2026-07-15,Rabu,SKU014,Sirup Marjan 460ml,Minuman,botol,24000,0.0,24000,19000,5,0,120000,25000,55,0,50,0,0,2027-08-16,397,0,0
2026-07-16,Kamis,SKU014,Sirup Marjan 460ml,Minuman,botol,24000,18.0,19700,19000,5,0,98500,3500,50,0,45,0,0,2027-08-16,396,0,0
2026-07-17,Jumat,SKU014,Sirup Marjan 460ml,Minuman,botol,24000,0.0,24000,19000,5,0,120000,25000,45,0,40,0,0,2027-08-16,395,0,0
2026-07-18,Sabtu,SKU014,Sirup Marjan 460ml,Minuman,botol,24000,18.0,19700,19000,6,0,118200,4200,40,0,34,0,0,2027-08-16,394,0,0
2026-07-19,Minggu,SKU014,Sirup Marjan 460ml,Minuman,botol,24000,15.0,20400,19000,9,0,183600,12600,34,0,25,0,0,2027-08-16,393,0,0
2026-07-20,Senin,SKU014,Sirup Marjan 460ml,Minuman,botol,24000,0.0,24000,19000,3,0,72000,15000,25,0,22,0,0,2027-08-16,392,0,0
2026-07-21,Selasa,SKU014,Sirup Marjan 460ml,Minuman,botol,24000,0.0,24000,19000,4,0,96000,20000,22,0,18,0,0,2027-08-16,391,0,0
2026-07-22,Rabu,SKU014,Sirup Marjan 460ml,Minuman,botol,24000,0.0,24000,19000,2,0,48000,10000,18,0,16,0,0,2027-08-16,390,0,0
2026-07-23,Kamis,SKU014,Sirup Marjan 460ml,Minuman,botol,24000,19.17,19400,19000,7,0,135800,2800,16,0,9,70,0,2027-08-16,389,0,0
2026-07-24,Jumat,SKU014,Sirup Marjan 460ml,Minuman,botol,24000,15.0,20400,19000,9,0,183600,12600,9,0,0,0,0,2027-08-16,388,0,0
2026-07-25,Sabtu,SKU014,Sirup Marjan 460ml,Minuman,botol,24000,0.0,24000,19000,0,12,0,0,0,0,0,0,0,2027-08-16,387,1,0
2026-07-26,Minggu,SKU014,Sirup Marjan 460ml,Minuman,botol,24000,0.0,24000,19000,6,0,144000,30000,70,70,64,0,0,2027-08-30,400,1,0
2026-07-27,Senin,SKU014,Sirup Marjan 460ml,Minuman,botol,24000,0.0,24000,19000,2,0,48000,10000,64,0,62,0,0,2027-08-30,399,1,0
2026-07-28,Selasa,SKU014,Sirup Marjan 460ml,Minuman,botol,24000,0.0,24000,19000,5,0,120000,25000,62,0,57,0,0,2027-08-30,398,1,0
2026-07-29,Rabu,SKU014,Sirup Marjan 460ml,Minuman,botol,24000,0.0,24000,19000,4,0,96000,20000,57,0,53,0,0,2027-08-30,397,1,0
2026-07-30,Kamis,SKU014,Sirup Marjan 460ml,Minuman,botol,24000,15.0,20400,19000,9,0,183600,12600,53,0,44,0,0,2027-08-30,396,1,0
2026-07-31,Jumat,SKU014,Sirup Marjan 460ml,Minuman,botol,24000,19.17,19400,19000,20,0,388000,8000,44,0,24,0,0,2027-08-30,395,1,0
2026-08-01,Sabtu,SKU014,Sirup Marjan 460ml,Minuman,botol,24000,0.0,24000,19000,9,0,216000,45000,24,0,15,0,0,2027-08-30,394,1,0
2026-08-02,Minggu,SKU014,Sirup Marjan 460ml,Minuman,botol,24000,12.0,21100,19000,10,0,211000,21000,15,0,5,70,0,2027-08-30,393,1,0
2026-08-03,Senin,SKU014,Sirup Marjan 460ml,Minuman,botol,24000,18.0,19700,19000,5,5,98500,3500,5,0,0,0,0,2027-08-30,392,1,0
2026-08-04,Selasa,SKU014,Sirup Marjan 460ml,Minuman,botol,24000,0.0,24000,19000,6,0,144000,30000,70,70,64,0,0,2027-09-08,400,1,0
2026-08-05,Rabu,SKU014,Sirup Marjan 460ml,Minuman,botol,24000,0.0,24000,19000,11,0,264000,55000,64,0,53,0,0,2027-09-08,399,1,0
2026-08-06,Kamis,SKU014,Sirup Marjan 460ml,Minuman,botol,24000,0.0,24000,19000,5,0,120000,25000,53,0,48,0,0,2027-09-08,398,0,0
2026-08-07,Jumat,SKU014,Sirup Marjan 460ml,Minuman,botol,24000,8.0,22100,19000,6,0,132600,18600,48,0,42,0,0,2027-09-08,397,0,0
2026-08-08,Sabtu,SKU014,Sirup Marjan 460ml,Minuman,botol,24000,18.0,19700,19000,16,0,315200,11200,42,0,26,0,0,2027-09-08,396,0,0
2026-08-09,Minggu,SKU014,Sirup Marjan 460ml,Minuman,botol,24000,10.0,21600,19000,11,0,237600,28600,26,0,15,0,0,2027-09-08,395,0,0
2026-08-10,Senin,SKU014,Sirup Marjan 460ml,Minuman,botol,24000,0.0,24000,19000,5,0,120000,25000,15,0,10,154,0,2027-09-08,394,0,0
2026-08-11,Selasa,SKU014,Sirup Marjan 460ml,Minuman,botol,24000,12.0,21100,19000,6,0,126600,12600,164,154,158,0,0,2027-09-15,400,0,0
2026-08-12,Rabu,SKU014,Sirup Marjan 460ml,Minuman,botol,24000,0.0,24000,19000,8,0,192000,40000,158,0,150,0,0,2027-09-15,399,0,0
2026-08-13,Kamis,SKU014,Sirup Marjan 460ml,Minuman,botol,24000,0.0,24000,19000,5,0,120000,25000,150,0,145,0,0,2027-09-15,398,0,0
2026-08-14,Jumat,SKU014,Sirup Marjan 460ml,Minuman,botol,24000,0.0,24000,19000,10,0,240000,50000,145,0,135,0,0,2027-09-15,397,0,0
2026-08-15,Sabtu,SKU014,Sirup Marjan 460ml,Minuman,botol,24000,19.17,19400,19000,7,0,135800,2800,135,0,128,0,0,2027-09-15,396,0,0
2026-08-16,Minggu,SKU014,Sirup Marjan 460ml,Minuman,botol,24000,0.0,24000,19000,5,0,120000,25000,128,0,123,0,0,2027-09-15,395,0,0
2026-08-17,Senin,SKU014,Sirup Marjan 460ml,Minuman,botol,24000,15.0,20400,19000,4,0,81600,5600,123,0,119,0,0,2027-09-15,394,0,0
2025-08-18,Senin,SKU015,Minyak Kayu Putih 60ml,Kesehatan,botol,19000,19.37,15300,15000,2,0,30600,600,31,0,29,0,0,2027-04-25,615,0,0
2025-08-19,Selasa,SKU015,Minyak Kayu Putih 60ml,Kesehatan,botol,19000,0.0,19000,15000,6,0,114000,24000,29,0,23,0,0,2027-04-25,614,0,0
2025-08-20,Rabu,SKU015,Minyak Kayu Putih 60ml,Kesehatan,botol,19000,0.0,19000,15000,4,0,76000,16000,23,0,19,0,0,2027-04-25,613,0,0
2025-08-21,Kamis,SKU015,Minyak Kayu Putih 60ml,Kesehatan,botol,19000,0.0,19000,15000,4,0,76000,16000,19,0,15,0,0,2027-04-25,612,0,0
2025-08-22,Jumat,SKU015,Minyak Kayu Putih 60ml,Kesehatan,botol,19000,0.0,19000,15000,3,0,57000,12000,15,0,12,0,0,2027-04-25,611,0,0
2025-08-23,Sabtu,SKU015,Minyak Kayu Putih 60ml,Kesehatan,botol,19000,0.0,19000,15000,3,0,57000,12000,12,0,9,36,0,2027-04-25,610,0,0
2025-08-24,Minggu,SKU015,Minyak Kayu Putih 60ml,Kesehatan,botol,19000,0.0,19000,15000,1,0,19000,4000,45,36,44,0,0,2027-08-14,720,0,0
2025-08-25,Senin,SKU015,Minyak Kayu Putih 60ml,Kesehatan,botol,19000,19.37,15300,15000,6,0,91800,1800,44,0,38,0,0,2027-08-14,719,1,0
2025-08-26,Selasa,SKU015,Minyak Kayu Putih 60ml,Kesehatan,botol,19000,12.0,16700,15000,6,0,100200,10200,38,0,32,0,0,2027-08-14,718,1,0
2025-08-27,Rabu,SKU015,Minyak Kayu Putih 60ml,Kesehatan,botol,19000,0.0,19000,15000,6,0,114000,24000,32,0,26,0,0,2027-08-14,717,1,0
2025-08-28,Kamis,SKU015,Minyak Kayu Putih 60ml,Kesehatan,botol,19000,0.0,19000,15000,5,0,95000,20000,26,0,21,0,0,2027-08-14,716,1,0
2025-08-29,Jumat,SKU015,Minyak Kayu Putih 60ml,Kesehatan,botol,19000,8.0,17500,15000,6,0,105000,15000,21,0,15,0,0,2027-08-14,715,1,0
2025-08-30,Sabtu,SKU015,Minyak Kayu Putih 60ml,Kesehatan,botol,19000,5.0,18000,15000,2,0,36000,6000,15,0,13,0,0,2027-08-14,714,1,0
2025-08-31,Minggu,SKU015,Minyak Kayu Putih 60ml,Kesehatan,botol,19000,0.0,19000,15000,4,0,76000,16000,13,0,9,36,0,2027-08-14,713,1,0
2025-09-01,Senin,SKU015,Minyak Kayu Putih 60ml,Kesehatan,botol,19000,0.0,19000,15000,2,0,38000,8000,9,0,7,0,0,2027-08-14,712,1,0
2025-09-02,Selasa,SKU015,Minyak Kayu Putih 60ml,Kesehatan,botol,19000,19.37,15300,15000,7,1,107100,2100,7,0,0,0,0,2027-08-14,711,1,0
2025-09-03,Rabu,SKU015,Minyak Kayu Putih 60ml,Kesehatan,botol,19000,0.0,19000,15000,3,0,57000,12000,36,36,33,0,0,2027-08-24,720,1,0
2025-09-04,Kamis,SKU015,Minyak Kayu Putih 60ml,Kesehatan,botol,19000,0.0,19000,15000,3,0,57000,12000,33,0,30,0,0,2027-08-24,719,1,0
2025-09-05,Jumat,SKU015,Minyak Kayu Putih 60ml,Kesehatan,botol,19000,5.0,18000,15000,6,0,108000,18000,30,0,24,0,0,2027-08-24,718,1,0
2025-09-06,Sabtu,SKU015,Minyak Kayu Putih 60ml,Kesehatan,botol,19000,0.0,19000,15000,3,0,57000,12000,24,0,21,0,0,2027-08-24,717,0,0
2025-09-07,Minggu,SKU015,Minyak Kayu Putih 60ml,Kesehatan,botol,19000,12.0,16700,15000,4,0,66800,6800,21,0,17,0,0,2027-08-24,716,0,0
2025-09-08,Senin,SKU015,Minyak Kayu Putih 60ml,Kesehatan,botol,19000,0.0,19000,15000,3,0,57000,12000,17,0,14,0,0,2027-08-24,715,0,0
2025-09-09,Selasa,SKU015,Minyak Kayu Putih 60ml,Kesehatan,botol,19000,19.37,15300,15000,6,0,91800,1800,14,0,8,36,0,2027-08-24,714,0,0
2025-09-10,Rabu,SKU015,Minyak Kayu Putih 60ml,Kesehatan,botol,19000,8.0,17500,15000,4,0,70000,10000,8,0,4,0,0,2027-08-24,713,0,0
2025-09-11,Kamis,SKU015,Minyak Kayu Putih 60ml,Kesehatan,botol,19000,0.0,19000,15000,3,0,57000,12000,4,0,1,0,0,2027-08-24,712,0,0
2025-09-12,Jumat,SKU015,Minyak Kayu Putih 60ml,Kesehatan,botol,19000,0.0,19000,15000,2,0,38000,8000,37,36,35,0,0,2027-09-02,720,0,0
2025-09-13,Sabtu,SKU015,Minyak Kayu Putih 60ml,Kesehatan,botol,19000,0.0,19000,15000,7,0,133000,28000,35,0,28,0,0,2027-09-02,719,0,0
2025-09-14,Minggu,SKU015,Minyak Kayu Putih 60ml,Kesehatan,botol,19000,0.0,19000,15000,4,0,76000,16000,28,0,24,0,0,2027-09-02,718,0,0
2025-09-15,Senin,SKU015,Minyak Kayu Putih 60ml,Kesehatan,botol,19000,0.0,19000,15000,3,0,57000,12000,24,0,21,0,0,2027-09-02,717,0,0
2025-09-16,Selasa,SKU015,Minyak Kayu Putih 60ml,Kesehatan,botol,19000,19.37,15300,15000,4,0,61200,1200,21,0,17,0,0,2027-09-02,716,0,0
2025-09-17,Rabu,SKU015,Minyak Kayu Putih 60ml,Kesehatan,botol,19000,0.0,19000,15000,2,0,38000,8000,17,0,15,0,0,2027-09-02,715,0,0
2025-09-18,Kamis,SKU015,Minyak Kayu Putih 60ml,Kesehatan,botol,19000,8.0,17500,15000,4,0,70000,10000,15,0,11,36,0,2027-09-02,714,0,0
2025-09-19,Jumat,SKU015,Minyak Kayu Putih 60ml,Kesehatan,botol,19000,0.0,19000,15000,4,0,76000,16000,11,0,7,0,0,2027-09-02,713,0,0
2025-09-20,Sabtu,SKU015,Minyak Kayu Putih 60ml,Kesehatan,botol,19000,0.0,19000,15000,5,0,95000,20000,43,36,38,0,0,2027-09-10,720,0,0
2025-09-21,Minggu,SKU015,Minyak Kayu Putih 60ml,Kesehatan,botol,19000,0.0,19000,15000,2,0,38000,8000,38,0,36,0,0,2027-09-10,719,0,0
2025-09-22,Senin,SKU015,Minyak Kayu Putih 60ml,Kesehatan,botol,19000,0.0,19000,15000,6,0,114000,24000,36,0,30,0,0,2027-09-10,718,0,0
2025-09-23,Selasa,SKU015,Minyak Kayu Putih 60ml,Kesehatan,botol,19000,0.0,19000,15000,2,0,38000,8000,30,0,28,0,0,2027-09-10,717,0,0
2025-09-24,Rabu,SKU015,Minyak Kayu Putih 60ml,Kesehatan,botol,19000,0.0,19000,15000,4,0,76000,16000,28,0,24,0,0,2027-09-10,716,0,0
2025-09-25,Kamis,SKU015,Minyak Kayu Putih 60ml,Kesehatan,botol,19000,0.0,19000,15000,8,0,152000,32000,24,0,16,0,0,2027-09-10,715,1,0
2025-09-26,Jumat,SKU015,Minyak Kayu Putih 60ml,Kesehatan,botol,19000,0.0,19000,15000,0,0,0,0,16,0,16,0,0,2027-09-10,714,1,0
2025-09-27,Sabtu,SKU015,Minyak Kayu Putih 60ml,Kesehatan,botol,19000,0.0,19000,15000,7,0,133000,28000,16,0,9,36,0,2027-09-10,713,1,0
2025-09-28,Minggu,SKU015,Minyak Kayu Putih 60ml,Kesehatan,botol,19000,0.0,19000,15000,6,0,114000,24000,45,36,39,0,0,2027-09-18,720,1,0
2025-09-29,Senin,SKU015,Minyak Kayu Putih 60ml,Kesehatan,botol,19000,0.0,19000,15000,7,0,133000,28000,39,0,32,0,0,2027-09-18,719,1,0
2025-09-30,Selasa,SKU015,Minyak Kayu Putih 60ml,Kesehatan,botol,19000,15.0,16200,15000,8,0,129600,9600,32,0,24,0,0,2027-09-18,718,1,0
2025-10-01,Rabu,SKU015,Minyak Kayu Putih 60ml,Kesehatan,botol,19000,18.0,15600,15000,4,0,62400,2400,24,0,20,0,0,2027-09-18,717,1,0
2025-10-02,Kamis,SKU015,Minyak Kayu Putih 60ml,Kesehatan,botol,19000,12.0,16700,15000,2,0,33400,3400,20,0,18,0,0,2027-09-18,716,1,0
2025-10-03,Jumat,SKU015,Minyak Kayu Putih 60ml,Kesehatan,botol,19000,0.0,19000,15000,3,0,57000,12000,18,0,15,0,0,2027-09-18,715,1,0
2025-10-04,Sabtu,SKU015,Minyak Kayu Putih 60ml,Kesehatan,botol,19000,10.0,17100,15000,9,0,153900,18900,15,0,6,36,0,2027-09-18,714,1,0
2025-10-05,Minggu,SKU015,Minyak Kayu Putih 60ml,Kesehatan,botol,19000,19.37,15300,15000,6,2,91800,1800,6,0,0,0,0,2027-09-18,713,1,0
2025-10-06,Senin,SKU015,Minyak Kayu Putih 60ml,Kesehatan,botol,19000,0.0,19000,15000,3,0,57000,12000,36,36,33,0,0,2027-09-26,720,0,0
2025-10-07,Selasa,SKU015,Minyak Kayu Putih 60ml,Kesehatan,botol,19000,0.0,19000,15000,0,0,0,0,33,0,33,0,0,2027-09-26,719,0,0
2025-10-08,Rabu,SKU015,Minyak Kayu Putih 60ml,Kesehatan,botol,19000,15.0,16200,15000,3,0,48600,3600,33,0,30,0,0,2027-09-26,718,0,0
2025-10-09,Kamis,SKU015,Minyak Kayu Putih 60ml,Kesehatan,botol,19000,0.0,19000,15000,4,0,76000,16000,30,0,26,0,0,2027-09-26,717,0,0
2025-10-10,Jumat,SKU015,Minyak Kayu Putih 60ml,Kesehatan,botol,19000,0.0,19000,15000,7,0,133000,28000,26,0,19,0,0,2027-09-26,716,0,0
2025-10-11,Sabtu,SKU015,Minyak Kayu Putih 60ml,Kesehatan,botol,19000,5.0,18000,15000,10,0,180000,30000,19,0,9,36,0,2027-09-26,715,0,0
2025-10-12,Minggu,SKU015,Minyak Kayu Putih 60ml,Kesehatan,botol,19000,0.0,19000,15000,9,2,171000,36000,9,0,0,0,0,2027-09-26,714,0,0
2025-10-13,Senin,SKU015,Minyak Kayu Putih 60ml,Kesehatan,botol,19000,5.0,18000,15000,0,8,0,0,0,0,0,0,0,2027-09-26,713,0,0
2025-10-14,Selasa,SKU015,Minyak Kayu Putih 60ml,Kesehatan,botol,19000,8.0,17500,15000,7,0,122500,17500,36,36,29,0,0,2027-10-04,720,0,0
2025-10-15,Rabu,SKU015,Minyak Kayu Putih 60ml,Kesehatan,botol,19000,0.0,19000,15000,4,0,76000,16000,29,0,25,0,0,2027-10-04,719,0,0
2025-10-16,Kamis,SKU015,Minyak Kayu Putih 60ml,Kesehatan,botol,19000,0.0,19000,15000,7,0,133000,28000,25,0,18,0,0,2027-10-04,718,0,0
2025-10-17,Jumat,SKU015,Minyak Kayu Putih 60ml,Kesehatan,botol,19000,0.0,19000,15000,2,0,38000,8000,18,0,16,0,0,2027-10-04,717,0,0
2025-10-18,Sabtu,SKU015,Minyak Kayu Putih 60ml,Kesehatan,botol,19000,0.0,19000,15000,6,0,114000,24000,16,0,10,36,0,2027-10-04,716,0,0
2025-10-19,Minggu,SKU015,Minyak Kayu Putih 60ml,Kesehatan,botol,19000,0.0,19000,15000,5,0,95000,20000,10,0,5,0,0,2027-10-04,715,0,0
2025-10-20,Senin,SKU015,Minyak Kayu Putih 60ml,Kesehatan,botol,19000,0.0,19000,15000,6,0,114000,24000,41,36,35,0,0,2027-10-10,720,0,0
2025-10-21,Selasa,SKU015,Minyak Kayu Putih 60ml,Kesehatan,botol,19000,0.0,19000,15000,0,0,0,0,35,0,35,0,0,2027-10-10,719,0,0
2025-10-22,Rabu,SKU015,Minyak Kayu Putih 60ml,Kesehatan,botol,19000,0.0,19000,15000,3,0,57000,12000,35,0,32,0,0,2027-10-10,718,0,0
2025-10-23,Kamis,SKU015,Minyak Kayu Putih 60ml,Kesehatan,botol,19000,0.0,19000,15000,3,0,57000,12000,32,0,29,0,0,2027-10-10,717,0,0
2025-10-24,Jumat,SKU015,Minyak Kayu Putih 60ml,Kesehatan,botol,19000,0.0,19000,15000,5,0,95000,20000,29,0,24,0,0,2027-10-10,716,0,0
2025-10-25,Sabtu,SKU015,Minyak Kayu Putih 60ml,Kesehatan,botol,19000,0.0,19000,15000,7,0,133000,28000,24,0,17,0,0,2027-10-10,715,1,0
2025-10-26,Minggu,SKU015,Minyak Kayu Putih 60ml,Kesehatan,botol,19000,0.0,19000,15000,8,0,152000,32000,17,0,9,36,0,2027-10-10,714,1,0
2025-10-27,Senin,SKU015,Minyak Kayu Putih 60ml,Kesehatan,botol,19000,8.0,17500,15000,3,0,52500,7500,9,0,6,0,0,2027-10-10,713,1,0
2025-10-28,Selasa,SKU015,Minyak Kayu Putih 60ml,Kesehatan,botol,19000,0.0,19000,15000,5,0,95000,20000,42,36,37,0,0,2027-10-18,720,1,0
2025-10-29,Rabu,SKU015,Minyak Kayu Putih 60ml,Kesehatan,botol,19000,0.0,19000,15000,4,0,76000,16000,37,0,33,0,0,2027-10-18,719,1,0
2025-10-30,Kamis,SKU015,Minyak Kayu Putih 60ml,Kesehatan,botol,19000,0.0,19000,15000,2,0,38000,8000,33,0,31,0,0,2027-10-18,718,1,0
2025-10-31,Jumat,SKU015,Minyak Kayu Putih 60ml,Kesehatan,botol,19000,0.0,19000,15000,3,0,57000,12000,31,0,28,0,0,2027-10-18,717,1,0
2025-11-01,Sabtu,SKU015,Minyak Kayu Putih 60ml,Kesehatan,botol,19000,10.0,17100,15000,5,0,85500,10500,28,0,23,0,0,2027-10-18,716,1,0
2025-11-02,Minggu,SKU015,Minyak Kayu Putih 60ml,Kesehatan,botol,19000,0.0,19000,15000,5,0,95000,20000,23,0,18,0,0,2027-10-18,715,1,0
2025-11-03,Senin,SKU015,Minyak Kayu Putih 60ml,Kesehatan,botol,19000,0.0,19000,15000,3,0,57000,12000,18,0,15,0,0,2027-10-18,714,1,0
2025-11-04,Selasa,SKU015,Minyak Kayu Putih 60ml,Kesehatan,botol,19000,0.0,19000,15000,5,0,95000,20000,15,0,10,36,0,2027-10-18,713,1,0
2025-11-05,Rabu,SKU015,Minyak Kayu Putih 60ml,Kesehatan,botol,19000,0.0,19000,15000,11,0,209000,44000,46,36,35,0,0,2027-10-26,720,1,0
2025-11-06,Kamis,SKU015,Minyak Kayu Putih 60ml,Kesehatan,botol,19000,0.0,19000,15000,2,0,38000,8000,35,0,33,0,0,2027-10-26,719,0,0
2025-11-07,Jumat,SKU015,Minyak Kayu Putih 60ml,Kesehatan,botol,19000,0.0,19000,15000,4,0,76000,16000,33,0,29,0,0,2027-10-26,718,0,0
2025-11-08,Sabtu,SKU015,Minyak Kayu Putih 60ml,Kesehatan,botol,19000,0.0,19000,15000,8,0,152000,32000,29,0,21,0,0,2027-10-26,717,0,0
2025-11-09,Minggu,SKU015,Minyak Kayu Putih 60ml,Kesehatan,botol,19000,0.0,19000,15000,7,0,133000,28000,21,0,14,0,0,2027-10-26,716,0,0
2025-11-10,Senin,SKU015,Minyak Kayu Putih 60ml,Kesehatan,botol,19000,0.0,19000,15000,4,0,76000,16000,14,0,10,36,0,2027-10-26,715,0,0
2025-11-11,Selasa,SKU015,Minyak Kayu Putih 60ml,Kesehatan,botol,19000,0.0,19000,15000,2,0,38000,8000,10,0,8,0,0,2027-10-26,714,0,0
2025-11-12,Rabu,SKU015,Minyak Kayu Putih 60ml,Kesehatan,botol,19000,0.0,19000,15000,0,0,0,0,44,36,44,0,0,2027-11-02,720,0,0
2025-11-13,Kamis,SKU015,Minyak Kayu Putih 60ml,Kesehatan,botol,19000,19.37,15300,15000,7,0,107100,2100,44,0,37,0,0,2027-11-02,719,0,0
2025-11-14,Jumat,SKU015,Minyak Kayu Putih 60ml,Kesehatan,botol,19000,0.0,19000,15000,2,0,38000,8000,37,0,35,0,0,2027-11-02,718,0,0
2025-11-15,Sabtu,SKU015,Minyak Kayu Putih 60ml,Kesehatan,botol,19000,0.0,19000,15000,9,0,171000,36000,35,0,26,0,0,2027-11-02,717,0,0
2025-11-16,Minggu,SKU015,Minyak Kayu Putih 60ml,Kesehatan,botol,19000,0.0,19000,15000,4,0,76000,16000,26,0,22,0,0,2027-11-02,716,0,0
2025-11-17,Senin,SKU015,Minyak Kayu Putih 60ml,Kesehatan,botol,19000,0.0,19000,15000,1,0,19000,4000,22,0,21,0,0,2027-11-02,715,0,0
2025-11-18,Selasa,SKU015,Minyak Kayu Putih 60ml,Kesehatan,botol,19000,0.0,19000,15000,5,0,95000,20000,21,0,16,0,0,2027-11-02,714,0,0
2025-11-19,Rabu,SKU015,Minyak Kayu Putih 60ml,Kesehatan,botol,19000,0.0,19000,15000,5,0,95000,20000,16,0,11,36,0,2027-11-02,713,0,0
2025-11-20,Kamis,SKU015,Minyak Kayu Putih 60ml,Kesehatan,botol,19000,0.0,19000,15000,4,0,76000,16000,11,0,7,0,0,2027-11-02,712,0,0
2025-11-21,Jumat,SKU015,Minyak Kayu Putih 60ml,Kesehatan,botol,19000,10.0,17100,15000,1,0,17100,2100,7,0,6,0,0,2027-11-02,711,0,0
2025-11-22,Sabtu,SKU015,Minyak Kayu Putih 60ml,Kesehatan,botol,19000,0.0,19000,15000,4,0,76000,16000,42,36,38,0,0,2027-11-12,720,0,0
2025-11-23,Minggu,SKU015,Minyak Kayu Putih 60ml,Kesehatan,botol,19000,18.0,15600,15000,4,0,62400,2400,38,0,34,0,0,2027-11-12,719,0,0
2025-11-24,Senin,SKU015,Minyak Kayu Putih 60ml,Kesehatan,botol,19000,0.0,19000,15000,2,0,38000,8000,34,0,32,0,0,2027-11-12,718,0,0
2025-11-25,Selasa,SKU015,Minyak Kayu Putih 60ml,Kesehatan,botol,19000,0.0,19000,15000,3,0,57000,12000,32,0,29,0,0,2027-11-12,717,1,0
2025-11-26,Rabu,SKU015,Minyak Kayu Putih 60ml,Kesehatan,botol,19000,0.0,19000,15000,8,0,152000,32000,29,0,21,0,0,2027-11-12,716,1,0
2025-11-27,Kamis,SKU015,Minyak Kayu Putih 60ml,Kesehatan,botol,19000,8.0,17500,15000,4,0,70000,10000,21,0,17,0,0,2027-11-12,715,1,0
2025-11-28,Jumat,SKU015,Minyak Kayu Putih 60ml,Kesehatan,botol,19000,0.0,19000,15000,2,0,38000,8000,17,0,15,0,0,2027-11-12,714,1,0
2025-11-29,Sabtu,SKU015,Minyak Kayu Putih 60ml,Kesehatan,botol,19000,0.0,19000,15000,11,0,209000,44000,15,0,4,36,0,2027-11-12,713,1,0
2025-11-30,Minggu,SKU015,Minyak Kayu Putih 60ml,Kesehatan,botol,19000,0.0,19000,15000,2,0,38000,8000,4,0,2,0,0,2027-11-12,712,1,0
2025-12-01,Senin,SKU015,Minyak Kayu Putih 60ml,Kesehatan,botol,19000,0.0,19000,15000,7,0,133000,28000,38,36,31,0,0,2027-11-21,720,1,0
2025-12-02,Selasa,SKU015,Minyak Kayu Putih 60ml,Kesehatan,botol,19000,0.0,19000,15000,2,0,38000,8000,31,0,29,0,0,2027-11-21,719,1,0
2025-12-03,Rabu,SKU015,Minyak Kayu Putih 60ml,Kesehatan,botol,19000,19.37,15300,15000,9,0,137700,2700,29,0,20,0,0,2027-11-21,718,1,0
2025-12-04,Kamis,SKU015,Minyak Kayu Putih 60ml,Kesehatan,botol,19000,0.0,19000,15000,6,0,114000,24000,20,0,14,0,0,2027-11-21,717,1,0
2025-12-05,Jumat,SKU015,Minyak Kayu Putih 60ml,Kesehatan,botol,19000,0.0,19000,15000,3,0,57000,12000,14,0,11,79,0,2027-11-21,716,1,0
2025-12-06,Sabtu,SKU015,Minyak Kayu Putih 60ml,Kesehatan,botol,19000,18.0,15600,15000,3,0,46800,1800,11,0,8,0,0,2027-11-21,715,0,0
2025-12-07,Minggu,SKU015,Minyak Kayu Putih 60ml,Kesehatan,botol,19000,0.0,19000,15000,3,0,57000,12000,8,0,5,0,0,2027-11-21,714,0,0
2025-12-08,Senin,SKU015,Minyak Kayu Putih 60ml,Kesehatan,botol,19000,0.0,19000,15000,5,0,95000,20000,84,79,79,0,0,2027-11-28,720,0,0
2025-12-09,Selasa,SKU015,Minyak Kayu Putih 60ml,Kesehatan,botol,19000,0.0,19000,15000,2,0,38000,8000,79,0,77,0,0,2027-11-28,719,0,0
2025-12-10,Rabu,SKU015,Minyak Kayu Putih 60ml,Kesehatan,botol,19000,0.0,19000,15000,4,0,76000,16000,77,0,73,0,0,2027-11-28,718,0,0
2025-12-11,Kamis,SKU015,Minyak Kayu Putih 60ml,Kesehatan,botol,19000,0.0,19000,15000,3,0,57000,12000,73,0,70,0,0,2027-11-28,717,0,0
2025-12-12,Jumat,SKU015,Minyak Kayu Putih 60ml,Kesehatan,botol,19000,15.0,16200,15000,4,0,64800,4800,70,0,66,0,0,2027-11-28,716,0,0
2025-12-13,Sabtu,SKU015,Minyak Kayu Putih 60ml,Kesehatan,botol,19000,0.0,19000,15000,6,0,114000,24000,66,0,60,0,0,2027-11-28,715,0,0
2025-12-14,Minggu,SKU015,Minyak Kayu Putih 60ml,Kesehatan,botol,19000,0.0,19000,15000,3,0,57000,12000,60,0,57,0,0,2027-11-28,714,0,0
2025-12-15,Senin,SKU015,Minyak Kayu Putih 60ml,Kesehatan,botol,19000,0.0,19000,15000,3,0,57000,12000,57,0,54,0,0,2027-11-28,713,0,0
2025-12-16,Selasa,SKU015,Minyak Kayu Putih 60ml,Kesehatan,botol,19000,0.0,19000,15000,6,0,114000,24000,54,0,48,0,0,2027-11-28,712,0,0
2025-12-17,Rabu,SKU015,Minyak Kayu Putih 60ml,Kesehatan,botol,19000,19.37,15300,15000,8,0,122400,2400,48,0,40,0,0,2027-11-28,711,0,0
2025-12-18,Kamis,SKU015,Minyak Kayu Putih 60ml,Kesehatan,botol,19000,0.0,19000,15000,4,0,76000,16000,40,0,36,0,0,2027-11-28,710,0,0
2025-12-19,Jumat,SKU015,Minyak Kayu Putih 60ml,Kesehatan,botol,19000,19.37,15300,15000,3,0,45900,900,36,0,33,0,0,2027-11-28,709,0,0
2025-12-20,Sabtu,SKU015,Minyak Kayu Putih 60ml,Kesehatan,botol,19000,0.0,19000,15000,7,0,133000,28000,33,0,26,0,0,2027-11-28,708,0,0
2025-12-21,Minggu,SKU015,Minyak Kayu Putih 60ml,Kesehatan,botol,19000,0.0,19000,15000,6,0,114000,24000,26,0,20,0,0,2027-11-28,707,0,0
2025-12-22,Senin,SKU015,Minyak Kayu Putih 60ml,Kesehatan,botol,19000,0.0,19000,15000,4,0,76000,16000,20,0,16,0,0,2027-11-28,706,0,0
2025-12-23,Selasa,SKU015,Minyak Kayu Putih 60ml,Kesehatan,botol,19000,0.0,19000,15000,6,0,114000,24000,16,0,10,36,0,2027-11-28,705,0,0
2025-12-24,Rabu,SKU015,Minyak Kayu Putih 60ml,Kesehatan,botol,19000,0.0,19000,15000,5,0,95000,20000,46,36,41,0,0,2027-12-14,720,0,0
2025-12-25,Kamis,SKU015,Minyak Kayu Putih 60ml,Kesehatan,botol,19000,19.37,15300,15000,6,0,91800,1800,41,0,35,0,0,2027-12-14,719,1,0
2025-12-26,Jumat,SKU015,Minyak Kayu Putih 60ml,Kesehatan,botol,19000,0.0,19000,15000,5,0,95000,20000,35,0,30,0,0,2027-12-14,718,1,0
2025-12-27,Sabtu,SKU015,Minyak Kayu Putih 60ml,Kesehatan,botol,19000,0.0,19000,15000,10,0,190000,40000,30,0,20,0,0,2027-12-14,717,1,0
2025-12-28,Minggu,SKU015,Minyak Kayu Putih 60ml,Kesehatan,botol,19000,0.0,19000,15000,4,0,76000,16000,20,0,16,0,0,2027-12-14,716,1,0
2025-12-29,Senin,SKU015,Minyak Kayu Putih 60ml,Kesehatan,botol,19000,0.0,19000,15000,2,0,38000,8000,16,0,14,0,0,2027-12-14,715,1,0
2025-12-30,Selasa,SKU015,Minyak Kayu Putih 60ml,Kesehatan,botol,19000,19.37,15300,15000,7,0,107100,2100,14,0,7,36,0,2027-12-14,714,1,0
2025-12-31,Rabu,SKU015,Minyak Kayu Putih 60ml,Kesehatan,botol,19000,0.0,19000,15000,7,1,133000,28000,7,0,0,0,0,2027-12-14,713,1,0
2026-01-01,Kamis,SKU015,Minyak Kayu Putih 60ml,Kesehatan,botol,19000,0.0,19000,15000,4,0,76000,16000,36,36,32,0,0,2027-12-22,720,1,0
2026-01-02,Jumat,SKU015,Minyak Kayu Putih 60ml,Kesehatan,botol,19000,0.0,19000,15000,4,0,76000,16000,32,0,28,0,0,2027-12-22,719,1,0
2026-01-03,Sabtu,SKU015,Minyak Kayu Putih 60ml,Kesehatan,botol,19000,0.0,19000,15000,7,0,133000,28000,28,0,21,0,0,2027-12-22,718,1,0
2026-01-04,Minggu,SKU015,Minyak Kayu Putih 60ml,Kesehatan,botol,19000,15.0,16200,15000,8,0,129600,9600,21,0,13,0,0,2027-12-22,717,1,0
2026-01-05,Senin,SKU015,Minyak Kayu Putih 60ml,Kesehatan,botol,19000,19.37,15300,15000,7,0,107100,2100,13,0,6,36,0,2027-12-22,716,1,0
2026-01-06,Selasa,SKU015,Minyak Kayu Putih 60ml,Kesehatan,botol,19000,0.0,19000,15000,1,0,19000,4000,42,36,41,0,0,2027-12-27,720,0,0
2026-01-07,Rabu,SKU015,Minyak Kayu Putih 60ml,Kesehatan,botol,19000,0.0,19000,15000,5,0,95000,20000,41,0,36,0,0,2027-12-27,719,0,0
2026-01-08,Kamis,SKU015,Minyak Kayu Putih 60ml,Kesehatan,botol,19000,0.0,19000,15000,3,0,57000,12000,36,0,33,0,0,2027-12-27,718,0,0
2026-01-09,Jumat,SKU015,Minyak Kayu Putih 60ml,Kesehatan,botol,19000,19.37,15300,15000,10,0,153000,3000,33,0,23,0,0,2027-12-27,717,0,0
2026-01-10,Sabtu,SKU015,Minyak Kayu Putih 60ml,Kesehatan,botol,19000,0.0,19000,15000,3,0,57000,12000,23,0,20,0,0,2027-12-27,716,0,0
2026-01-11,Minggu,SKU015,Minyak Kayu Putih 60ml,Kesehatan,botol,19000,0.0,19000,15000,2,0,38000,8000,20,0,18,0,0,2027-12-27,715,0,0
2026-01-12,Senin,SKU015,Minyak Kayu Putih 60ml,Kesehatan,botol,19000,0.0,19000,15000,4,0,76000,16000,18,0,14,0,0,2027-12-27,714,0,0
2026-01-13,Selasa,SKU015,Minyak Kayu Putih 60ml,Kesehatan,botol,19000,0.0,19000,15000,3,0,57000,12000,14,0,11,79,0,2027-12-27,713,0,0
2026-01-14,Rabu,SKU015,Minyak Kayu Putih 60ml,Kesehatan,botol,19000,0.0,19000,15000,7,0,133000,28000,11,0,4,0,0,2027-12-27,712,0,0
2026-01-15,Kamis,SKU015,Minyak Kayu Putih 60ml,Kesehatan,botol,19000,0.0,19000,15000,2,0,38000,8000,4,0,2,0,0,2027-12-27,711,0,0
2026-01-16,Jumat,SKU015,Minyak Kayu Putih 60ml,Kesehatan,botol,19000,0.0,19000,15000,2,0,38000,8000,81,79,79,0,0,2028-01-06,720,0,0
2026-01-17,Sabtu,SKU015,Minyak Kayu Putih 60ml,Kesehatan,botol,19000,0.0,19000,15000,5,0,95000,20000,79,0,74,0,0,2028-01-06,719,0,0
2026-01-18,Minggu,SKU015,Minyak Kayu Putih 60ml,Kesehatan,botol,19000,19.37,15300,15000,7,0,107100,2100,74,0,67,0,0,2028-01-06,718,0,0
2026-01-19,Senin,SKU015,Minyak Kayu Putih 60ml,Kesehatan,botol,19000,15.0,16200,15000,5,0,81000,6000,67,0,62,0,0,2028-01-06,717,0,0
2026-01-20,Selasa,SKU015,Minyak Kayu Putih 60ml,Kesehatan,botol,19000,0.0,19000,15000,8,0,152000,32000,62,0,54,0,0,2028-01-06,716,0,0
2026-01-21,Rabu,SKU015,Minyak Kayu Putih 60ml,Kesehatan,botol,19000,0.0,19000,15000,5,0,95000,20000,54,0,49,0,0,2028-01-06,715,0,0
2026-01-22,Kamis,SKU015,Minyak Kayu Putih 60ml,Kesehatan,botol,19000,0.0,19000,15000,6,0,114000,24000,49,0,43,0,0,2028-01-06,714,0,0
2026-01-23,Jumat,SKU015,Minyak Kayu Putih 60ml,Kesehatan,botol,19000,0.0,19000,15000,4,0,76000,16000,43,0,39,0,0,2028-01-06,713,0,0
2026-01-24,Sabtu,SKU015,Minyak Kayu Putih 60ml,Kesehatan,botol,19000,19.37,15300,15000,4,0,61200,1200,39,0,35,0,0,2028-01-06,712,0,0
2026-01-25,Minggu,SKU015,Minyak Kayu Putih 60ml,Kesehatan,botol,19000,19.37,15300,15000,5,0,76500,1500,35,0,30,0,0,2028-01-06,711,1,0
2026-01-26,Senin,SKU015,Minyak Kayu Putih 60ml,Kesehatan,botol,19000,0.0,19000,15000,6,0,114000,24000,30,0,24,0,0,2028-01-06,710,1,0
2026-01-27,Selasa,SKU015,Minyak Kayu Putih 60ml,Kesehatan,botol,19000,0.0,19000,15000,7,0,133000,28000,24,0,17,0,0,2028-01-06,709,1,0
2026-01-28,Rabu,SKU015,Minyak Kayu Putih 60ml,Kesehatan,botol,19000,12.0,16700,15000,8,0,133600,13600,17,0,9,36,0,2028-01-06,708,1,0
2026-01-29,Kamis,SKU015,Minyak Kayu Putih 60ml,Kesehatan,botol,19000,8.0,17500,15000,6,0,105000,15000,45,36,39,0,0,2028-01-19,720,1,0
2026-01-30,Jumat,SKU015,Minyak Kayu Putih 60ml,Kesehatan,botol,19000,0.0,19000,15000,7,0,133000,28000,39,0,32,0,0,2028-01-19,719,1,0
2026-01-31,Sabtu,SKU015,Minyak Kayu Putih 60ml,Kesehatan,botol,19000,0.0,19000,15000,5,0,95000,20000,32,0,27,0,0,2028-01-19,718,1,0
2026-02-01,Minggu,SKU015,Minyak Kayu Putih 60ml,Kesehatan,botol,19000,8.0,17500,15000,3,0,52500,7500,27,0,24,0,0,2028-01-19,717,1,0
2026-02-02,Senin,SKU015,Minyak Kayu Putih 60ml,Kesehatan,botol,19000,15.0,16200,15000,3,0,48600,3600,24,0,21,0,0,2028-01-19,716,1,0
2026-02-03,Selasa,SKU015,Minyak Kayu Putih 60ml,Kesehatan,botol,19000,5.0,18000,15000,2,0,36000,6000,21,0,19,0,0,2028-01-19,715,1,0
2026-02-04,Rabu,SKU015,Minyak Kayu Putih 60ml,Kesehatan,botol,19000,0.0,19000,15000,5,0,95000,20000,19,0,14,0,0,2028-01-19,714,1,0
2026-02-05,Kamis,SKU015,Minyak Kayu Putih 60ml,Kesehatan,botol,19000,0.0,19000,15000,5,0,95000,20000,14,0,9,36,0,2028-01-19,713,1,0
2026-02-06,Jumat,SKU015,Minyak Kayu Putih 60ml,Kesehatan,botol,19000,0.0,19000,15000,3,0,57000,12000,45,36,42,0,0,2028-01-27,720,0,0
2026-02-07,Sabtu,SKU015,Minyak Kayu Putih 60ml,Kesehatan,botol,19000,5.0,18000,15000,6,0,108000,18000,42,0,36,0,0,2028-01-27,719,0,0
2026-02-08,Minggu,SKU015,Minyak Kayu Putih 60ml,Kesehatan,botol,19000,0.0,19000,15000,9,0,171000,36000,36,0,27,0,0,2028-01-27,718,0,0
2026-02-09,Senin,SKU015,Minyak Kayu Putih 60ml,Kesehatan,botol,19000,15.0,16200,15000,4,0,64800,4800,27,0,23,0,0,2028-01-27,717,0,0
2026-02-10,Selasa,SKU015,Minyak Kayu Putih 60ml,Kesehatan,botol,19000,0.0,19000,15000,6,0,114000,24000,23,0,17,0,0,2028-01-27,716,0,0
2026-02-11,Rabu,SKU015,Minyak Kayu Putih 60ml,Kesehatan,botol,19000,5.0,18000,15000,4,0,72000,12000,17,0,13,0,0,2028-01-27,715,0,0
2026-02-12,Kamis,SKU015,Minyak Kayu Putih 60ml,Kesehatan,botol,19000,0.0,19000,15000,1,0,19000,4000,13,0,12,0,0,2028-01-27,714,0,0
2026-02-13,Jumat,SKU015,Minyak Kayu Putih 60ml,Kesehatan,botol,19000,0.0,19000,15000,4,0,76000,16000,12,0,8,79,0,2028-01-27,713,0,0
2026-02-14,Sabtu,SKU015,Minyak Kayu Putih 60ml,Kesehatan,botol,19000,0.0,19000,15000,6,0,114000,24000,8,0,2,0,0,2028-01-27,712,0,0
2026-02-15,Minggu,SKU015,Minyak Kayu Putih 60ml,Kesehatan,botol,19000,0.0,19000,15000,2,0,38000,8000,81,79,79,0,0,2028-02-05,720,0,0
2026-02-16,Senin,SKU015,Minyak Kayu Putih 60ml,Kesehatan,botol,19000,12.0,16700,15000,3,0,50100,5100,79,0,76,0,0,2028-02-05,719,0,0
2026-02-17,Selasa,SKU015,Minyak Kayu Putih 60ml,Kesehatan,botol,19000,10.0,17100,15000,8,0,136800,16800,76,0,68,0,0,2028-02-05,718,0,1
2026-02-18,Rabu,SKU015,Minyak Kayu Putih 60ml,Kesehatan,botol,19000,0.0,19000,15000,4,0,76000,16000,68,0,64,0,0,2028-02-05,717,0,1
2026-02-19,Kamis,SKU015,Minyak Kayu Putih 60ml,Kesehatan,botol,19000,0.0,19000,15000,5,0,95000,20000,64,0,59,0,0,2028-02-05,716,0,1
2026-02-20,Jumat,SKU015,Minyak Kayu Putih 60ml,Kesehatan,botol,19000,19.37,15300,15000,7,0,107100,2100,59,0,52,0,0,2028-02-05,715,0,1
2026-02-21,Sabtu,SKU015,Minyak Kayu Putih 60ml,Kesehatan,botol,19000,0.0,19000,15000,1,0,19000,4000,52,0,51,0,0,2028-02-05,714,0,1
2026-02-22,Minggu,SKU015,Minyak Kayu Putih 60ml,Kesehatan,botol,19000,0.0,19000,15000,5,0,95000,20000,51,0,46,0,0,2028-02-05,713,0,1
2026-02-23,Senin,SKU015,Minyak Kayu Putih 60ml,Kesehatan,botol,19000,12.0,16700,15000,8,0,133600,13600,46,0,38,0,0,2028-02-05,712,0,1
2026-02-24,Selasa,SKU015,Minyak Kayu Putih 60ml,Kesehatan,botol,19000,19.37,15300,15000,6,0,91800,1800,38,0,32,0,0,2028-02-05,711,0,1
2026-02-25,Rabu,SKU015,Minyak Kayu Putih 60ml,Kesehatan,botol,19000,0.0,19000,15000,2,0,38000,8000,32,0,30,0,0,2028-02-05,710,1,1
2026-02-26,Kamis,SKU015,Minyak Kayu Putih 60ml,Kesehatan,botol,19000,0.0,19000,15000,6,0,114000,24000,30,0,24,0,0,2028-02-05,709,1,1
2026-02-27,Jumat,SKU015,Minyak Kayu Putih 60ml,Kesehatan,botol,19000,0.0,19000,15000,6,0,114000,24000,24,0,18,0,0,2028-02-05,708,1,1
2026-02-28,Sabtu,SKU015,Minyak Kayu Putih 60ml,Kesehatan,botol,19000,0.0,19000,15000,9,0,171000,36000,18,0,9,36,0,2028-02-05,707,1,1
2026-03-01,Minggu,SKU015,Minyak Kayu Putih 60ml,Kesehatan,botol,19000,0.0,19000,15000,10,0,190000,40000,45,36,35,0,0,2028-02-19,720,1,1
2026-03-02,Senin,SKU015,Minyak Kayu Putih 60ml,Kesehatan,botol,19000,0.0,19000,15000,2,0,38000,8000,35,0,33,0,0,2028-02-19,719,1,1
2026-03-03,Selasa,SKU015,Minyak Kayu Putih 60ml,Kesehatan,botol,19000,19.37,15300,15000,5,0,76500,1500,33,0,28,0,0,2028-02-19,718,1,1
2026-03-04,Rabu,SKU015,Minyak Kayu Putih 60ml,Kesehatan,botol,19000,0.0,19000,15000,6,0,114000,24000,28,0,22,0,0,2028-02-19,717,1,1
2026-03-05,Kamis,SKU015,Minyak Kayu Putih 60ml,Kesehatan,botol,19000,0.0,19000,15000,5,0,95000,20000,22,0,17,0,0,2028-02-19,716,1,1
2026-03-06,Jumat,SKU015,Minyak Kayu Putih 60ml,Kesehatan,botol,19000,10.0,17100,15000,3,0,51300,6300,17,0,14,0,0,2028-02-19,715,0,1
2026-03-07,Sabtu,SKU015,Minyak Kayu Putih 60ml,Kesehatan,botol,19000,0.0,19000,15000,2,0,38000,8000,14,0,12,0,0,2028-02-19,714,0,1
2026-03-08,Minggu,SKU015,Minyak Kayu Putih 60ml,Kesehatan,botol,19000,0.0,19000,15000,5,0,95000,20000,12,0,7,79,0,2028-02-19,713,0,1
2026-03-09,Senin,SKU015,Minyak Kayu Putih 60ml,Kesehatan,botol,19000,0.0,19000,15000,2,0,38000,8000,7,0,5,0,0,2028-02-19,712,0,1
2026-03-10,Selasa,SKU015,Minyak Kayu Putih 60ml,Kesehatan,botol,19000,0.0,19000,15000,3,0,57000,12000,5,0,2,0,0,2028-02-19,711,0,1
2026-03-11,Rabu,SKU015,Minyak Kayu Putih 60ml,Kesehatan,botol,19000,0.0,19000,15000,2,0,38000,8000,81,79,79,0,0,2028-02-29,720,0,1
2026-03-12,Kamis,SKU015,Minyak Kayu Putih 60ml,Kesehatan,botol,19000,18.0,15600,15000,5,0,78000,3000,79,0,74,0,0,2028-02-29,719,0,1
2026-03-13,Jumat,SKU015,Minyak Kayu Putih 60ml,Kesehatan,botol,19000,5.0,18000,15000,11,0,198000,33000,74,0,63,0,0,2028-02-29,718,0,1
2026-03-14,Sabtu,SKU015,Minyak Kayu Putih 60ml,Kesehatan,botol,19000,0.0,19000,15000,4,0,76000,16000,63,0,59,0,0,2028-02-29,717,0,1
2026-03-15,Minggu,SKU015,Minyak Kayu Putih 60ml,Kesehatan,botol,19000,0.0,19000,15000,7,0,133000,28000,59,0,52,0,0,2028-02-29,716,0,1
2026-03-16,Senin,SKU015,Minyak Kayu Putih 60ml,Kesehatan,botol,19000,10.0,17100,15000,6,0,102600,12600,52,0,46,0,0,2028-02-29,715,0,1
2026-03-17,Selasa,SKU015,Minyak Kayu Putih 60ml,Kesehatan,botol,19000,19.37,15300,15000,5,0,76500,1500,46,0,41,0,0,2028-02-29,714,0,1
2026-03-18,Rabu,SKU015,Minyak Kayu Putih 60ml,Kesehatan,botol,19000,0.0,19000,15000,4,0,76000,16000,41,0,37,0,0,2028-02-29,713,0,1
2026-03-19,Kamis,SKU015,Minyak Kayu Putih 60ml,Kesehatan,botol,19000,8.0,17500,15000,3,0,52500,7500,37,0,34,0,0,2028-02-29,712,0,1
2026-03-20,Jumat,SKU015,Minyak Kayu Putih 60ml,Kesehatan,botol,19000,19.37,15300,15000,5,0,76500,1500,34,0,29,0,0,2028-02-29,711,0,0
2026-03-21,Sabtu,SKU015,Minyak Kayu Putih 60ml,Kesehatan,botol,19000,12.0,16700,15000,2,0,33400,3400,29,0,27,0,0,2028-02-29,710,0,0
2026-03-22,Minggu,SKU015,Minyak Kayu Putih 60ml,Kesehatan,botol,19000,0.0,19000,15000,4,0,76000,16000,27,0,23,0,0,2028-02-29,709,0,0
2026-03-23,Senin,SKU015,Minyak Kayu Putih 60ml,Kesehatan,botol,19000,10.0,17100,15000,1,0,17100,2100,23,0,22,0,0,2028-02-29,708,0,0
2026-03-24,Selasa,SKU015,Minyak Kayu Putih 60ml,Kesehatan,botol,19000,5.0,18000,15000,2,0,36000,6000,22,0,20,0,0,2028-02-29,707,0,0
2026-03-25,Rabu,SKU015,Minyak Kayu Putih 60ml,Kesehatan,botol,19000,0.0,19000,15000,1,0,19000,4000,20,0,19,0,0,2028-02-29,706,1,0
2026-03-26,Kamis,SKU015,Minyak Kayu Putih 60ml,Kesehatan,botol,19000,19.37,15300,15000,4,0,61200,1200,19,0,15,0,0,2028-02-29,705,1,0
2026-03-27,Jumat,SKU015,Minyak Kayu Putih 60ml,Kesehatan,botol,19000,0.0,19000,15000,5,0,95000,20000,15,0,10,36,0,2028-02-29,704,1,0
2026-03-28,Sabtu,SKU015,Minyak Kayu Putih 60ml,Kesehatan,botol,19000,0.0,19000,15000,6,0,114000,24000,10,0,4,0,0,2028-02-29,703,1,0
2026-03-29,Minggu,SKU015,Minyak Kayu Putih 60ml,Kesehatan,botol,19000,0.0,19000,15000,4,3,76000,16000,4,0,0,0,0,2028-02-29,702,1,0
2026-03-30,Senin,SKU015,Minyak Kayu Putih 60ml,Kesehatan,botol,19000,0.0,19000,15000,4,0,76000,16000,36,36,32,0,0,2028-03-19,720,1,0
2026-03-31,Selasa,SKU015,Minyak Kayu Putih 60ml,Kesehatan,botol,19000,0.0,19000,15000,6,0,114000,24000,32,0,26,0,0,2028-03-19,719,1,0
2026-04-01,Rabu,SKU015,Minyak Kayu Putih 60ml,Kesehatan,botol,19000,0.0,19000,15000,4,0,76000,16000,26,0,22,0,0,2028-03-19,718,1,0
2026-04-02,Kamis,SKU015,Minyak Kayu Putih 60ml,Kesehatan,botol,19000,0.0,19000,15000,2,0,38000,8000,22,0,20,0,0,2028-03-19,717,1,0
2026-04-03,Jumat,SKU015,Minyak Kayu Putih 60ml,Kesehatan,botol,19000,0.0,19000,15000,2,0,38000,8000,20,0,18,0,0,2028-03-19,716,1,0
2026-04-04,Sabtu,SKU015,Minyak Kayu Putih 60ml,Kesehatan,botol,19000,0.0,19000,15000,7,0,133000,28000,18,0,11,36,0,2028-03-19,715,1,0
2026-04-05,Minggu,SKU015,Minyak Kayu Putih 60ml,Kesehatan,botol,19000,0.0,19000,15000,8,0,152000,32000,11,0,3,0,0,2028-03-19,714,1,0
2026-04-06,Senin,SKU015,Minyak Kayu Putih 60ml,Kesehatan,botol,19000,0.0,19000,15000,3,0,57000,12000,3,0,0,0,0,2028-03-19,713,0,0
2026-04-07,Selasa,SKU015,Minyak Kayu Putih 60ml,Kesehatan,botol,19000,12.0,16700,15000,3,0,50100,5100,36,36,33,0,0,2028-03-27,720,0,0
2026-04-08,Rabu,SKU015,Minyak Kayu Putih 60ml,Kesehatan,botol,19000,0.0,19000,15000,8,0,152000,32000,33,0,25,0,0,2028-03-27,719,0,0
2026-04-09,Kamis,SKU015,Minyak Kayu Putih 60ml,Kesehatan,botol,19000,8.0,17500,15000,2,0,35000,5000,25,0,23,0,0,2028-03-27,718,0,0
2026-04-10,Jumat,SKU015,Minyak Kayu Putih 60ml,Kesehatan,botol,19000,0.0,19000,15000,1,0,19000,4000,23,0,22,0,0,2028-03-27,717,0,0
2026-04-11,Sabtu,SKU015,Minyak Kayu Putih 60ml,Kesehatan,botol,19000,19.37,15300,15000,6,0,91800,1800,22,0,16,0,0,2028-03-27,716,0,0
2026-04-12,Minggu,SKU015,Minyak Kayu Putih 60ml,Kesehatan,botol,19000,0.0,19000,15000,4,0,76000,16000,16,0,12,0,0,2028-03-27,715,0,0
2026-04-13,Senin,SKU015,Minyak Kayu Putih 60ml,Kesehatan,botol,19000,8.0,17500,15000,6,0,105000,15000,12,0,6,36,0,2028-03-27,714,0,0
2026-04-14,Selasa,SKU015,Minyak Kayu Putih 60ml,Kesehatan,botol,19000,0.0,19000,15000,1,0,19000,4000,42,36,41,0,0,2028-04-03,720,0,0
2026-04-15,Rabu,SKU015,Minyak Kayu Putih 60ml,Kesehatan,botol,19000,8.0,17500,15000,3,0,52500,7500,41,0,38,0,0,2028-04-03,719,0,0
2026-04-16,Kamis,SKU015,Minyak Kayu Putih 60ml,Kesehatan,botol,19000,0.0,19000,15000,3,0,57000,12000,38,0,35,0,0,2028-04-03,718,0,0
2026-04-17,Jumat,SKU015,Minyak Kayu Putih 60ml,Kesehatan,botol,19000,15.0,16200,15000,4,0,64800,4800,35,0,31,0,0,2028-04-03,717,0,0
2026-04-18,Sabtu,SKU015,Minyak Kayu Putih 60ml,Kesehatan,botol,19000,12.0,16700,15000,14,0,233800,23800,31,0,17,0,0,2028-04-03,716,0,0
2026-04-19,Minggu,SKU015,Minyak Kayu Putih 60ml,Kesehatan,botol,19000,0.0,19000,15000,4,0,76000,16000,17,0,13,0,0,2028-04-03,715,0,0
2026-04-20,Senin,SKU015,Minyak Kayu Putih 60ml,Kesehatan,botol,19000,0.0,19000,15000,4,0,76000,16000,13,0,9,79,0,2028-04-03,714,0,0
2026-04-21,Selasa,SKU015,Minyak Kayu Putih 60ml,Kesehatan,botol,19000,0.0,19000,15000,2,0,38000,8000,9,0,7,0,0,2028-04-03,713,0,0
2026-04-22,Rabu,SKU015,Minyak Kayu Putih 60ml,Kesehatan,botol,19000,19.37,15300,15000,7,1,107100,2100,7,0,0,0,0,2028-04-03,712,0,0
2026-04-23,Kamis,SKU015,Minyak Kayu Putih 60ml,Kesehatan,botol,19000,5.0,18000,15000,3,0,54000,9000,79,79,76,0,0,2028-04-12,720,0,0
2026-04-24,Jumat,SKU015,Minyak Kayu Putih 60ml,Kesehatan,botol,19000,0.0,19000,15000,4,0,76000,16000,76,0,72,0,0,2028-04-12,719,0,0
2026-04-25,Sabtu,SKU015,Minyak Kayu Putih 60ml,Kesehatan,botol,19000,0.0,19000,15000,8,0,152000,32000,72,0,64,0,0,2028-04-12,718,1,0
2026-04-26,Minggu,SKU015,Minyak Kayu Putih 60ml,Kesehatan,botol,19000,0.0,19000,15000,3,0,57000,12000,64,0,61,0,0,2028-04-12,717,1,0
2026-04-27,Senin,SKU015,Minyak Kayu Putih 60ml,Kesehatan,botol,19000,0.0,19000,15000,1,0,19000,4000,61,0,60,0,0,2028-04-12,716,1,0
2026-04-28,Selasa,SKU015,Minyak Kayu Putih 60ml,Kesehatan,botol,19000,19.37,15300,15000,12,0,183600,3600,60,0,48,0,0,2028-04-12,715,1,0
2026-04-29,Rabu,SKU015,Minyak Kayu Putih 60ml,Kesehatan,botol,19000,0.0,19000,15000,4,0,76000,16000,48,0,44,0,0,2028-04-12,714,1,0
2026-04-30,Kamis,SKU015,Minyak Kayu Putih 60ml,Kesehatan,botol,19000,0.0,19000,15000,6,0,114000,24000,44,0,38,0,0,2028-04-12,713,1,0
2026-05-01,Jumat,SKU015,Minyak Kayu Putih 60ml,Kesehatan,botol,19000,0.0,19000,15000,4,0,76000,16000,38,0,34,0,0,2028-04-12,712,1,0
2026-05-02,Sabtu,SKU015,Minyak Kayu Putih 60ml,Kesehatan,botol,19000,5.0,18000,15000,6,0,108000,18000,34,0,28,0,0,2028-04-12,711,1,0
2026-05-03,Minggu,SKU015,Minyak Kayu Putih 60ml,Kesehatan,botol,19000,0.0,19000,15000,9,0,171000,36000,28,0,19,0,0,2028-04-12,710,1,0
2026-05-04,Senin,SKU015,Minyak Kayu Putih 60ml,Kesehatan,botol,19000,19.37,15300,15000,4,0,61200,1200,19,0,15,0,0,2028-04-12,709,1,0
2026-05-05,Selasa,SKU015,Minyak Kayu Putih 60ml,Kesehatan,botol,19000,0.0,19000,15000,8,0,152000,32000,15,0,7,36,0,2028-04-12,708,1,0
2026-05-06,Rabu,SKU015,Minyak Kayu Putih 60ml,Kesehatan,botol,19000,0.0,19000,15000,6,0,114000,24000,7,0,1,0,0,2028-04-12,707,0,0
2026-05-07,Kamis,SKU015,Minyak Kayu Putih 60ml,Kesehatan,botol,19000,0.0,19000,15000,3,0,57000,12000,37,36,34,0,0,2028-04-26,720,0,0
2026-05-08,Jumat,SKU015,Minyak Kayu Putih 60ml,Kesehatan,botol,19000,10.0,17100,15000,3,0,51300,6300,34,0,31,0,0,2028-04-26,719,0,0
2026-05-09,Sabtu,SKU015,Minyak Kayu Putih 60ml,Kesehatan,botol,19000,18.0,15600,15000,2,0,31200,1200,31,0,29,0,0,2028-04-26,718,0,0
2026-05-10,Minggu,SKU015,Minyak Kayu Putih 60ml,Kesehatan,botol,19000,12.0,16700,15000,5,0,83500,8500,29,0,24,0,0,2028-04-26,717,0,0
2026-05-11,Senin,SKU015,Minyak Kayu Putih 60ml,Kesehatan,botol,19000,0.0,19000,15000,2,0,38000,8000,24,0,22,0,0,2028-04-26,716,0,0
2026-05-12,Selasa,SKU015,Minyak Kayu Putih 60ml,Kesehatan,botol,19000,5.0,18000,15000,2,0,36000,6000,22,0,20,0,0,2028-04-26,715,0,0
2026-05-13,Rabu,SKU015,Minyak Kayu Putih 60ml,Kesehatan,botol,19000,0.0,19000,15000,2,0,38000,8000,20,0,18,0,0,2028-04-26,714,0,0
2026-05-14,Kamis,SKU015,Minyak Kayu Putih 60ml,Kesehatan,botol,19000,0.0,19000,15000,5,0,95000,20000,18,0,13,0,0,2028-04-26,713,0,0
2026-05-15,Jumat,SKU015,Minyak Kayu Putih 60ml,Kesehatan,botol,19000,0.0,19000,15000,13,0,247000,52000,13,0,0,36,0,2028-04-26,712,0,0
2026-05-16,Sabtu,SKU015,Minyak Kayu Putih 60ml,Kesehatan,botol,19000,19.37,15300,15000,5,0,76500,1500,36,36,31,0,0,2028-05-05,720,0,0
2026-05-17,Minggu,SKU015,Minyak Kayu Putih 60ml,Kesehatan,botol,19000,0.0,19000,15000,5,0,95000,20000,31,0,26,0,0,2028-05-05,719,0,0
2026-05-18,Senin,SKU015,Minyak Kayu Putih 60ml,Kesehatan,botol,19000,0.0,19000,15000,5,0,95000,20000,26,0,21,0,0,2028-05-05,718,0,0
2026-05-19,Selasa,SKU015,Minyak Kayu Putih 60ml,Kesehatan,botol,19000,0.0,19000,15000,3,0,57000,12000,21,0,18,0,0,2028-05-05,717,0,0
2026-05-20,Rabu,SKU015,Minyak Kayu Putih 60ml,Kesehatan,botol,19000,5.0,18000,15000,1,0,18000,3000,18,0,17,0,0,2028-05-05,716,0,0
2026-05-21,Kamis,SKU015,Minyak Kayu Putih 60ml,Kesehatan,botol,19000,19.37,15300,15000,1,0,15300,300,17,0,16,0,0,2028-05-05,715,0,0
2026-05-22,Jumat,SKU015,Minyak Kayu Putih 60ml,Kesehatan,botol,19000,0.0,19000,15000,7,0,133000,28000,16,0,9,36,0,2028-05-05,714,0,0
2026-05-23,Sabtu,SKU015,Minyak Kayu Putih 60ml,Kesehatan,botol,19000,0.0,19000,15000,6,0,114000,24000,9,0,3,0,0,2028-05-05,713,0,0
2026-05-24,Minggu,SKU015,Minyak Kayu Putih 60ml,Kesehatan,botol,19000,0.0,19000,15000,8,0,152000,32000,39,36,31,0,0,2028-05-13,720,0,0
2026-05-25,Senin,SKU015,Minyak Kayu Putih 60ml,Kesehatan,botol,19000,0.0,19000,15000,5,0,95000,20000,31,0,26,0,0,2028-05-13,719,1,0
2026-05-26,Selasa,SKU015,Minyak Kayu Putih 60ml,Kesehatan,botol,19000,0.0,19000,15000,7,0,133000,28000,26,0,19,0,0,2028-05-13,718,1,0
2026-05-27,Rabu,SKU015,Minyak Kayu Putih 60ml,Kesehatan,botol,19000,8.0,17500,15000,6,0,105000,15000,19,0,13,0,0,2028-05-13,717,1,0
2026-05-28,Kamis,SKU015,Minyak Kayu Putih 60ml,Kesehatan,botol,19000,0.0,19000,15000,3,0,57000,12000,13,0,10,36,0,2028-05-13,716,1,0
2026-05-29,Jumat,SKU015,Minyak Kayu Putih 60ml,Kesehatan,botol,19000,0.0,19000,15000,6,0,114000,24000,10,0,4,0,0,2028-05-13,715,1,0
2026-05-30,Sabtu,SKU015,Minyak Kayu Putih 60ml,Kesehatan,botol,19000,0.0,19000,15000,4,5,76000,16000,4,0,0,0,0,2028-05-13,714,1,0
2026-05-31,Minggu,SKU015,Minyak Kayu Putih 60ml,Kesehatan,botol,19000,18.0,15600,15000,7,0,109200,4200,36,36,29,0,0,2028-05-20,720,1,0
2026-06-01,Senin,SKU015,Minyak Kayu Putih 60ml,Kesehatan,botol,19000,19.37,15300,15000,4,0,61200,1200,29,0,25,0,0,2028-05-20,719,1,0
2026-06-02,Selasa,SKU015,Minyak Kayu Putih 60ml,Kesehatan,botol,19000,0.0,19000,15000,8,0,152000,32000,25,0,17,0,0,2028-05-20,718,1,0
2026-06-03,Rabu,SKU015,Minyak Kayu Putih 60ml,Kesehatan,botol,19000,0.0,19000,15000,2,0,38000,8000,17,0,15,0,0,2028-05-20,717,1,0
2026-06-04,Kamis,SKU015,Minyak Kayu Putih 60ml,Kesehatan,botol,19000,0.0,19000,15000,3,0,57000,12000,15,0,12,0,0,2028-05-20,716,1,0
2026-06-05,Jumat,SKU015,Minyak Kayu Putih 60ml,Kesehatan,botol,19000,0.0,19000,15000,3,0,57000,12000,12,0,9,36,0,2028-05-20,715,1,0
2026-06-06,Sabtu,SKU015,Minyak Kayu Putih 60ml,Kesehatan,botol,19000,19.37,15300,15000,8,0,122400,2400,45,36,37,0,0,2028-05-26,720,0,0
2026-06-07,Minggu,SKU015,Minyak Kayu Putih 60ml,Kesehatan,botol,19000,0.0,19000,15000,7,0,133000,28000,37,0,30,0,0,2028-05-26,719,0,0
2026-06-08,Senin,SKU015,Minyak Kayu Putih 60ml,Kesehatan,botol,19000,0.0,19000,15000,3,0,57000,12000,30,0,27,0,0,2028-05-26,718,0,0
2026-06-09,Selasa,SKU015,Minyak Kayu Putih 60ml,Kesehatan,botol,19000,0.0,19000,15000,4,0,76000,16000,27,0,23,0,0,2028-05-26,717,0,0
2026-06-10,Rabu,SKU015,Minyak Kayu Putih 60ml,Kesehatan,botol,19000,15.0,16200,15000,3,0,48600,3600,23,0,20,0,0,2028-05-26,716,0,0
2026-06-11,Kamis,SKU015,Minyak Kayu Putih 60ml,Kesehatan,botol,19000,0.0,19000,15000,3,0,57000,12000,20,0,17,0,0,2028-05-26,715,0,0
2026-06-12,Jumat,SKU015,Minyak Kayu Putih 60ml,Kesehatan,botol,19000,0.0,19000,15000,3,0,57000,12000,17,0,14,0,0,2028-05-26,714,0,0
2026-06-13,Sabtu,SKU015,Minyak Kayu Putih 60ml,Kesehatan,botol,19000,0.0,19000,15000,3,0,57000,12000,14,0,11,79,0,2028-05-26,713,0,0
2026-06-14,Minggu,SKU015,Minyak Kayu Putih 60ml,Kesehatan,botol,19000,0.0,19000,15000,2,0,38000,8000,11,0,9,0,0,2028-05-26,712,0,0
2026-06-15,Senin,SKU015,Minyak Kayu Putih 60ml,Kesehatan,botol,19000,0.0,19000,15000,6,0,114000,24000,88,79,82,0,0,2028-06-04,720,0,0
2026-06-16,Selasa,SKU015,Minyak Kayu Putih 60ml,Kesehatan,botol,19000,0.0,19000,15000,4,0,76000,16000,82,0,78,0,0,2028-06-04,719,0,0
2026-06-17,Rabu,SKU015,Minyak Kayu Putih 60ml,Kesehatan,botol,19000,0.0,19000,15000,2,0,38000,8000,78,0,76,0,0,2028-06-04,718,0,0
2026-06-18,Kamis,SKU015,Minyak Kayu Putih 60ml,Kesehatan,botol,19000,15.0,16200,15000,6,0,97200,7200,76,0,70,0,0,2028-06-04,717,0,0
2026-06-19,Jumat,SKU015,Minyak Kayu Putih 60ml,Kesehatan,botol,19000,18.0,15600,15000,7,0,109200,4200,70,0,63,0,0,2028-06-04,716,0,0
2026-06-20,Sabtu,SKU015,Minyak Kayu Putih 60ml,Kesehatan,botol,19000,8.0,17500,15000,4,0,70000,10000,63,0,59,0,0,2028-06-04,715,0,0
2026-06-21,Minggu,SKU015,Minyak Kayu Putih 60ml,Kesehatan,botol,19000,0.0,19000,15000,2,0,38000,8000,59,0,57,0,0,2028-06-04,714,0,0
2026-06-22,Senin,SKU015,Minyak Kayu Putih 60ml,Kesehatan,botol,19000,0.0,19000,15000,4,0,76000,16000,57,0,53,0,0,2028-06-04,713,0,0
2026-06-23,Selasa,SKU015,Minyak Kayu Putih 60ml,Kesehatan,botol,19000,18.0,15600,15000,1,0,15600,600,53,0,52,0,0,2028-06-04,712,0,0
2026-06-24,Rabu,SKU015,Minyak Kayu Putih 60ml,Kesehatan,botol,19000,0.0,19000,15000,2,0,38000,8000,52,0,50,0,0,2028-06-04,711,0,0
2026-06-25,Kamis,SKU015,Minyak Kayu Putih 60ml,Kesehatan,botol,19000,0.0,19000,15000,2,0,38000,8000,50,0,48,0,0,2028-06-04,710,1,0
2026-06-26,Jumat,SKU015,Minyak Kayu Putih 60ml,Kesehatan,botol,19000,0.0,19000,15000,8,0,152000,32000,48,0,40,0,0,2028-06-04,709,1,0
2026-06-27,Sabtu,SKU015,Minyak Kayu Putih 60ml,Kesehatan,botol,19000,0.0,19000,15000,10,0,190000,40000,40,0,30,0,0,2028-06-04,708,1,0
2026-06-28,Minggu,SKU015,Minyak Kayu Putih 60ml,Kesehatan,botol,19000,0.0,19000,15000,5,0,95000,20000,30,0,25,0,0,2028-06-04,707,1,0
2026-06-29,Senin,SKU015,Minyak Kayu Putih 60ml,Kesehatan,botol,19000,0.0,19000,15000,6,0,114000,24000,25,0,19,0,0,2028-06-04,706,1,0
2026-06-30,Selasa,SKU015,Minyak Kayu Putih 60ml,Kesehatan,botol,19000,0.0,19000,15000,3,0,57000,12000,19,0,16,0,0,2028-06-04,705,1,0
2026-07-01,Rabu,SKU015,Minyak Kayu Putih 60ml,Kesehatan,botol,19000,0.0,19000,15000,2,0,38000,8000,16,0,14,0,0,2028-06-04,704,1,0
2026-07-02,Kamis,SKU015,Minyak Kayu Putih 60ml,Kesehatan,botol,19000,12.0,16700,15000,2,0,33400,3400,14,0,12,0,0,2028-06-04,703,1,0
2026-07-03,Jumat,SKU015,Minyak Kayu Putih 60ml,Kesehatan,botol,19000,0.0,19000,15000,6,0,114000,24000,12,0,6,36,0,2028-06-04,702,1,0
2026-07-04,Sabtu,SKU015,Minyak Kayu Putih 60ml,Kesehatan,botol,19000,0.0,19000,15000,5,0,95000,20000,6,0,1,0,0,2028-06-04,701,1,0
2026-07-05,Minggu,SKU015,Minyak Kayu Putih 60ml,Kesehatan,botol,19000,19.37,15300,15000,1,6,15300,300,1,0,0,0,0,2028-06-04,700,1,0
2026-07-06,Senin,SKU015,Minyak Kayu Putih 60ml,Kesehatan,botol,19000,0.0,19000,15000,3,0,57000,12000,36,36,33,0,0,2028-06-25,720,0,0
2026-07-07,Selasa,SKU015,Minyak Kayu Putih 60ml,Kesehatan,botol,19000,0.0,19000,15000,3,0,57000,12000,33,0,30,0,0,2028-06-25,719,0,0
2026-07-08,Rabu,SKU015,Minyak Kayu Putih 60ml,Kesehatan,botol,19000,10.0,17100,15000,3,0,51300,6300,30,0,27,0,0,2028-06-25,718,0,0
2026-07-09,Kamis,SKU015,Minyak Kayu Putih 60ml,Kesehatan,botol,19000,0.0,19000,15000,5,0,95000,20000,27,0,22,0,0,2028-06-25,717,0,0
2026-07-10,Jumat,SKU015,Minyak Kayu Putih 60ml,Kesehatan,botol,19000,0.0,19000,15000,12,0,228000,48000,22,0,10,36,0,2028-06-25,716,0,0
2026-07-11,Sabtu,SKU015,Minyak Kayu Putih 60ml,Kesehatan,botol,19000,0.0,19000,15000,9,0,171000,36000,10,0,1,0,0,2028-06-25,715,0,0
2026-07-12,Minggu,SKU015,Minyak Kayu Putih 60ml,Kesehatan,botol,19000,0.0,19000,15000,4,0,76000,16000,37,36,33,0,0,2028-07-01,720,0,0
2026-07-13,Senin,SKU015,Minyak Kayu Putih 60ml,Kesehatan,botol,19000,19.37,15300,15000,4,0,61200,1200,33,0,29,0,0,2028-07-01,719,0,0
2026-07-14,Selasa,SKU015,Minyak Kayu Putih 60ml,Kesehatan,botol,19000,0.0,19000,15000,3,0,57000,12000,29,0,26,0,0,2028-07-01,718,0,0
2026-07-15,Rabu,SKU015,Minyak Kayu Putih 60ml,Kesehatan,botol,19000,19.37,15300,15000,3,0,45900,900,26,0,23,0,0,2028-07-01,717,0,0
2026-07-16,Kamis,SKU015,Minyak Kayu Putih 60ml,Kesehatan,botol,19000,0.0,19000,15000,5,0,95000,20000,23,0,18,0,0,2028-07-01,716,0,0
2026-07-17,Jumat,SKU015,Minyak Kayu Putih 60ml,Kesehatan,botol,19000,0.0,19000,15000,5,0,95000,20000,18,0,13,0,0,2028-07-01,715,0,0
2026-07-18,Sabtu,SKU015,Minyak Kayu Putih 60ml,Kesehatan,botol,19000,0.0,19000,15000,5,0,95000,20000,13,0,8,36,0,2028-07-01,714,0,0
2026-07-19,Minggu,SKU015,Minyak Kayu Putih 60ml,Kesehatan,botol,19000,0.0,19000,15000,6,0,114000,24000,44,36,38,0,0,2028-07-08,720,0,0
2026-07-20,Senin,SKU015,Minyak Kayu Putih 60ml,Kesehatan,botol,19000,5.0,18000,15000,7,0,126000,21000,38,0,31,0,0,2028-07-08,719,0,0
2026-07-21,Selasa,SKU015,Minyak Kayu Putih 60ml,Kesehatan,botol,19000,8.0,17500,15000,3,0,52500,7500,31,0,28,0,0,2028-07-08,718,0,0
2026-07-22,Rabu,SKU015,Minyak Kayu Putih 60ml,Kesehatan,botol,19000,18.0,15600,15000,4,0,62400,2400,28,0,24,0,0,2028-07-08,717,0,0
2026-07-23,Kamis,SKU015,Minyak Kayu Putih 60ml,Kesehatan,botol,19000,19.37,15300,15000,8,0,122400,2400,24,0,16,0,0,2028-07-08,716,0,0
2026-07-24,Jumat,SKU015,Minyak Kayu Putih 60ml,Kesehatan,botol,19000,0.0,19000,15000,4,0,76000,16000,16,0,12,0,0,2028-07-08,715,0,0
2026-07-25,Sabtu,SKU015,Minyak Kayu Putih 60ml,Kesehatan,botol,19000,0.0,19000,15000,5,0,95000,20000,12,0,7,36,0,2028-07-08,714,1,0
2026-07-26,Minggu,SKU015,Minyak Kayu Putih 60ml,Kesehatan,botol,19000,19.37,15300,15000,7,0,107100,2100,7,0,0,0,0,2028-07-08,713,1,0
2026-07-27,Senin,SKU015,Minyak Kayu Putih 60ml,Kesehatan,botol,19000,19.37,15300,15000,0,5,0,0,0,0,0,0,0,2028-07-08,712,1,0
2026-07-28,Selasa,SKU015,Minyak Kayu Putih 60ml,Kesehatan,botol,19000,0.0,19000,15000,2,0,38000,8000,36,36,34,0,0,2028-07-17,720,1,0
2026-07-29,Rabu,SKU015,Minyak Kayu Putih 60ml,Kesehatan,botol,19000,0.0,19000,15000,3,0,57000,12000,34,0,31,0,0,2028-07-17,719,1,0
2026-07-30,Kamis,SKU015,Minyak Kayu Putih 60ml,Kesehatan,botol,19000,19.37,15300,15000,5,0,76500,1500,31,0,26,0,0,2028-07-17,718,1,0
2026-07-31,Jumat,SKU015,Minyak Kayu Putih 60ml,Kesehatan,botol,19000,8.0,17500,15000,7,0,122500,17500,26,0,19,0,0,2028-07-17,717,1,0
2026-08-01,Sabtu,SKU015,Minyak Kayu Putih 60ml,Kesehatan,botol,19000,0.0,19000,15000,4,0,76000,16000,19,0,15,0,0,2028-07-17,716,1,0
2026-08-02,Minggu,SKU015,Minyak Kayu Putih 60ml,Kesehatan,botol,19000,19.37,15300,15000,6,0,91800,1800,15,0,9,36,0,2028-07-17,715,1,0
2026-08-03,Senin,SKU015,Minyak Kayu Putih 60ml,Kesehatan,botol,19000,0.0,19000,15000,4,0,76000,16000,45,36,41,0,0,2028-07-23,720,1,0
2026-08-04,Selasa,SKU015,Minyak Kayu Putih 60ml,Kesehatan,botol,19000,8.0,17500,15000,2,0,35000,5000,41,0,39,0,0,2028-07-23,719,1,0
2026-08-05,Rabu,SKU015,Minyak Kayu Putih 60ml,Kesehatan,botol,19000,0.0,19000,15000,8,0,152000,32000,39,0,31,0,0,2028-07-23,718,1,0
2026-08-06,Kamis,SKU015,Minyak Kayu Putih 60ml,Kesehatan,botol,19000,19.37,15300,15000,3,0,45900,900,31,0,28,0,0,2028-07-23,717,0,0
2026-08-07,Jumat,SKU015,Minyak Kayu Putih 60ml,Kesehatan,botol,19000,0.0,19000,15000,1,0,19000,4000,28,0,27,0,0,2028-07-23,716,0,0
2026-08-08,Sabtu,SKU015,Minyak Kayu Putih 60ml,Kesehatan,botol,19000,0.0,19000,15000,2,0,38000,8000,27,0,25,0,0,2028-07-23,715,0,0
2026-08-09,Minggu,SKU015,Minyak Kayu Putih 60ml,Kesehatan,botol,19000,0.0,19000,15000,2,0,38000,8000,25,0,23,0,0,2028-07-23,714,0,0
2026-08-10,Senin,SKU015,Minyak Kayu Putih 60ml,Kesehatan,botol,19000,0.0,19000,15000,2,0,38000,8000,23,0,21,0,0,2028-07-23,713,0,0
2026-08-11,Selasa,SKU015,Minyak Kayu Putih 60ml,Kesehatan,botol,19000,0.0,19000,15000,7,0,133000,28000,21,0,14,0,0,2028-07-23,712,0,0
2026-08-12,Rabu,SKU015,Minyak Kayu Putih 60ml,Kesehatan,botol,19000,0.0,19000,15000,5,0,95000,20000,14,0,9,36,0,2028-07-23,711,0,0
2026-08-13,Kamis,SKU015,Minyak Kayu Putih 60ml,Kesehatan,botol,19000,0.0,19000,15000,3,0,57000,12000,45,36,42,0,0,2028-08-02,720,0,0
2026-08-14,Jumat,SKU015,Minyak Kayu Putih 60ml,Kesehatan,botol,19000,18.0,15600,15000,7,0,109200,4200,42,0,35,0,0,2028-08-02,719,0,0
2026-08-15,Sabtu,SKU015,Minyak Kayu Putih 60ml,Kesehatan,botol,19000,8.0,17500,15000,11,0,192500,27500,35,0,24,0,0,2028-08-02,718,0,0
2026-08-16,Minggu,SKU015,Minyak Kayu Putih 60ml,Kesehatan,botol,19000,0.0,19000,15000,3,0,57000,12000,24,0,21,0,0,2028-08-02,717,0,0
2026-08-17,Senin,SKU015,Minyak Kayu Putih 60ml,Kesehatan,botol,19000,15.0,16200,15000,4,0,64800,4800,21,0,17,0,0,2028-08-02,716,0,0
